[25Dec2025 17:14:22.336] [main/INFO] [cpw.mods.modlauncher.Launcher/MODLAUNCHER]: ModLauncher running: args [--fml.neoForgeVersion, 21.1.213, --fml.fmlVersion, 4.0.42, --fml.mcVersion, 1.21.1, --fml.neoFormVersion, 20240808.144430, --launchTarget, forgeclient, --username, wasabi, --version, neoforge-21.1.213, --gameDir, /home/wasabi/workspace/Games/Crystal-Launcher/instances/u.aiki/.minecraft, --assetsDir, /home/wasabi/workspace/Games/Crystal-Launcher/assets, --assetIndex, 17, --uuid, de1f4acdd41a3754b0dfccd547d37db8, --accessToken, ❄❄❄❄❄❄❄❄, --clientId, 00000000402b5328, --xuid, 00000000-0000-0000-0000-00000000000A, --userType, msa, --versionType, release]
[25Dec2025 17:14:22.338] [main/INFO] [cpw.mods.modlauncher.Launcher/MODLAUNCHER]: JVM identified as Microsoft OpenJDK 64-Bit Server VM 21.0.2+13-LTS
[25Dec2025 17:14:22.338] [main/INFO] [cpw.mods.modlauncher.Launcher/MODLAUNCHER]: ModLauncher 11.0.5+main.901c6ea8 starting: java version 21.0.2 by Microsoft; OS Linux arch amd64 version 6.18.2-arch2-1
[25Dec2025 17:14:22.440] [main/INFO] [net.neoforged.fml.loading.ImmediateWindowHandler/]: Loading ImmediateWindowProvider fmlearlywindow
[25Dec2025 17:14:22.492] [main/INFO] [EARLYDISPLAY/]: Trying GL version 4.6
[25Dec2025 17:14:22.544] [main/INFO] [EARLYDISPLAY/]: Requested GL version 4.6 got version 4.6
[25Dec2025 17:14:22.579] [main/INFO] [mixin/]: SpongePowered MIXIN Subsystem Version=0.8.7 Source=union:/home/wasabi/workspace/Games/Crystal-Launcher/instances/u.aiki/.minecraft/libraries/net/fabricmc/sponge-mixin/0.15.2+mixin.0.8.7/sponge-mixin-0.15.2+mixin.0.8.7.jar%23103!/ Service=ModLauncher Env=CLIENT
[25Dec2025 17:14:22.662] [pool-2-thread-1/INFO] [EARLYDISPLAY/]: GL info: AMD Radeon RX 9060 XT (radeonsi, gfx1200, LLVM 21.1.6, DRM 3.64, 6.18.2-arch2-1) GL version 4.6 (Core Profile) Mesa 25.3.2-arch1.1, AMD
[25Dec2025 17:14:22.702] [main/INFO] [net.neoforged.fml.loading.moddiscovery.ModDiscoverer/SCAN]: Found mod file "client-1.21.1-20240808.144430-srg.jar" [locator: production client provider +net.neoforged:neoforge:21.1.213:client]
[25Dec2025 17:14:22.710] [main/INFO] [net.neoforged.fml.loading.moddiscovery.ModDiscoverer/SCAN]: Found mod file "neoforge-21.1.213-universal.jar" [locator: PathBasedLocator[name=neoforge, paths=[/home/wasabi/workspace/Games/Crystal-Launcher/instances/u.aiki/.minecraft/libraries/net/neoforged/neoforge/21.1.213/neoforge-21.1.213-universal.jar]], reader: mod manifest]
[25Dec2025 17:14:22.711] [main/INFO] [net.neoforged.fml.loading.moddiscovery.ModDiscoverer/SCAN]: Found library file "~nonexistent" [locator: org.sinytra.connector.locator.ConnectorEarlyLocatorBootstrap@6d64b553]
[25Dec2025 17:14:22.716] [main/INFO] [net.neoforged.fml.loading.moddiscovery.ModDiscoverer/SCAN]: Found mod file "advancedAE-1.6.3-1.21.1.jar" [locator: {mods folder locator at /home/wasabi/workspace/Games/Crystal-Launcher/instances/u.aiki/.minecraft/mods}, reader: mod manifest]
[25Dec2025 17:14:22.718] [main/INFO] [net.neoforged.fml.loading.moddiscovery.ModDiscoverer/SCAN]: Found mod file "ae2ct-1.21.1-1.1.0.jar" [locator: {mods folder locator at /home/wasabi/workspace/Games/Crystal-Launcher/instances/u.aiki/.minecraft/mods}, reader: mod manifest]
[25Dec2025 17:14:22.720] [main/INFO] [net.neoforged.fml.loading.moddiscovery.ModDiscoverer/SCAN]: Found mod file "ae2wtlib-19.2.6.jar" [locator: {mods folder locator at /home/wasabi/workspace/Games/Crystal-Launcher/instances/u.aiki/.minecraft/mods}, reader: mod manifest]
[25Dec2025 17:14:22.722] [main/INFO] [net.neoforged.fml.loading.moddiscovery.ModDiscoverer/SCAN]: Found mod file "antique-atlas-8.0.1.jar" [locator: {mods folder locator at /home/wasabi/workspace/Games/Crystal-Launcher/instances/u.aiki/.minecraft/mods}, reader: mod manifest]
[25Dec2025 17:14:22.723] [main/INFO] [net.neoforged.fml.loading.moddiscovery.ModDiscoverer/SCAN]: Found mod file "applied-mekanistics-1.6.3.jar" [locator: {mods folder locator at /home/wasabi/workspace/Games/Crystal-Launcher/instances/u.aiki/.minecraft/mods}, reader: mod manifest]
[25Dec2025 17:14:22.725] [main/INFO] [net.neoforged.fml.loading.moddiscovery.ModDiscoverer/SCAN]: Found mod file "appliedenergistics2-19.2.17.jar" [locator: {mods folder locator at /home/wasabi/workspace/Games/Crystal-Launcher/instances/u.aiki/.minecraft/mods}, reader: mod manifest]
[25Dec2025 17:14:22.726] [main/INFO] [net.neoforged.fml.loading.moddiscovery.ModDiscoverer/SCAN]: Found mod file "architectury-13.0.8.jar" [locator: {mods folder locator at /home/wasabi/workspace/Games/Crystal-Launcher/instances/u.aiki/.minecraft/mods}, reader: mod manifest]
[25Dec2025 17:14:22.727] [main/INFO] [net.neoforged.fml.loading.moddiscovery.ModDiscoverer/SCAN]: Found mod file "balm-21.0.54.jar" [locator: {mods folder locator at /home/wasabi/workspace/Games/Crystal-Launcher/instances/u.aiki/.minecraft/mods}, reader: mod manifest]
[25Dec2025 17:14:22.728] [main/INFO] [net.neoforged.fml.loading.moddiscovery.ModDiscoverer/SCAN]: Found mod file "beautify-1.21.1-2.0.2.jar" [locator: {mods folder locator at /home/wasabi/workspace/Games/Crystal-Launcher/instances/u.aiki/.minecraft/mods}, reader: mod manifest]
[25Dec2025 17:14:22.729] [main/INFO] [net.neoforged.fml.loading.moddiscovery.ModDiscoverer/SCAN]: Found mod file "buildinggadgets2-1.3.9.jar" [locator: {mods folder locator at /home/wasabi/workspace/Games/Crystal-Launcher/instances/u.aiki/.minecraft/mods}, reader: mod manifest]
[25Dec2025 17:14:22.734] [main/INFO] [net.neoforged.fml.loading.moddiscovery.ModDiscoverer/SCAN]: Found mod file "CBMultipart-3.5.0.151.jar" [locator: {mods folder locator at /home/wasabi/workspace/Games/Crystal-Launcher/instances/u.aiki/.minecraft/mods}, reader: mod manifest]
[25Dec2025 17:14:22.735] [main/INFO] [net.neoforged.fml.loading.moddiscovery.ModDiscoverer/SCAN]: Found mod file "cc-tweaked-1.116.1.jar" [locator: {mods folder locator at /home/wasabi/workspace/Games/Crystal-Launcher/instances/u.aiki/.minecraft/mods}, reader: mod manifest]
[25Dec2025 17:14:22.736] [main/INFO] [net.neoforged.fml.loading.moddiscovery.ModDiscoverer/SCAN]: Found mod file "chalk-1.6.10.jar" [locator: {mods folder locator at /home/wasabi/workspace/Games/Crystal-Launcher/instances/u.aiki/.minecraft/mods}, reader: mod manifest]
[25Dec2025 17:14:22.737] [main/INFO] [net.neoforged.fml.loading.moddiscovery.ModDiscoverer/SCAN]: Found mod file "cloth-config-15.0.140-neoforge.jar" [locator: {mods folder locator at /home/wasabi/workspace/Games/Crystal-Launcher/instances/u.aiki/.minecraft/mods}, reader: mod manifest]
[25Dec2025 17:14:22.743] [main/INFO] [net.neoforged.fml.loading.moddiscovery.ModDiscoverer/SCAN]: Found mod file "codechickenlib-4.6.1.524.jar" [locator: {mods folder locator at /home/wasabi/workspace/Games/Crystal-Launcher/instances/u.aiki/.minecraft/mods}, reader: mod manifest]
[25Dec2025 17:14:22.744] [main/INFO] [net.neoforged.fml.loading.moddiscovery.ModDiscoverer/SCAN]: Found mod file "continuity-3.0.0.jar" [locator: {mods folder locator at /home/wasabi/workspace/Games/Crystal-Launcher/instances/u.aiki/.minecraft/mods}, reader: mod manifest]
[25Dec2025 17:14:22.745] [main/INFO] [net.neoforged.fml.loading.moddiscovery.ModDiscoverer/SCAN]: Found mod file "curios-neoforge-9.5.1-.1.21.1.jar" [locator: {mods folder locator at /home/wasabi/workspace/Games/Crystal-Launcher/instances/u.aiki/.minecraft/mods}, reader: mod manifest]
[25Dec2025 17:14:22.747] [main/INFO] [net.neoforged.fml.loading.moddiscovery.ModDiscoverer/SCAN]: Found mod file "distand-horizons-2.4.2.jar" [locator: {mods folder locator at /home/wasabi/workspace/Games/Crystal-Launcher/instances/u.aiki/.minecraft/mods}, reader: mod manifest]
[25Dec2025 17:14:22.748] [main/INFO] [net.neoforged.fml.loading.moddiscovery.ModDiscoverer/SCAN]: Found mod file "dungeons-and-taverns-4.4.4.jar" [locator: {mods folder locator at /home/wasabi/workspace/Games/Crystal-Launcher/instances/u.aiki/.minecraft/mods}, reader: mod manifest]
[25Dec2025 17:14:22.750] [main/INFO] [net.neoforged.fml.loading.moddiscovery.ModDiscoverer/SCAN]: Found mod file "dynamic-trees-1.21.1-1.5.0.jar" [locator: {mods folder locator at /home/wasabi/workspace/Games/Crystal-Launcher/instances/u.aiki/.minecraft/mods}, reader: mod manifest]
[25Dec2025 17:14:22.751] [main/INFO] [net.neoforged.fml.loading.moddiscovery.ModDiscoverer/SCAN]: Found mod file "dynamic-trees-plus-1.3.0.BETA.jar" [locator: {mods folder locator at /home/wasabi/workspace/Games/Crystal-Launcher/instances/u.aiki/.minecraft/mods}, reader: mod manifest]
[25Dec2025 17:14:22.752] [main/INFO] [net.neoforged.fml.loading.moddiscovery.ModDiscoverer/SCAN]: Found mod file "emi-1.1.22-1.21.1.jar" [locator: {mods folder locator at /home/wasabi/workspace/Games/Crystal-Launcher/instances/u.aiki/.minecraft/mods}, reader: mod manifest]
[25Dec2025 17:14:22.754] [main/INFO] [net.neoforged.fml.loading.moddiscovery.ModDiscoverer/SCAN]: Found mod file "extendedAE-1.21.2-neoforge.jar" [locator: {mods folder locator at /home/wasabi/workspace/Games/Crystal-Launcher/instances/u.aiki/.minecraft/mods}, reader: mod manifest]
[25Dec2025 17:14:22.755] [main/INFO] [net.neoforged.fml.loading.moddiscovery.ModDiscoverer/SCAN]: Found mod file "forgified-fabric-api-0.115.6-2.1.4.jar" [locator: {mods folder locator at /home/wasabi/workspace/Games/Crystal-Launcher/instances/u.aiki/.minecraft/mods}, reader: mod manifest]
[25Dec2025 17:14:22.756] [main/INFO] [net.neoforged.fml.loading.moddiscovery.ModDiscoverer/SCAN]: Found mod file "fusion-1.2.11b-neoforge-mc1.21.jar" [locator: {mods folder locator at /home/wasabi/workspace/Games/Crystal-Launcher/instances/u.aiki/.minecraft/mods}, reader: mod manifest]
[25Dec2025 17:14:22.757] [main/INFO] [net.neoforged.fml.loading.moddiscovery.ModDiscoverer/SCAN]: Found mod file "geckolib-neoforge-1.21.1-4.8.2.jar" [locator: {mods folder locator at /home/wasabi/workspace/Games/Crystal-Launcher/instances/u.aiki/.minecraft/mods}, reader: mod manifest]
[25Dec2025 17:14:22.757] [main/INFO] [net.neoforged.fml.loading.moddiscovery.ModDiscoverer/SCAN]: Found mod file "glitchcore-2.1.0.0.jar" [locator: {mods folder locator at /home/wasabi/workspace/Games/Crystal-Launcher/instances/u.aiki/.minecraft/mods}, reader: mod manifest]
[25Dec2025 17:14:22.758] [main/INFO] [net.neoforged.fml.loading.moddiscovery.ModDiscoverer/SCAN]: Found mod file "glodium-1.21.2-2.2-neoforge.jar" [locator: {mods folder locator at /home/wasabi/workspace/Games/Crystal-Launcher/instances/u.aiki/.minecraft/mods}, reader: mod manifest]
[25Dec2025 17:14:22.758] [main/INFO] [net.neoforged.fml.loading.moddiscovery.ModDiscoverer/SCAN]: Found mod file "gravestone-1.0.35.jar" [locator: {mods folder locator at /home/wasabi/workspace/Games/Crystal-Launcher/instances/u.aiki/.minecraft/mods}, reader: mod manifest]
[25Dec2025 17:14:22.759] [main/INFO] [net.neoforged.fml.loading.moddiscovery.ModDiscoverer/SCAN]: Found mod file "growtheacceleratortiers-1.0.4.jar" [locator: {mods folder locator at /home/wasabi/workspace/Games/Crystal-Launcher/instances/u.aiki/.minecraft/mods}, reader: mod manifest]
[25Dec2025 17:14:22.761] [main/INFO] [net.neoforged.fml.loading.moddiscovery.ModDiscoverer/SCAN]: Found mod file "guideme-21.1.15.jar" [locator: {mods folder locator at /home/wasabi/workspace/Games/Crystal-Launcher/instances/u.aiki/.minecraft/mods}, reader: mod manifest]
[25Dec2025 17:14:22.761] [main/INFO] [net.neoforged.fml.loading.moddiscovery.ModDiscoverer/SCAN]: Found mod file "immersive-energistics-1.1.0-beta.jar" [locator: {mods folder locator at /home/wasabi/workspace/Games/Crystal-Launcher/instances/u.aiki/.minecraft/mods}, reader: mod manifest]
[25Dec2025 17:14:22.764] [main/INFO] [net.neoforged.fml.loading.moddiscovery.ModDiscoverer/SCAN]: Found mod file "immersiveEngineering-1.21.1-12.4.2-194.jar" [locator: {mods folder locator at /home/wasabi/workspace/Games/Crystal-Launcher/instances/u.aiki/.minecraft/mods}, reader: mod manifest]
[25Dec2025 17:14:22.764] [main/INFO] [net.neoforged.fml.loading.moddiscovery.ModDiscoverer/SCAN]: Found mod file "inventorysorter-24.0.24.jar" [locator: {mods folder locator at /home/wasabi/workspace/Games/Crystal-Launcher/instances/u.aiki/.minecraft/mods}, reader: mod manifest]
[25Dec2025 17:14:22.765] [main/INFO] [net.neoforged.fml.loading.moddiscovery.ModDiscoverer/SCAN]: Found mod file "jade-1.21.1-neoforge-15.10.3.jar" [locator: {mods folder locator at /home/wasabi/workspace/Games/Crystal-Launcher/instances/u.aiki/.minecraft/mods}, reader: mod manifest]
[25Dec2025 17:14:22.766] [main/INFO] [net.neoforged.fml.loading.moddiscovery.ModDiscoverer/SCAN]: Found mod file "jeimultiblocks.1.0.6.jar" [locator: {mods folder locator at /home/wasabi/workspace/Games/Crystal-Launcher/instances/u.aiki/.minecraft/mods}, reader: mod manifest]
[25Dec2025 17:14:22.767] [main/INFO] [net.neoforged.fml.loading.moddiscovery.ModDiscoverer/SCAN]: Found mod file "letsdo-beachparty-2.1.2.jar" [locator: {mods folder locator at /home/wasabi/workspace/Games/Crystal-Launcher/instances/u.aiki/.minecraft/mods}, reader: mod manifest]
[25Dec2025 17:14:22.768] [main/INFO] [net.neoforged.fml.loading.moddiscovery.ModDiscoverer/SCAN]: Found mod file "mcw-furniture-3.3.0-mc1.21.1neoforge.jar" [locator: {mods folder locator at /home/wasabi/workspace/Games/Crystal-Launcher/instances/u.aiki/.minecraft/mods}, reader: mod manifest]
[25Dec2025 17:14:22.769] [main/INFO] [net.neoforged.fml.loading.moddiscovery.ModDiscoverer/SCAN]: Found mod file "megacells-4.10.1.jar" [locator: {mods folder locator at /home/wasabi/workspace/Games/Crystal-Launcher/instances/u.aiki/.minecraft/mods}, reader: mod manifest]
[25Dec2025 17:14:22.771] [main/INFO] [net.neoforged.fml.loading.moddiscovery.ModDiscoverer/SCAN]: Found mod file "mekanism-1.21.1-10.7.17.83.jar" [locator: {mods folder locator at /home/wasabi/workspace/Games/Crystal-Launcher/instances/u.aiki/.minecraft/mods}, reader: mod manifest]
[25Dec2025 17:14:22.772] [main/INFO] [net.neoforged.fml.loading.moddiscovery.ModDiscoverer/SCAN]: Found mod file "mekanismcovers-1.3-beta.jar" [locator: {mods folder locator at /home/wasabi/workspace/Games/Crystal-Launcher/instances/u.aiki/.minecraft/mods}, reader: mod manifest]
[25Dec2025 17:14:22.772] [main/INFO] [net.neoforged.fml.loading.moddiscovery.ModDiscoverer/SCAN]: Found mod file "mkeanismgenerators-10.7.17.83.jar" [locator: {mods folder locator at /home/wasabi/workspace/Games/Crystal-Launcher/instances/u.aiki/.minecraft/mods}, reader: mod manifest]
[25Dec2025 17:14:22.773] [main/INFO] [net.neoforged.fml.loading.moddiscovery.ModDiscoverer/SCAN]: Found mod file "moderndeco-3.7.0.jar" [locator: {mods folder locator at /home/wasabi/workspace/Games/Crystal-Launcher/instances/u.aiki/.minecraft/mods}, reader: mod manifest]
[25Dec2025 17:14:22.774] [main/INFO] [net.neoforged.fml.loading.moddiscovery.ModDiscoverer/SCAN]: Found mod file "morechestvariants-1.5.13.jar" [locator: {mods folder locator at /home/wasabi/workspace/Games/Crystal-Launcher/instances/u.aiki/.minecraft/mods}, reader: mod manifest]
[25Dec2025 17:14:22.776] [main/INFO] [net.neoforged.fml.loading.moddiscovery.ModDiscoverer/SCAN]: Found mod file "mythrais-4.0.0.jar" [locator: {mods folder locator at /home/wasabi/workspace/Games/Crystal-Launcher/instances/u.aiki/.minecraft/mods}, reader: mod manifest]
[25Dec2025 17:14:22.776] [main/INFO] [net.neoforged.fml.loading.moddiscovery.ModDiscoverer/SCAN]: Found mod file "polyeng-0.4.1.jar" [locator: {mods folder locator at /home/wasabi/workspace/Games/Crystal-Launcher/instances/u.aiki/.minecraft/mods}, reader: mod manifest]
[25Dec2025 17:14:22.777] [main/INFO] [net.neoforged.fml.loading.moddiscovery.ModDiscoverer/SCAN]: Found mod file "polymorph-neoforge-1.1.0-1.21.1.jar" [locator: {mods folder locator at /home/wasabi/workspace/Games/Crystal-Launcher/instances/u.aiki/.minecraft/mods}, reader: mod manifest]
[25Dec2025 17:14:22.778] [main/INFO] [net.neoforged.fml.loading.moddiscovery.ModDiscoverer/SCAN]: Found mod file "ProjectRed-core-4.22.0.jar" [locator: {mods folder locator at /home/wasabi/workspace/Games/Crystal-Launcher/instances/u.aiki/.minecraft/mods}, reader: mod manifest]
[25Dec2025 17:14:22.778] [main/INFO] [net.neoforged.fml.loading.moddiscovery.ModDiscoverer/SCAN]: Found mod file "ProjectRed-expansion-4.22.0.jar" [locator: {mods folder locator at /home/wasabi/workspace/Games/Crystal-Launcher/instances/u.aiki/.minecraft/mods}, reader: mod manifest]
[25Dec2025 17:14:22.779] [main/INFO] [net.neoforged.fml.loading.moddiscovery.ModDiscoverer/SCAN]: Found mod file "ProjectRed-exploration-4.22.0.jar" [locator: {mods folder locator at /home/wasabi/workspace/Games/Crystal-Launcher/instances/u.aiki/.minecraft/mods}, reader: mod manifest]
[25Dec2025 17:14:22.780] [main/INFO] [net.neoforged.fml.loading.moddiscovery.ModDiscoverer/SCAN]: Found mod file "ProjectRed-fabrication-4.22.0.jar" [locator: {mods folder locator at /home/wasabi/workspace/Games/Crystal-Launcher/instances/u.aiki/.minecraft/mods}, reader: mod manifest]
[25Dec2025 17:14:22.780] [main/INFO] [net.neoforged.fml.loading.moddiscovery.ModDiscoverer/SCAN]: Found mod file "ProjectRed-illumination-4.22.0.jar" [locator: {mods folder locator at /home/wasabi/workspace/Games/Crystal-Launcher/instances/u.aiki/.minecraft/mods}, reader: mod manifest]
[25Dec2025 17:14:22.781] [main/INFO] [net.neoforged.fml.loading.moddiscovery.ModDiscoverer/SCAN]: Found mod file "ProjectRed-integration-4.22.0.jar" [locator: {mods folder locator at /home/wasabi/workspace/Games/Crystal-Launcher/instances/u.aiki/.minecraft/mods}, reader: mod manifest]
[25Dec2025 17:14:22.782] [main/INFO] [net.neoforged.fml.loading.moddiscovery.ModDiscoverer/SCAN]: Found mod file "ProjectRed-transmission.4.22.0.jar" [locator: {mods folder locator at /home/wasabi/workspace/Games/Crystal-Launcher/instances/u.aiki/.minecraft/mods}, reader: mod manifest]
[25Dec2025 17:14:22.782] [main/INFO] [net.neoforged.fml.loading.moddiscovery.ModDiscoverer/SCAN]: Found mod file "quad-1.2.9.jar" [locator: {mods folder locator at /home/wasabi/workspace/Games/Crystal-Launcher/instances/u.aiki/.minecraft/mods}, reader: mod manifest]
[25Dec2025 17:14:22.784] [main/INFO] [net.neoforged.fml.loading.moddiscovery.ModDiscoverer/SCAN]: Found mod file "rechiseled-1.1.6a-neoforge-mc1.21.jar" [locator: {mods folder locator at /home/wasabi/workspace/Games/Crystal-Launcher/instances/u.aiki/.minecraft/mods}, reader: mod manifest]
[25Dec2025 17:14:22.784] [main/INFO] [net.neoforged.fml.loading.moddiscovery.ModDiscoverer/SCAN]: Found mod file "rechiseledae2-1.0.0.jar" [locator: {mods folder locator at /home/wasabi/workspace/Games/Crystal-Launcher/instances/u.aiki/.minecraft/mods}, reader: mod manifest]
[25Dec2025 17:14:22.785] [main/INFO] [net.neoforged.fml.loading.moddiscovery.ModDiscoverer/SCAN]: Found mod file "reddensstonelantern-1.0.4.jar" [locator: {mods folder locator at /home/wasabi/workspace/Games/Crystal-Launcher/instances/u.aiki/.minecraft/mods}, reader: mod manifest]
[25Dec2025 17:14:22.785] [main/INFO] [net.neoforged.fml.loading.moddiscovery.ModDiscoverer/SCAN]: Found mod file "resourecefulconfig-1.21-3.0.11.jar" [locator: {mods folder locator at /home/wasabi/workspace/Games/Crystal-Launcher/instances/u.aiki/.minecraft/mods}, reader: mod manifest]
[25Dec2025 17:14:22.786] [main/INFO] [net.neoforged.fml.loading.moddiscovery.ModDiscoverer/SCAN]: Found mod file "serene-seasons-10.1.0.3.jar" [locator: {mods folder locator at /home/wasabi/workspace/Games/Crystal-Launcher/instances/u.aiki/.minecraft/mods}, reader: mod manifest]
[25Dec2025 17:14:22.786] [main/INFO] [net.neoforged.fml.loading.moddiscovery.ModDiscoverer/SCAN]: Found mod file "shutter-2.1.6.jar" [locator: {mods folder locator at /home/wasabi/workspace/Games/Crystal-Launcher/instances/u.aiki/.minecraft/mods}, reader: mod manifest]
[25Dec2025 17:14:22.787] [main/INFO] [net.neoforged.fml.loading.moddiscovery.ModDiscoverer/SCAN]: Found mod file "sohisticatedcore-1.21.1-1.3.87.1229.jar" [locator: {mods folder locator at /home/wasabi/workspace/Games/Crystal-Launcher/instances/u.aiki/.minecraft/mods}, reader: mod manifest]
[25Dec2025 17:14:22.788] [main/INFO] [net.neoforged.fml.loading.moddiscovery.ModDiscoverer/SCAN]: Found mod file "sophisticatedbackpacks-1.21.1-3.25.12.1403.jar" [locator: {mods folder locator at /home/wasabi/workspace/Games/Crystal-Launcher/instances/u.aiki/.minecraft/mods}, reader: mod manifest]
[25Dec2025 17:14:22.789] [main/INFO] [net.neoforged.fml.loading.moddiscovery.ModDiscoverer/SCAN]: Found mod file "storagedrawers-1.13.11.4.jar" [locator: {mods folder locator at /home/wasabi/workspace/Games/Crystal-Launcher/instances/u.aiki/.minecraft/mods}, reader: mod manifest]
[25Dec2025 17:14:22.789] [main/INFO] [net.neoforged.fml.loading.moddiscovery.ModDiscoverer/SCAN]: Found mod file "supermartijn642configlib-1.1.8-neoforge-mc1.21.jar" [locator: {mods folder locator at /home/wasabi/workspace/Games/Crystal-Launcher/instances/u.aiki/.minecraft/mods}, reader: mod manifest]
[25Dec2025 17:14:22.790] [main/INFO] [net.neoforged.fml.loading.moddiscovery.ModDiscoverer/SCAN]: Found mod file "supermartijn642corelib-1.1.18a-neoforge-mc1.21.jar" [locator: {mods folder locator at /home/wasabi/workspace/Games/Crystal-Launcher/instances/u.aiki/.minecraft/mods}, reader: mod manifest]
[25Dec2025 17:14:22.791] [main/INFO] [net.neoforged.fml.loading.moddiscovery.ModDiscoverer/SCAN]: Found mod file "unionlib-12.0.18.jar" [locator: {mods folder locator at /home/wasabi/workspace/Games/Crystal-Launcher/instances/u.aiki/.minecraft/mods}, reader: mod manifest]
[25Dec2025 17:14:22.792] [main/INFO] [net.neoforged.fml.loading.moddiscovery.ModDiscoverer/SCAN]: Found mod file "waystones-neoforge-21.1.23.jar" [locator: {mods folder locator at /home/wasabi/workspace/Games/Crystal-Launcher/instances/u.aiki/.minecraft/mods}, reader: mod manifest]
[25Dec2025 17:14:22.964] [main/WARN] [net.neoforged.jarjar.selection.JarSelector/]: Attempted to select a dependency jar for JarJar which was passed in as source: library:net.fabricmc.loader. Using Mod File: /~nonexistent
[25Dec2025 17:14:22.964] [main/INFO] [net.neoforged.fml.loading.moddiscovery.locators.JarInJarDependencyLocator/]: Found 55 dependencies adding them to mods collection
[25Dec2025 17:14:22.964] [main/INFO] [net.neoforged.fml.loading.moddiscovery.ModDiscoverer/SCAN]: Found mod file "fabric-transfer-api-v1-5.4.2+a25cb45619.jar" [parent: forgified-fabric-api-0.115.6-2.1.4.jar, locator: jarinjar, reader: mod manifest]
[25Dec2025 17:14:22.964] [main/INFO] [net.neoforged.fml.loading.moddiscovery.ModDiscoverer/SCAN]: Found gamelibrary file "Quack-0.4.10.105.jar" [parent: codechickenlib-4.6.1.524.jar, locator: jarinjar, reader: mod manifest]
[25Dec2025 17:14:22.964] [main/INFO] [net.neoforged.fml.loading.moddiscovery.ModDiscoverer/SCAN]: Found mod file "kuma-api-neoforge-21.0.7+1.21.jar" [parent: balm-21.0.54.jar, locator: jarinjar, reader: mod manifest]
[25Dec2025 17:14:22.964] [main/INFO] [net.neoforged.fml.loading.moddiscovery.ModDiscoverer/SCAN]: Found mod file "fabric-renderer-api-v1-3.4.0+9c40919e19.jar" [parent: forgified-fabric-api-0.115.6-2.1.4.jar, locator: jarinjar, reader: mod manifest]
[25Dec2025 17:14:22.964] [main/INFO] [net.neoforged.fml.loading.moddiscovery.ModDiscoverer/SCAN]: Found library file "BlockModelSplitter-2.0.1.jar" [parent: immersiveEngineering-1.21.1-12.4.2-194.jar, locator: jarinjar, reader: mod manifest]
[25Dec2025 17:14:22.964] [main/INFO] [net.neoforged.fml.loading.moddiscovery.ModDiscoverer/SCAN]: Found mod file "de.mari_023.ae2wtlib_api-19.2.6.jar" [parent: ae2wtlib-19.2.6.jar, locator: jarinjar, reader: mod manifest]
[25Dec2025 17:14:22.964] [main/INFO] [net.neoforged.fml.loading.moddiscovery.ModDiscoverer/SCAN]: Found mod file "fabric-item-api-v1-11.1.1+57cdfa8219.jar" [parent: forgified-fabric-api-0.115.6-2.1.4.jar, locator: jarinjar, reader: mod manifest]
[25Dec2025 17:14:22.964] [main/INFO] [net.neoforged.fml.loading.moddiscovery.ModDiscoverer/SCAN]: Found library file "net.neoforged.neoforge-coremods-21.1.213.jar" [parent: neoforge-21.1.213-universal.jar, locator: jarinjar, reader: mod manifest]
[25Dec2025 17:14:22.964] [main/INFO] [net.neoforged.fml.loading.moddiscovery.ModDiscoverer/SCAN]: Found mod file "fabric-model-loading-api-v1-2.0.0+986ae77219.jar" [parent: forgified-fabric-api-0.115.6-2.1.4.jar, locator: jarinjar, reader: mod manifest]
[25Dec2025 17:14:22.964] [main/INFO] [net.neoforged.fml.loading.moddiscovery.ModDiscoverer/SCAN]: Found mod file "fabric-rendering-fluids-v1-3.1.6+857185bc19.jar" [parent: forgified-fabric-api-0.115.6-2.1.4.jar, locator: jarinjar, reader: mod manifest]
[25Dec2025 17:14:22.964] [main/INFO] [net.neoforged.fml.loading.moddiscovery.ModDiscoverer/SCAN]: Found mod file "fabric-screen-handler-api-v1-1.3.88+8dbc56dd19.jar" [parent: forgified-fabric-api-0.115.6-2.1.4.jar, locator: jarinjar, reader: mod manifest]
[25Dec2025 17:14:22.964] [main/INFO] [net.neoforged.fml.loading.moddiscovery.ModDiscoverer/SCAN]: Found mod file "fabric-resource-loader-v0-1.3.1+4ea8954419.jar" [parent: forgified-fabric-api-0.115.6-2.1.4.jar, locator: jarinjar, reader: mod manifest]
[25Dec2025 17:14:22.964] [main/INFO] [net.neoforged.fml.loading.moddiscovery.ModDiscoverer/SCAN]: Found library file "cobalt-0.9.6.jar" [parent: cc-tweaked-1.116.1.jar, locator: jarinjar]
[25Dec2025 17:14:22.964] [main/INFO] [net.neoforged.fml.loading.moddiscovery.ModDiscoverer/SCAN]: Found mod file "fabric-rendering-v1-5.0.5+c290471319.jar" [parent: forgified-fabric-api-0.115.6-2.1.4.jar, locator: jarinjar, reader: mod manifest]
[25Dec2025 17:14:22.964] [main/INFO] [net.neoforged.fml.loading.moddiscovery.ModDiscoverer/SCAN]: Found mod file "fabric-renderer-indigo-1.7.0+4198af7119.jar" [parent: forgified-fabric-api-0.115.6-2.1.4.jar, locator: jarinjar, reader: mod manifest]
[25Dec2025 17:14:22.964] [main/INFO] [net.neoforged.fml.loading.moddiscovery.ModDiscoverer/SCAN]: Found mod file "fabric-convention-tags-v1-2.1.4+7f945d5b19.jar" [parent: forgified-fabric-api-0.115.6-2.1.4.jar, locator: jarinjar, reader: mod manifest]
[25Dec2025 17:14:22.964] [main/INFO] [net.neoforged.fml.loading.moddiscovery.ModDiscoverer/SCAN]: Found mod file "fabric-block-view-api-v2-1.0.11+e9036fd419.jar" [parent: forgified-fabric-api-0.115.6-2.1.4.jar, locator: jarinjar, reader: mod manifest]
[25Dec2025 17:14:22.964] [main/INFO] [net.neoforged.fml.loading.moddiscovery.ModDiscoverer/SCAN]: Found mod file "fabric-command-api-v2-2.2.28+36d727be19.jar" [parent: forgified-fabric-api-0.115.6-2.1.4.jar, locator: jarinjar, reader: mod manifest]
[25Dec2025 17:14:22.964] [main/INFO] [net.neoforged.fml.loading.moddiscovery.ModDiscoverer/SCAN]: Found mod file "fabric-convention-tags-v2-2.11.0+87e5848019.jar" [parent: forgified-fabric-api-0.115.6-2.1.4.jar, locator: jarinjar, reader: mod manifest]
[25Dec2025 17:14:22.964] [main/INFO] [net.neoforged.fml.loading.moddiscovery.ModDiscoverer/SCAN]: Found mod file "fabric-data-attachment-api-v1-1.4.3+c290471319.jar" [parent: forgified-fabric-api-0.115.6-2.1.4.jar, locator: jarinjar, reader: mod manifest]
[25Dec2025 17:14:22.964] [main/INFO] [net.neoforged.fml.loading.moddiscovery.ModDiscoverer/SCAN]: Found library file "tomlj-1.1.1.jar" [parent: unionlib-12.0.18.jar, locator: jarinjar]
[25Dec2025 17:14:22.964] [main/INFO] [net.neoforged.fml.loading.moddiscovery.ModDiscoverer/SCAN]: Found mod file "fabric-screen-api-v1-2.0.25+4228281319.jar" [parent: forgified-fabric-api-0.115.6-2.1.4.jar, locator: jarinjar, reader: mod manifest]
[25Dec2025 17:14:22.964] [main/INFO] [net.neoforged.fml.loading.moddiscovery.ModDiscoverer/SCAN]: Found gamelibrary file "DualCodecs-0.1.2.jar" [parent: immersiveEngineering-1.21.1-12.4.2-194.jar, locator: jarinjar, reader: mod manifest]
[25Dec2025 17:14:22.964] [main/INFO] [net.neoforged.fml.loading.moddiscovery.ModDiscoverer/SCAN]: Found mod file "fabric-particles-v1-4.0.2+824f924c19.jar" [parent: forgified-fabric-api-0.115.6-2.1.4.jar, locator: jarinjar, reader: mod manifest]
[25Dec2025 17:14:22.964] [main/INFO] [net.neoforged.fml.loading.moddiscovery.ModDiscoverer/SCAN]: Found mod file "fabric-content-registries-v0-8.0.18+c290471319.jar" [parent: forgified-fabric-api-0.115.6-2.1.4.jar, locator: jarinjar, reader: mod manifest]
[25Dec2025 17:14:22.964] [main/INFO] [net.neoforged.fml.loading.moddiscovery.ModDiscoverer/SCAN]: Found mod file "fabric-transitive-access-wideners-v1-6.2.0+6c854b6f19.jar" [parent: forgified-fabric-api-0.115.6-2.1.4.jar, locator: jarinjar, reader: mod manifest]
[25Dec2025 17:14:22.964] [main/INFO] [net.neoforged.fml.loading.moddiscovery.ModDiscoverer/SCAN]: Found gamelibrary file "mixinextras-neoforge-0.5.0.jar" [parent: neoforge-21.1.213-universal.jar, locator: jarinjar, reader: mod manifest]
[25Dec2025 17:14:22.964] [main/INFO] [net.neoforged.fml.loading.moddiscovery.ModDiscoverer/SCAN]: Found mod file "fabric-game-rule-api-v1-1.0.53+36d727be19.jar" [parent: forgified-fabric-api-0.115.6-2.1.4.jar, locator: jarinjar, reader: mod manifest]
[25Dec2025 17:14:22.964] [main/INFO] [net.neoforged.fml.loading.moddiscovery.ModDiscoverer/SCAN]: Found library file "jzlib-1.1.3.jar" [parent: cc-tweaked-1.116.1.jar, locator: jarinjar]
[25Dec2025 17:14:22.964] [main/INFO] [net.neoforged.fml.loading.moddiscovery.ModDiscoverer/SCAN]: Found mod file "fabric-api-base-0.4.42+d1308ded19.jar" [parent: forgified-fabric-api-0.115.6-2.1.4.jar, locator: jarinjar, reader: mod manifest]
[25Dec2025 17:14:22.964] [main/INFO] [net.neoforged.fml.loading.moddiscovery.ModDiscoverer/SCAN]: Found mod file "fabric-api-lookup-api-v1-1.6.70+c290471319.jar" [parent: forgified-fabric-api-0.115.6-2.1.4.jar, locator: jarinjar, reader: mod manifest]
[25Dec2025 17:14:22.964] [main/INFO] [net.neoforged.fml.loading.moddiscovery.ModDiscoverer/SCAN]: Found mod file "fabric-blockrenderlayer-v1-1.1.52+c290471319.jar" [parent: forgified-fabric-api-0.115.6-2.1.4.jar, locator: jarinjar, reader: mod manifest]
[25Dec2025 17:14:22.964] [main/INFO] [net.neoforged.fml.loading.moddiscovery.ModDiscoverer/SCAN]: Found mod file "fabric-block-api-v1-1.0.22+a6e994cd19.jar" [parent: forgified-fabric-api-0.115.6-2.1.4.jar, locator: jarinjar, reader: mod manifest]
[25Dec2025 17:14:22.964] [main/INFO] [net.neoforged.fml.loading.moddiscovery.ModDiscoverer/SCAN]: Found mod file "fabric-resource-conditions-api-v1-4.3.0+5bdd099819.jar" [parent: forgified-fabric-api-0.115.6-2.1.4.jar, locator: jarinjar, reader: mod manifest]
[25Dec2025 17:14:22.964] [main/INFO] [net.neoforged.fml.loading.moddiscovery.ModDiscoverer/SCAN]: Found mod file "fabric-item-group-api-v1-4.1.7+e324903319.jar" [parent: forgified-fabric-api-0.115.6-2.1.4.jar, locator: jarinjar, reader: mod manifest]
[25Dec2025 17:14:22.964] [main/INFO] [net.neoforged.fml.loading.moddiscovery.ModDiscoverer/SCAN]: Found mod file "fabric-gametest-api-v1-2.0.5+29f188ce19.jar" [parent: forgified-fabric-api-0.115.6-2.1.4.jar, locator: jarinjar, reader: mod manifest]
[25Dec2025 17:14:22.964] [main/INFO] [net.neoforged.fml.loading.moddiscovery.ModDiscoverer/SCAN]: Found mod file "fabric-biome-api-v1-13.0.31+1e62d33c19.jar" [parent: forgified-fabric-api-0.115.6-2.1.4.jar, locator: jarinjar, reader: mod manifest]
[25Dec2025 17:14:22.964] [main/INFO] [net.neoforged.fml.loading.moddiscovery.ModDiscoverer/SCAN]: Found mod file "fabric-entity-events-v1-1.7.0+1af6e62419.jar" [parent: forgified-fabric-api-0.115.6-2.1.4.jar, locator: jarinjar, reader: mod manifest]
[25Dec2025 17:14:22.964] [main/INFO] [net.neoforged.fml.loading.moddiscovery.ModDiscoverer/SCAN]: Found gamelibrary file "TraitMixinCompiler-3.0.0.21.jar" [parent: CBMultipart-3.5.0.151.jar, locator: jarinjar, reader: mod manifest]
[25Dec2025 17:14:22.964] [main/INFO] [net.neoforged.fml.loading.moddiscovery.ModDiscoverer/SCAN]: Found mod file "fabric-registry-sync-v0-5.2.0+867470b919.jar" [parent: forgified-fabric-api-0.115.6-2.1.4.jar, locator: jarinjar, reader: mod manifest]
[25Dec2025 17:14:22.964] [main/INFO] [net.neoforged.fml.loading.moddiscovery.ModDiscoverer/SCAN]: Found mod file "ae2addonlib-1.0.2.jar" [parent: advancedAE-1.6.3-1.21.1.jar, locator: jarinjar, reader: mod manifest]
[25Dec2025 17:14:22.964] [main/INFO] [net.neoforged.fml.loading.moddiscovery.ModDiscoverer/SCAN]: Found mod file "fabric-recipe-api-v1-5.0.14+59440bcc19.jar" [parent: forgified-fabric-api-0.115.6-2.1.4.jar, locator: jarinjar, reader: mod manifest]
[25Dec2025 17:14:22.964] [main/INFO] [net.neoforged.fml.loading.moddiscovery.ModDiscoverer/SCAN]: Found mod file "fabric-object-builder-api-v1-15.2.1+cc242efd19.jar" [parent: forgified-fabric-api-0.115.6-2.1.4.jar, locator: jarinjar, reader: mod manifest]
[25Dec2025 17:14:22.964] [main/INFO] [net.neoforged.fml.loading.moddiscovery.ModDiscoverer/SCAN]: Found mod file "fabric-loot-api-v2-3.0.15+a3ee712d19.jar" [parent: forgified-fabric-api-0.115.6-2.1.4.jar, locator: jarinjar, reader: mod manifest]
[25Dec2025 17:14:22.964] [main/INFO] [net.neoforged.fml.loading.moddiscovery.ModDiscoverer/SCAN]: Found mod file "fabric-loot-api-v3-1.0.3+333dfad919.jar" [parent: forgified-fabric-api-0.115.6-2.1.4.jar, locator: jarinjar, reader: mod manifest]
[25Dec2025 17:14:22.964] [main/INFO] [net.neoforged.fml.loading.moddiscovery.ModDiscoverer/SCAN]: Found mod file "fabric-rendering-data-attachment-v1-0.3.49+73761d2e19.jar" [parent: forgified-fabric-api-0.115.6-2.1.4.jar, locator: jarinjar, reader: mod manifest]
[25Dec2025 17:14:22.964] [main/INFO] [net.neoforged.fml.loading.moddiscovery.ModDiscoverer/SCAN]: Found mod file "fabric-networking-api-v1-4.3.0+30a980d919.jar" [parent: forgified-fabric-api-0.115.6-2.1.4.jar, locator: jarinjar, reader: mod manifest]
[25Dec2025 17:14:22.964] [main/INFO] [net.neoforged.fml.loading.moddiscovery.ModDiscoverer/SCAN]: Found mod file "fabric-sound-api-v1-1.0.23+10b84f8419.jar" [parent: forgified-fabric-api-0.115.6-2.1.4.jar, locator: jarinjar, reader: mod manifest]
[25Dec2025 17:14:22.964] [main/INFO] [net.neoforged.fml.loading.moddiscovery.ModDiscoverer/SCAN]: Found gamelibrary file "ChickenASM-4.0.0.18.jar" [parent: CBMultipart-3.5.0.151.jar, locator: jarinjar, reader: mod manifest]
[25Dec2025 17:14:22.964] [main/INFO] [net.neoforged.fml.loading.moddiscovery.ModDiscoverer/SCAN]: Found mod file "fabric-message-api-v1-6.0.13+e053909619.jar" [parent: forgified-fabric-api-0.115.6-2.1.4.jar, locator: jarinjar, reader: mod manifest]
[25Dec2025 17:14:22.964] [main/INFO] [net.neoforged.fml.loading.moddiscovery.ModDiscoverer/SCAN]: Found mod file "fabric-lifecycle-events-v1-2.5.0+a2ee258a19.jar" [parent: forgified-fabric-api-0.115.6-2.1.4.jar, locator: jarinjar, reader: mod manifest]
[25Dec2025 17:14:22.964] [main/INFO] [net.neoforged.fml.loading.moddiscovery.ModDiscoverer/SCAN]: Found mod file "fabric-data-generation-api-v1-20.2.28+2d91a6db19.jar" [parent: forgified-fabric-api-0.115.6-2.1.4.jar, locator: jarinjar, reader: mod manifest]
[25Dec2025 17:14:22.964] [main/INFO] [net.neoforged.fml.loading.moddiscovery.ModDiscoverer/SCAN]: Found mod file "fabric-events-interaction-v0-0.7.13+7b71cc1619.jar" [parent: forgified-fabric-api-0.115.6-2.1.4.jar, locator: jarinjar, reader: mod manifest]
[25Dec2025 17:14:22.964] [main/INFO] [net.neoforged.fml.loading.moddiscovery.ModDiscoverer/SCAN]: Found mod file "fabric-key-binding-api-v1-1.0.47+62cc7ce119.jar" [parent: forgified-fabric-api-0.115.6-2.1.4.jar, locator: jarinjar, reader: mod manifest]
[25Dec2025 17:14:22.964] [main/INFO] [net.neoforged.fml.loading.moddiscovery.ModDiscoverer/SCAN]: Found mod file "fabric-client-tags-api-v1-1.1.15+e053909619.jar" [parent: forgified-fabric-api-0.115.6-2.1.4.jar, locator: jarinjar, reader: mod manifest]
[25Dec2025 17:14:23.104] [main/INFO] [org.sinytra.connector.locator.DependencyResolver/]: Dependency resolution found 1 candidates to load
[25Dec2025 17:14:23.200] [main/INFO] [net.neoforged.fml.loading.moddiscovery.ModDiscoverer/SCAN]: Found mod file "continuity-3.0.0_mapped_moj_1.21.1.jar" [locator: org.sinytra.connector.locator.ConnectorLocator@17ca8b92]
[25Dec2025 17:14:23.208] [main/INFO] [net.neoforged.fml.loading.moddiscovery.locators.JarInJarDependencyLocator/]: Found 2 dependencies adding them to mods collection
[25Dec2025 17:14:23.208] [main/INFO] [net.neoforged.fml.loading.moddiscovery.ModDiscoverer/SCAN]: Found mod file "org.sinytra.connector-2.0.0-beta.11+1.21.1-mod.jar" [parent: , locator: org.sinytra.connector.locator.ConnectorLocator@17ca8b92, reader: mod manifest]
[25Dec2025 17:14:23.208] [main/INFO] [net.neoforged.fml.loading.moddiscovery.ModDiscoverer/SCAN]: Found gamelibrary file "runtime-1.0.0+1.21.1.jar" [parent: , locator: org.sinytra.connector.locator.ConnectorLocator@17ca8b92, reader: mod manifest]
[25Dec2025 17:14:23.209] [main/INFO] [net.neoforged.fml.loading.moddiscovery.ModDiscoverer/]: 
     Mod List:
		Name Version (Mod Id)

		[Let's Do] Beachparty 2.1.2 (beachparty)
		Advanced AE 1.6.3-1.21.1 (advanced_ae)
		AE2:Crafting Tree 1.21.1-1.1.0 (ae2ct)
		AE2AddonLib 1.0.2 (ae2addonlib)
		AE2WTLib 19.2.6 (ae2wtlib)
		AE2WTLib API 19.2.6 (ae2wtlib_api)
		Antique Atlas 8.0.1 (antiqueatlas)
		Applied Energistics 2 19.2.17 (ae2)
		Applied Mekanistics 1.6.3 (appmek)
		Architectury 13.0.8 (architectury)
		Balm 21.0.54 (balm)
		Beautify 2.0.2 (beautify)
		Building Gadgets 2 1.3.9 (buildinggadgets2)
		CBMultipart 3.5.0.151 (cb_multipart)
		CC: Tweaked 1.116.1 (computercraft)
		Chalk 1.6.10 (chalk)
		Cloth Config v15 API 15.0.140 (cloth_config)
		CodeChicken Lib 4.6.1.524 (codechickenlib)
		Continuity 3.0.01.21.neoforge (continuity)
		Curios API 9.5.1+1.21.1 (curios)
		Distant Horizons 2.4.2-b (distanthorizons)
		Dungeons and Taverns 1-v4.4.4 (mr_dungeons_andtaverns)
		Dynamic Trees 1.5.0-BETA07 (dynamictrees)
		DynamicTreesPlus 1.3.0-BETA02 (dynamictreesplus)
		EMI 1.1.22+1.21.1+neoforge (emi)
		ExtendedAE 1.21-2.2.24-neoforge (extendedae)
		Forgified Fabric API 0.115.6+2.1.4+1.21.1 (fabric_api)
		Forgified Fabric API Base 0.4.42+d1308ded19 (fabric_api_base)
		Forgified Fabric API Lookup API (v1) 1.6.70+c290471319 (fabric_api_lookup_api_v1)
		Forgified Fabric Biome API (v1) 13.0.31+1e62d33c19 (fabric_biome_api_v1)
		Forgified Fabric Block API (v1) 1.0.22+a6e994cd19 (fabric_block_api_v1)
		Forgified Fabric BlockRenderLayer Registration (v1) 1.1.52+c290471319 (fabric_blockrenderlayer_v1)
		Forgified Fabric BlockView API (v2) 1.0.11+e9036fd419 (fabric_block_view_api_v2)
		Forgified Fabric Client Tags 1.1.15+e053909619 (fabric_client_tags_api_v1)
		Forgified Fabric Command API (v2) 2.2.28+36d727be19 (fabric_command_api_v2)
		Forgified Fabric Content Registries (v0) 8.0.18+c290471319 (fabric_content_registries_v0)
		Forgified Fabric Convention Tags 2.1.4+7f945d5b19 (fabric_convention_tags_v1)
		Forgified Fabric Convention Tags (v2) 2.11.0+87e5848019 (fabric_convention_tags_v2)
		Forgified Fabric Data Attachment API (v1) 1.4.3+c290471319 (fabric_data_attachment_api_v1)
		Forgified Fabric Data Generation API (v1) 20.2.28+2d91a6db19 (fabric_data_generation_api_v1)
		Forgified Fabric Entity Events (v1) 1.7.0+1af6e62419 (fabric_entity_events_v1)
		Forgified Fabric Events Interaction (v0) 0.7.13+7b71cc1619 (fabric_events_interaction_v0)
		Forgified Fabric Game Rule API (v1) 1.0.53+36d727be19 (fabric_game_rule_api_v1)
		Forgified Fabric Game Test API (v1) 2.0.5+29f188ce19 (fabric_gametest_api_v1)
		Forgified Fabric Item API (v1) 11.1.1+57cdfa8219 (fabric_item_api_v1)
		Forgified Fabric Item Group API (v1) 4.1.7+e324903319 (fabric_item_group_api_v1)
		Forgified Fabric Key Binding API (v1) 1.0.47+62cc7ce119 (fabric_key_binding_api_v1)
		Forgified Fabric Lifecycle Events (v1) 2.5.0+a2ee258a19 (fabric_lifecycle_events_v1)
		Forgified Fabric Loot API (v2) 3.0.15+a3ee712d19 (fabric_loot_api_v2)
		Forgified Fabric Loot API (v3) 1.0.3+333dfad919 (fabric_loot_api_v3)
		Forgified Fabric Message API (v1) 6.0.13+e053909619 (fabric_message_api_v1)
		Forgified Fabric Model Loading API (v1) 2.0.0+986ae77219 (fabric_model_loading_api_v1)
		Forgified Fabric Networking API (v1) 4.3.0+30a980d919 (fabric_networking_api_v1)
		Forgified Fabric Object Builder API (v1) 15.2.1+cc242efd19 (fabric_object_builder_api_v1)
		Forgified Fabric Particles (v1) 4.0.2+824f924c19 (fabric_particles_v1)
		Forgified Fabric Recipe API (v1) 5.0.14+59440bcc19 (fabric_recipe_api_v1)
		Forgified Fabric Registry Sync (v0) 5.2.0+867470b919 (fabric_registry_sync_v0)
		Forgified Fabric Renderer - Indigo 1.7.0+4198af7119 (fabric_renderer_indigo)
		Forgified Fabric Renderer API (v1) 3.4.0+9c40919e19 (fabric_renderer_api_v1)
		Forgified Fabric Rendering (v1) 5.0.5+c290471319 (fabric_rendering_v1)
		Forgified Fabric Rendering Data Attachment (v1) 0.3.49+73761d2e19 (fabric_rendering_data_attachment_v1)
		Forgified Fabric Rendering Fluids (v1) 3.1.6+857185bc19 (fabric_rendering_fluids_v1)
		Forgified Fabric Resource Conditions API (v1) 4.3.0+5bdd099819 (fabric_resource_conditions_api_v1)
		Forgified Fabric Resource Loader (v0) 1.3.1+4ea8954419 (fabric_resource_loader_v0)
		Forgified Fabric Screen API (v1) 2.0.25+4228281319 (fabric_screen_api_v1)
		Forgified Fabric Screen Handler API (v1) 1.3.88+8dbc56dd19 (fabric_screen_handler_api_v1)
		Forgified Fabric Sound API (v1) 1.0.23+10b84f8419 (fabric_sound_api_v1)
		Forgified Fabric Transfer API (v1) 5.4.2+a25cb45619 (fabric_transfer_api_v1)
		Forgified Fabric Transitive Access Wideners (v1) 6.2.0+6c854b6f19 (fabric_transitive_access_wideners_v1)
		Fusion 1.2.11+b (fusion)
		GeckoLib 4 4.8.2 (geckolib)
		GlitchCore 2.1.0.0 (glitchcore)
		Glodium 1.21-2.2-neoforge (glodium)
		Gravestone Mod 1.21.1-1.0.35 (gravestone)
		Growth Accelerator Tiers 1.0.4 (growthacceleratortiers)
		GuideME 21.1.15 (guideme)
		Immersive Energistics 1.1.0-beta (immeng)
		Immersive Engineering 12.4.2-194 (immersiveengineering)
		Jade 15.10.3+neoforge (jade)
		Just Enough Immersive Multiblocks 1.0.6 (jeimultiblocks)
		KumaAPI 21.0.7 (kuma_api)
		Macaw's Furniture 3.3.0 (mcwfurnitures)
		MEGA Cells 4.10.1 (megacells)
		Mekanism 10.7.17 (mekanism)
		Mekanism Covers 1.3-BETA+1.21 (mekanismcovers)
		Mekanism: Generators 10.7.17 (mekanismgenerators)
		Minecraft 1.21.1 (minecraft)
		ModernDeco 3.7.0 (moderndeco)
		More Chest Variants 1.5.13 (lolmcv)
		Mythrais 3.0.1 (mythrais)
		NeoForge 21.1.213 (neoforge)
		Polymorph 1.1.0+1.21.1 (polymorph)
		Polymorphic Energistics 0.4.1 (polyeng)
		ProjectRed Core 4.22.0-alpha+11 (projectred_core)
		ProjectRed Expansion 4.22.0-alpha+11 (projectred_expansion)
		ProjectRed Exploration 4.22.0-alpha+11 (projectred_exploration)
		ProjectRed Fabrication 4.22.0-alpha+11 (projectred_fabrication)
		ProjectRed Illumination 4.22.0-alpha+11 (projectred_illumination)
		ProjectRed Integration 4.22.0-alpha+11 (projectred_integration)
		ProjectRed Transmission 4.22.0-alpha+11 (projectred_transmission)
		Quad 1.2.9 (quad)
		Rechiseled 1.1.6+a (rechiseled)
		Rechiseled: AE2 1.0.0 (rechiseledae2)
		Redden's Stone Lanterns 1.0.4 (reddensstonelantern)
		Resourcefulconfig 3.0.11 (resourcefulconfig)
		Serene Seasons 10.1.0.3 (sereneseasons)
		Shutter 2.1.6-neoforge-1.21.1 (shutter)
		Simple Inventory Sorter 24.0.24 (inventorysorter)
		Sinytra Connector 2.0.0-beta.11+1.21.1 (connector)
		Sophisticated Backpacks 3.25.12 (sophisticatedbackpacks)
		Sophisticated Core 1.3.87 (sophisticatedcore)
		Storage Drawers 13.11.4 (storagedrawers)
		SuperMartijn642's Config Library 1.1.8 (supermartijn642configlib)
		SuperMartijn642's Core Lib 1.1.18+a (supermartijn642corelib)
		UnionLib 12.0.18 (unionlib)
		Waystones 21.1.23 (waystones)
[25Dec2025 17:14:23.351] [main/INFO] [org.sinytra.connector.service.hacks.ModuleLayerMigrator/]: Successfully made module authlib transformable
[25Dec2025 17:14:23.351] [main/INFO] [org.sinytra.connector.service.hacks.ModuleLayerMigrator/]: Successfully made module brigadier transformable
[25Dec2025 17:14:23.352] [main/INFO] [net.neoforged.fml.loading.FMLServiceProvider/CORE]: Loading coremod script-engine for [unionlib]
[25Dec2025 17:14:23.837] [main/INFO] [mixin/]: Compatibility level set to JAVA_17
[25Dec2025 17:14:23.838] [main/INFO] [mixin/]: Compatibility level set to JAVA_21
[25Dec2025 17:14:23.880] [main/INFO] [cpw.mods.modlauncher.LaunchServiceHandler/MODLAUNCHER]: Launching target 'forgeclient' with arguments [--version, neoforge-21.1.213, --gameDir, /home/wasabi/workspace/Games/Crystal-Launcher/instances/u.aiki/.minecraft, --assetsDir, /home/wasabi/workspace/Games/Crystal-Launcher/assets, --uuid, de1f4acdd41a3754b0dfccd547d37db8, --username, wasabi, --assetIndex, 17, --accessToken, ❄❄❄❄❄❄❄❄, --clientId, 00000000402b5328, --xuid, 00000000-0000-0000-0000-00000000000A, --userType, msa, --versionType, release]
[25Dec2025 17:14:23.890] [main/WARN] [mixin/]: Reference map 'kuma_api.refmap.json' for kuma_api.mixins.json could not be read. If this is a development environment you can ignore this message
[25Dec2025 17:14:23.892] [main/WARN] [mixin/]: Reference map 'UnionLib-refmap.json' for unionlib.mixins.json could not be read. If this is a development environment you can ignore this message
[25Dec2025 17:14:23.892] [main/WARN] [mixin/]: Reference map 'UnionLib-refmap.json' for unionlib.insert.mixins.json could not be read. If this is a development environment you can ignore this message
[25Dec2025 17:14:23.892] [main/WARN] [mixin/]: Reference map 'geckolib.refmap.json' for geckolib.mixins.json could not be read. If this is a development environment you can ignore this message
[25Dec2025 17:14:23.893] [main/WARN] [mixin/]: Reference map 'balm.refmap.json' for balm.mixins.json could not be read. If this is a development environment you can ignore this message
[25Dec2025 17:14:23.895] [main/WARN] [mixin/]: Reference map 'supermartijn642corelib.mixins.refmap.json' for supermartijn642corelib.mixins.json could not be read. If this is a development environment you can ignore this message
[25Dec2025 17:14:23.896] [main/WARN] [mixin/]: Reference map 'curios.refmap.json' for curios.neoforge.mixins.json could not be read. If this is a development environment you can ignore this message
[25Dec2025 17:14:23.896] [main/WARN] [mixin/]: Reference map 'curios.refmap.json' for curios.mixins.json could not be read. If this is a development environment you can ignore this message
[25Dec2025 17:14:23.897] [main/WARN] [mixin/]: Reference map 'dynamictrees.refmap.json' for dynamictrees.mixins.json could not be read. If this is a development environment you can ignore this message
[25Dec2025 17:14:23.901] [main/WARN] [mixin/]: Reference map 'mekanismcovers.refmap.json' for mekanismcovers.mixins.json could not be read. If this is a development environment you can ignore this message
[25Dec2025 17:14:23.902] [main/WARN] [mixin/]: Reference map 'waystones.refmap.json' for waystones.mixins.json could not be read. If this is a development environment you can ignore this message
[25Dec2025 17:14:23.903] [main/WARN] [mixin/]: Reference map 'glitchcore.refmap.json' for glitchcore.mixins.json could not be read. If this is a development environment you can ignore this message
[25Dec2025 17:14:23.903] [main/WARN] [mixin/]: Reference map 'glitchcore.refmap.json' for glitchcore.neoforge.mixins.json could not be read. If this is a development environment you can ignore this message
[25Dec2025 17:14:23.903] [main/WARN] [mixin/]: Reference map 'sereneseasons.refmap.json' for sereneseasons.mixins.json could not be read. If this is a development environment you can ignore this message
[25Dec2025 17:14:23.903] [main/WARN] [mixin/]: Reference map 'sereneseasons.refmap.json' for sereneseasons.neoforge.mixins.json could not be read. If this is a development environment you can ignore this message
[25Dec2025 17:14:23.904] [main/WARN] [mixin/]: Reference map 'antiqueatlas.refmap.json' for antiqueatlas.mixins.json could not be read. If this is a development environment you can ignore this message
[25Dec2025 17:14:23.918] [main/WARN] [mixin/]: Reference map 'polymorph.refmap.json' for polymorph.mixins.json could not be read. If this is a development environment you can ignore this message
[25Dec2025 17:14:23.918] [main/WARN] [mixin/]: Reference map 'polymorph.refmap.json' for polymorph-compatibility.mixins.json could not be read. If this is a development environment you can ignore this message
[25Dec2025 17:14:23.920] [main/WARN] [mixin/]: Reference map 'mixins.aae.refmap.json' for mixins.aae.json could not be read. If this is a development environment you can ignore this message
[25Dec2025 17:14:23.924] [main/WARN] [mixin/]: Reference map 'mixins.cbmultipart.refmap.json' for mixins.cbmultipart.json could not be read. If this is a development environment you can ignore this message
[25Dec2025 17:14:23.949] [main/WARN] [mixin/]: Reference map '' for adapter.init.mixins.json could not be read. If this is a development environment you can ignore this message
[25Dec2025 17:14:24.218] [main/WARN] [mixin/]: Error loading class: org/embeddedt/embeddium/impl/render/chunk/compile/pipeline/BlockRenderer (java.lang.ClassNotFoundException: org.embeddedt.embeddium.impl.render.chunk.compile.pipeline.BlockRenderer)
[25Dec2025 17:14:24.219] [main/WARN] [mixin/]: @Mixin target org.embeddedt.embeddium.impl.render.chunk.compile.pipeline.BlockRenderer was not found mekanismcovers.mixins.json:embeddium.EmbeddiumBlockRendererMixin from mod mekanismcovers
[25Dec2025 17:14:24.219] [main/WARN] [mixin/]: Error loading class: net/caffeinemc/mods/sodium/client/render/chunk/compile/pipeline/BlockRenderer (java.lang.ClassNotFoundException: net.caffeinemc.mods.sodium.client.render.chunk.compile.pipeline.BlockRenderer)
[25Dec2025 17:14:24.219] [main/WARN] [mixin/]: @Mixin target net.caffeinemc.mods.sodium.client.render.chunk.compile.pipeline.BlockRenderer was not found mekanismcovers.mixins.json:sodium.SodiumBlockRendererMixin from mod mekanismcovers
[25Dec2025 17:14:24.320] [main/WARN] [mixin/]: Error loading class: mezz/jei/library/load/PluginCaller (java.lang.ClassNotFoundException: mezz.jei.library.load.PluginCaller)
[25Dec2025 17:14:24.354] [main/WARN] [mixin/]: Error loading class: com/buuz135/functionalstorage/world/EnderSavedData (java.lang.ClassNotFoundException: com.buuz135.functionalstorage.world.EnderSavedData)
[25Dec2025 17:14:24.354] [main/WARN] [mixin/]: @Mixin target com.buuz135.functionalstorage.world.EnderSavedData was not found mixins.extendedae.json:MixinEnderSavedData from mod extendedae
[25Dec2025 17:14:24.357] [main/WARN] [mixin/]: Error loading class: com/shynieke/geore/block/BuddingGeoreBlock (java.lang.ClassNotFoundException: com.shynieke.geore.block.BuddingGeoreBlock)
[25Dec2025 17:14:24.357] [main/WARN] [mixin/]: @Mixin target com.shynieke.geore.block.BuddingGeoreBlock was not found growthacceleratortiers.mixins.json:BuddingGeoreBlockMixin from mod growthacceleratortiers
[25Dec2025 17:14:24.401] [main/WARN] [mixin/]: Error loading class: org/embeddedt/embeddium/compat/ccl/CCLCompat (java.lang.ClassNotFoundException: org.embeddedt.embeddium.compat.ccl.CCLCompat)
[25Dec2025 17:14:24.466] [main/INFO] [MixinExtras|Service/]: Initializing MixinExtras via com.llamalad7.mixinextras.service.MixinExtrasServiceImpl(version=0.5.0).
[25Dec2025 17:14:25.127] [Datafixer Bootstrap/INFO] [com.mojang.datafixers.DataFixerBuilder/]: 229 Datafixer optimizations took 95 milliseconds
[25Dec2025 17:14:27.125] [Render thread/WARN] [net.minecraft.server.packs.VanillaPackResourcesBuilder/]: Assets URL 'union:/home/wasabi/workspace/Games/Crystal-Launcher/instances/u.aiki/.minecraft/libraries/net/minecraft/client/1.21.1-20240808.144430/client-1.21.1-20240808.144430-srg.jar%23234!/assets/.mcassetsroot' uses unexpected schema
[25Dec2025 17:14:27.125] [Render thread/WARN] [net.minecraft.server.packs.VanillaPackResourcesBuilder/]: Assets URL 'union:/home/wasabi/workspace/Games/Crystal-Launcher/instances/u.aiki/.minecraft/libraries/net/minecraft/client/1.21.1-20240808.144430/client-1.21.1-20240808.144430-srg.jar%23234!/data/.mcassetsroot' uses unexpected schema
[25Dec2025 17:14:27.138] [Render thread/INFO] [com.mojang.authlib.yggdrasil.YggdrasilAuthenticationService/]: Environment: Environment[sessionHost=https://sessionserver.mojang.com, servicesHost=https://api.minecraftservices.com, name=PROD]
[25Dec2025 17:14:27.141] [Render thread/INFO] [net.minecraft.client.Minecraft/]: Setting user: wasabi
[25Dec2025 17:14:27.262] [Render thread/INFO] [net.minecraft.client.Minecraft/]: Backend library: LWJGL version 3.3.3+5
[25Dec2025 17:14:27.410] [modloading-worker-0/INFO] [Quad/]: [Quad] Initialising the Quad mod power! >:P
[25Dec2025 17:14:27.418] [modloading-worker-0/INFO] [net.neoforged.neoforge.common.NeoForgeMod/NEOFORGE-MOD]: NeoForge mod loading, version 21.1.213, for MC 1.21.1
[25Dec2025 17:14:27.437] [modloading-worker-0/INFO] [net.fabricmc.fabric.impl.client.indigo.Indigo/]: [Indigo] Registering Indigo renderer!
[25Dec2025 17:14:27.443] [modloading-worker-0/INFO] [mixin/]: mixins.codechickenlib.json:ShaderInstanceMixin from mod (unknown)->@Invoker[METHOD_PROXY]::callGetOrCreate(Lnet/minecraft/server/packs/resources/ResourceProvider;Lcom/mojang/blaze3d/shaders/Program$Type;Ljava/lang/String;)Lcom/mojang/blaze3d/shaders/Program; should be static as its target is
[25Dec2025 17:14:27.472] [modloading-worker-0/WARN] [AE2:C/]: Unable to find class com.simibubi.create.foundation.ponder.PonderWorld. Integration with PonderJS disabled.
[25Dec2025 17:14:27.479] [modloading-worker-0/INFO] [glitchcore/]: Registered synced config with path sereneseasons/fertility.toml
[25Dec2025 17:14:27.479] [modloading-worker-0/INFO] [glitchcore/]: Registered synced config with path sereneseasons/seasons.toml
[25Dec2025 17:14:27.507] [Download-2/ERROR] [net.minecraft.client.Minecraft/]: Failed to fetch user properties
com.mojang.authlib.exceptions.InvalidCredentialsException: Status: 401
	at TRANSFORMER/connector$authlib/com.mojang.authlib.exceptions.MinecraftClientHttpException.toAuthenticationException(MinecraftClientHttpException.java:59) ~[authlib-6.0.54.jar%23128!/:?]
	at TRANSFORMER/connector$authlib/com.mojang.authlib.yggdrasil.YggdrasilUserApiService.fetchProperties(YggdrasilUserApiService.java:154) ~[authlib-6.0.54.jar%23128!/:?]
	at TRANSFORMER/minecraft@1.21.1/net.minecraft.client.Minecraft.lambda$new$2(Minecraft.java:431) ~[client-1.21.1-20240808.144430-srg.jar%23234!/:?]
	at java.base/java.util.concurrent.CompletableFuture$AsyncSupply.run(CompletableFuture.java:1768) ~[?:?]
	at java.base/java.util.concurrent.ThreadPoolExecutor.runWorker(ThreadPoolExecutor.java:1144) ~[?:?]
	at java.base/java.util.concurrent.ThreadPoolExecutor$Worker.run(ThreadPoolExecutor.java:642) ~[?:?]
	at java.base/java.lang.Thread.run(Thread.java:1583) [?:?]
Caused by: com.mojang.authlib.exceptions.MinecraftClientHttpException: Status: 401
	at TRANSFORMER/connector$authlib/com.mojang.authlib.minecraft.client.MinecraftClient.readInputStream(MinecraftClient.java:100) ~[authlib-6.0.54.jar%23128!/:?]
	at TRANSFORMER/connector$authlib/com.mojang.authlib.minecraft.client.MinecraftClient.get(MinecraftClient.java:57) ~[authlib-6.0.54.jar%23128!/:?]
	at TRANSFORMER/connector$authlib/com.mojang.authlib.yggdrasil.YggdrasilUserApiService.fetchProperties(YggdrasilUserApiService.java:125) ~[authlib-6.0.54.jar%23128!/:?]
	... 5 more
[25Dec2025 17:14:27.508] [modloading-worker-0/INFO] [unionlib/]: Watching directory: /home/wasabi/workspace/Games/Crystal-Launcher/instances/u.aiki/.minecraft/config
[25Dec2025 17:14:27.509] [modloading-worker-0/INFO] [unionlib/]: Watching file: antiqueatlas-common.toml
[25Dec2025 17:14:27.573] [modloading-worker-0/INFO] [UnionLib Registry/]: Found 3 registry classes in antiqueatlas
[25Dec2025 17:14:27.573] [modloading-worker-0/INFO] [UnionLib Registry/]: Registering minecraft:items in com.stereowalker.unionlib.core.registries.ClassNRegistry@534763f1
[25Dec2025 17:14:27.575] [modloading-worker-0/INFO] [UnionLib Registry/]: Registering minecraft:recipe_serializers in com.stereowalker.unionlib.core.registries.ClassNRegistry@7c403151
[25Dec2025 17:14:27.575] [modloading-worker-0/INFO] [UnionLib Registry/]: Registering minecraft:data_component_types in com.stereowalker.unionlib.core.registries.ClassNRegistry@2c35746b
[25Dec2025 17:14:27.577] [modloading-worker-0/INFO] [unionlib/]: Starting up: antiqueatlas
[25Dec2025 17:14:27.580] [modloading-worker-0/INFO] [unionlib/]: Watching file: unionlib-client.toml
[25Dec2025 17:14:27.580] [modloading-worker-0/INFO] [unionlib/]: Watching file: unionlib-common.toml
[25Dec2025 17:14:27.580] [modloading-worker-0/INFO] [unionlib/]: Watching file: unionlib-server.toml
[25Dec2025 17:14:27.582] [modloading-worker-0/INFO] [UnionLib Registry/]: Found 5 registry classes in unionlib
[25Dec2025 17:14:27.582] [modloading-worker-0/INFO] [UnionLib Registry/]: Registering minecraft:attributes in com.stereowalker.unionlib.core.registries.ClassNRegistry@57d257aa
[25Dec2025 17:14:27.585] [modloading-worker-0/INFO] [UnionLib Registry/]: Registering minecraft:items in com.stereowalker.unionlib.core.registries.ClassNRegistry@29827825
[25Dec2025 17:14:27.585] [modloading-worker-0/INFO] [UnionLib Registry/]: Registering minecraft:menus in com.stereowalker.unionlib.core.registries.ClassNRegistry@2ce3953e
[25Dec2025 17:14:27.586] [modloading-worker-0/INFO] [UnionLib Registry/]: Registering minecraft:recipe_serializers in com.stereowalker.unionlib.core.registries.ClassNRegistry@247c6ad7
[25Dec2025 17:14:27.586] [modloading-worker-0/INFO] [UnionLib Registry/]: Registering minecraft:data_component_types in com.stereowalker.unionlib.core.registries.ClassNRegistry@268a4fe1
[25Dec2025 17:14:27.586] [modloading-worker-0/INFO] [unionlib/]: Starting up: unionlib
[25Dec2025 17:14:27.604] [modloading-worker-0/INFO] [net.blay09.mods.balm.neoforge.config.NeoForgeBalmConfig/]: Registering config for waystones:common (COMMON) with 31 properties.
[25Dec2025 17:14:31.690] [Render thread/ERROR] [com.mojang.text2speech.Narrator/]: Error while loading the narrator
com.mojang.text2speech.Narrator$InitializeException: Failed to load library flite
	at MC-BOOTSTRAP/text2speech@1.17.9/com.mojang.text2speech.NarratorLinux$FliteLibrary.loadNative(NarratorLinux.java:69) ~[text2speech-1.17.9.jar%23133!/:?]
	at MC-BOOTSTRAP/text2speech@1.17.9/com.mojang.text2speech.NarratorLinux.<init>(NarratorLinux.java:18) ~[text2speech-1.17.9.jar%23133!/:?]
	at MC-BOOTSTRAP/text2speech@1.17.9/com.mojang.text2speech.Narrator.getNarrator(Narrator.java:41) ~[text2speech-1.17.9.jar%23133!/:?]
	at TRANSFORMER/minecraft@1.21.1/net.minecraft.client.GameNarrator.<init>(GameNarrator.java:21) ~[client-1.21.1-20240808.144430-srg.jar%23234!/:?]
	at TRANSFORMER/minecraft@1.21.1/net.minecraft.client.Minecraft.<init>(Minecraft.java:609) ~[client-1.21.1-20240808.144430-srg.jar%23234!/:?]
	at TRANSFORMER/minecraft@1.21.1/net.minecraft.client.main.Main.main(Main.java:214) ~[client-1.21.1-20240808.144430-srg.jar%23234!/:?]
	at java.base/jdk.internal.reflect.DirectMethodHandleAccessor.invoke(DirectMethodHandleAccessor.java:103) ~[?:?]
	at java.base/java.lang.reflect.Method.invoke(Method.java:580) ~[?:?]
	at MC-BOOTSTRAP/fml_loader@4.0.42/net.neoforged.fml.loading.targets.CommonLaunchHandler.runTarget(CommonLaunchHandler.java:136) ~[loader-4.0.42.jar%2389!/:4.0]
	at MC-BOOTSTRAP/fml_loader@4.0.42/net.neoforged.fml.loading.targets.CommonLaunchHandler.clientService(CommonLaunchHandler.java:124) ~[loader-4.0.42.jar%2389!/:4.0]
	at MC-BOOTSTRAP/fml_loader@4.0.42/net.neoforged.fml.loading.targets.CommonClientLaunchHandler.runService(CommonClientLaunchHandler.java:32) ~[loader-4.0.42.jar%2389!/:4.0]
	at MC-BOOTSTRAP/fml_loader@4.0.42/net.neoforged.fml.loading.targets.CommonLaunchHandler.lambda$launchService$4(CommonLaunchHandler.java:118) ~[loader-4.0.42.jar%2389!/:4.0]
	at MC-BOOTSTRAP/cpw.mods.modlauncher@11.0.5/cpw.mods.modlauncher.LaunchServiceHandlerDecorator.launch(LaunchServiceHandlerDecorator.java:30) [modlauncher-11.0.5.jar%2394!/:?]
	at MC-BOOTSTRAP/cpw.mods.modlauncher@11.0.5/cpw.mods.modlauncher.LaunchServiceHandler.launch(LaunchServiceHandler.java:53) [modlauncher-11.0.5.jar%2394!/:?]
	at MC-BOOTSTRAP/cpw.mods.modlauncher@11.0.5/cpw.mods.modlauncher.LaunchServiceHandler.launch(LaunchServiceHandler.java:71) [modlauncher-11.0.5.jar%2394!/:?]
	at MC-BOOTSTRAP/cpw.mods.modlauncher@11.0.5/cpw.mods.modlauncher.Launcher.run(Launcher.java:103) [modlauncher-11.0.5.jar%2394!/:?]
	at MC-BOOTSTRAP/cpw.mods.modlauncher@11.0.5/cpw.mods.modlauncher.Launcher.main(Launcher.java:74) [modlauncher-11.0.5.jar%2394!/:?]
	at MC-BOOTSTRAP/cpw.mods.modlauncher@11.0.5/cpw.mods.modlauncher.BootstrapLaunchConsumer.accept(BootstrapLaunchConsumer.java:26) [modlauncher-11.0.5.jar%2394!/:?]
	at MC-BOOTSTRAP/cpw.mods.modlauncher@11.0.5/cpw.mods.modlauncher.BootstrapLaunchConsumer.accept(BootstrapLaunchConsumer.java:23) [modlauncher-11.0.5.jar%2394!/:?]
	at cpw.mods.bootstraplauncher@2.0.2/cpw.mods.bootstraplauncher.BootstrapLauncher.run(BootstrapLauncher.java:210) [bootstraplauncher-2.0.2.jar:?]
	at cpw.mods.bootstraplauncher@2.0.2/cpw.mods.bootstraplauncher.BootstrapLauncher.main(BootstrapLauncher.java:69) [bootstraplauncher-2.0.2.jar:?]
	at java.base/jdk.internal.reflect.DirectMethodHandleAccessor.invoke(DirectMethodHandleAccessor.java:103) ~[?:?]
	at java.base/java.lang.reflect.Method.invoke(Method.java:580) ~[?:?]
	at crystallauncher.MinecraftConstructor.run(MinecraftConstructor.java:29) [proxyserver.jar:?]
	at crystallauncher.MineClient.start(MineClient.java:201) [proxyserver.jar:?]
	at crystallauncher.MineClient.main(MineClient.java:42) [proxyserver.jar:?]
Caused by: java.lang.UnsatisfiedLinkError: Unable to load library 'flite':
libflite.so: cannot open shared object file: No such file or directory
libflite.so: cannot open shared object file: No such file or directory
Native library (linux-x86-64/libflite.so) not found in resource path (/home/wasabi/workspace/Games/Crystal-Launcher/extlib/crystal/proxyserver.jar:/home/wasabi/workspace/Games/Crystal-Launcher/extlib/crystal/guipatch_en.jar:/home/wasabi/workspace/Games/Crystal-Launcher/instances/u.aiki/.minecraft/versions/neoforge-21.1.213/neoforge-21.1.213.jar:/home/wasabi/workspace/Games/Crystal-Launcher/instances/u.aiki/.minecraft/libraries/net/neoforged/fancymodloader/earlydisplay/4.0.42/earlydisplay-4.0.42.jar:/home/wasabi/workspace/Games/Crystal-Launcher/instances/u.aiki/.minecraft/libraries/net/neoforged/fancymodloader/loader/4.0.42/loader-4.0.42.jar:/home/wasabi/workspace/Games/Crystal-Launcher/instances/u.aiki/.minecraft/libraries/net/neoforged/accesstransformers/at-modlauncher/10.0.1/at-modlauncher-10.0.1.jar:/home/wasabi/workspace/Games/Crystal-Launcher/instances/u.aiki/.minecraft/libraries/net/neoforged/accesstransformers/10.0.1/accesstransformers-10.0.1.jar:/home/wasabi/workspace/Games/Crystal-Launcher/instances/u.aiki/.minecraft/libraries/net/neoforged/bus/8.0.5/bus-8.0.5.jar:/home/wasabi/workspace/Games/Crystal-Launcher/instances/u.aiki/.minecraft/libraries/net/neoforged/coremods/7.0.3/coremods-7.0.3.jar:/home/wasabi/workspace/Games/Crystal-Launcher/instances/u.aiki/.minecraft/libraries/cpw/mods/modlauncher/11.0.5/modlauncher-11.0.5.jar:/home/wasabi/workspace/Games/Crystal-Launcher/instances/u.aiki/.minecraft/libraries/net/neoforged/mergetool/2.0.0/mergetool-2.0.0-api.jar:/home/wasabi/workspace/Games/Crystal-Launcher/instances/u.aiki/.minecraft/libraries/com/electronwill/night-config/toml/3.8.3/toml-3.8.3.jar:/home/wasabi/workspace/Games/Crystal-Launcher/instances/u.aiki/.minecraft/libraries/com/electronwill/night-config/core/3.8.3/core-3.8.3.jar:/home/wasabi/workspace/Games/Crystal-Launcher/instances/u.aiki/.minecraft/libraries/net/neoforged/JarJarSelector/0.4.1/JarJarSelector-0.4.1.jar:/home/wasabi/workspace/Games/Crystal-Launcher/instances/u.aiki/.minecraft/libraries/net/neoforged/JarJarMetadata/0.4.1/JarJarMetadata-0.4.1.jar:/home/wasabi/workspace/Games/Crystal-Launcher/instances/u.aiki/.minecraft/libraries/org/apache/maven/maven-artifact/3.8.5/maven-artifact-3.8.5.jar:/home/wasabi/workspace/Games/Crystal-Launcher/instances/u.aiki/.minecraft/libraries/net/jodah/typetools/0.6.3/typetools-0.6.3.jar:/home/wasabi/workspace/Games/Crystal-Launcher/instances/u.aiki/.minecraft/libraries/net/minecrell/terminalconsoleappender/1.3.0/terminalconsoleappender-1.3.0.jar:/home/wasabi/workspace/Games/Crystal-Launcher/instances/u.aiki/.minecraft/libraries/net/fabricmc/sponge-mixin/0.15.2+mixin.0.8.7/sponge-mixin-0.15.2+mixin.0.8.7.jar:/home/wasabi/workspace/Games/Crystal-Launcher/instances/u.aiki/.minecraft/libraries/org/openjdk/nashorn/nashorn-core/15.4/nashorn-core-15.4.jar:/home/wasabi/workspace/Games/Crystal-Launcher/instances/u.aiki/.minecraft/libraries/org/apache/commons/commons-lang3/3.14.0/commons-lang3-3.14.0.jar:/home/wasabi/workspace/Games/Crystal-Launcher/instances/u.aiki/.minecraft/libraries/cpw/mods/bootstraplauncher/2.0.2/bootstraplauncher-2.0.2.jar:/home/wasabi/workspace/Games/Crystal-Launcher/instances/u.aiki/.minecraft/libraries/cpw/mods/securejarhandler/3.0.8/securejarhandler-3.0.8.jar:/home/wasabi/workspace/Games/Crystal-Launcher/instances/u.aiki/.minecraft/libraries/org/ow2/asm/asm-commons/9.8/asm-commons-9.8.jar:/home/wasabi/workspace/Games/Crystal-Launcher/instances/u.aiki/.minecraft/libraries/org/ow2/asm/asm-util/9.8/asm-util-9.8.jar:/home/wasabi/workspace/Games/Crystal-Launcher/instances/u.aiki/.minecraft/libraries/org/ow2/asm/asm-analysis/9.8/asm-analysis-9.8.jar:/home/wasabi/workspace/Games/Crystal-Launcher/instances/u.aiki/.minecraft/libraries/org/ow2/asm/asm-tree/9.8/asm-tree-9.8.jar:/home/wasabi/workspace/Games/Crystal-Launcher/instances/u.aiki/.minecraft/libraries/org/ow2/asm/asm/9.8/asm-9.8.jar:/home/wasabi/workspace/Games/Crystal-Launcher/instances/u.aiki/.minecraft/libraries/net/neoforged/JarJarFileSystems/0.4.1/JarJarFileSystems-0.4.1.jar:/home/wasabi/workspace/Games/Crystal-Launcher/instances/u.aiki/.minecraft/libraries/net/sf/jopt-simple/jopt-simple/5.0.4/jopt-simple-5.0.4.jar:/home/wasabi/workspace/Games/Crystal-Launcher/instances/u.aiki/.minecraft/libraries/org/slf4j/slf4j-api/2.0.9/slf4j-api-2.0.9.jar:/home/wasabi/workspace/Games/Crystal-Launcher/instances/u.aiki/.minecraft/libraries/org/antlr/antlr4-runtime/4.13.1/antlr4-runtime-4.13.1.jar:/home/wasabi/workspace/Games/Crystal-Launcher/instances/u.aiki/.minecraft/libraries/com/mojang/logging/1.2.7/logging-1.2.7.jar:/home/wasabi/workspace/Games/Crystal-Launcher/instances/u.aiki/.minecraft/libraries/org/apache/logging/log4j/log4j-slf4j2-impl/2.22.1/log4j-slf4j2-impl-2.22.1.jar:/home/wasabi/workspace/Games/Crystal-Launcher/instances/u.aiki/.minecraft/libraries/org/apache/logging/log4j/log4j-core/2.22.1/log4j-core-2.22.1.jar:/home/wasabi/workspace/Games/Crystal-Launcher/instances/u.aiki/.minecraft/libraries/org/apache/logging/log4j/log4j-api/2.22.1/log4j-api-2.22.1.jar:/home/wasabi/workspace/Games/Crystal-Launcher/instances/u.aiki/.minecraft/libraries/org/jline/jline-reader/3.20.0/jline-reader-3.20.0.jar:/home/wasabi/workspace/Games/Crystal-Launcher/instances/u.aiki/.minecraft/libraries/org/jline/jline-terminal/3.20.0/jline-terminal-3.20.0.jar:/home/wasabi/workspace/Games/Crystal-Launcher/instances/u.aiki/.minecraft/libraries/commons-io/commons-io/2.15.1/commons-io-2.15.1.jar:/home/wasabi/workspace/Games/Crystal-Launcher/instances/u.aiki/.minecraft/libraries/net/minecraftforge/srgutils/0.4.15/srgutils-0.4.15.jar:/home/wasabi/workspace/Games/Crystal-Launcher/instances/u.aiki/.minecraft/libraries/com/google/guava/guava/32.1.2-jre/guava-32.1.2-jre.jar:/home/wasabi/workspace/Games/Crystal-Launcher/instances/u.aiki/.minecraft/libraries/com/google/guava/failureaccess/1.0.1/failureaccess-1.0.1.jar:/home/wasabi/workspace/Games/Crystal-Launcher/instances/u.aiki/.minecraft/libraries/com/google/guava/listenablefuture/9999.0-empty-to-avoid-conflict-with-guava/listenablefuture-9999.0-empty-to-avoid-conflict-with-guava.jar:/home/wasabi/workspace/Games/Crystal-Launcher/instances/u.aiki/.minecraft/libraries/com/google/code/findbugs/jsr305/3.0.2/jsr305-3.0.2.jar:/home/wasabi/workspace/Games/Crystal-Launcher/instances/u.aiki/.minecraft/libraries/org/checkerframework/checker-qual/3.33.0/checker-qual-3.33.0.jar:/home/wasabi/workspace/Games/Crystal-Launcher/instances/u.aiki/.minecraft/libraries/com/google/errorprone/error_prone_annotations/2.18.0/error_prone_annotations-2.18.0.jar:/home/wasabi/workspace/Games/Crystal-Launcher/instances/u.aiki/.minecraft/libraries/com/google/j2objc/j2objc-annotations/2.8/j2objc-annotations-2.8.jar:/home/wasabi/workspace/Games/Crystal-Launcher/instances/u.aiki/.minecraft/libraries/com/google/code/gson/gson/2.10.1/gson-2.10.1.jar:/home/wasabi/workspace/Games/Crystal-Launcher/instances/u.aiki/.minecraft/libraries/org/codehaus/plexus/plexus-utils/3.3.0/plexus-utils-3.3.0.jar:/home/wasabi/workspace/Games/Crystal-Launcher/instances/u.aiki/.minecraft/libraries/com/machinezoo/noexception/noexception/1.7.1/noexception-1.7.1.jar:/home/wasabi/workspace/Games/Crystal-Launcher/instances/u.aiki/.minecraft/libraries/com/ibm/icu/icu4j/73.2/icu4j-73.2.jar:/home/wasabi/workspace/Games/Crystal-Launcher/instances/u.aiki/.minecraft/libraries/com/mojang/authlib/6.0.54/authlib-6.0.54.jar:/home/wasabi/workspace/Games/Crystal-Launcher/instances/u.aiki/.minecraft/libraries/com/mojang/blocklist/1.0.10/blocklist-1.0.10.jar:/home/wasabi/workspace/Games/Crystal-Launcher/instances/u.aiki/.minecraft/libraries/com/mojang/brigadier/1.3.10/brigadier-1.3.10.jar:/home/wasabi/workspace/Games/Crystal-Launcher/instances/u.aiki/.minecraft/libraries/com/mojang/datafixerupper/8.0.16/datafixerupper-8.0.16.jar:/home/wasabi/workspace/Games/Crystal-Launcher/instances/u.aiki/.minecraft/libraries/com/mojang/patchy/2.2.10/patchy-2.2.10.jar:/home/wasabi/workspace/Games/Crystal-Launcher/instances/u.aiki/.minecraft/libraries/com/mojang/text2speech/1.17.9/text2speech-1.17.9.jar:/home/wasabi/workspace/Games/Crystal-Launcher/instances/u.aiki/.minecraft/libraries/commons-codec/commons-codec/1.16.0/commons-codec-1.16.0.jar:/home/wasabi/workspace/Games/Crystal-Launcher/instances/u.aiki/.minecraft/libraries/commons-logging/commons-logging/1.2/commons-logging-1.2.jar:/home/wasabi/workspace/Games/Crystal-Launcher/instances/u.aiki/.minecraft/libraries/io/netty/netty-buffer/4.1.97.Final/netty-buffer-4.1.97.Final.jar:/home/wasabi/workspace/Games/Crystal-Launcher/instances/u.aiki/.minecraft/libraries/io/netty/netty-codec/4.1.97.Final/netty-codec-4.1.97.Final.jar:/home/wasabi/workspace/Games/Crystal-Launcher/instances/u.aiki/.minecraft/libraries/io/netty/netty-common/4.1.97.Final/netty-common-4.1.97.Final.jar:/home/wasabi/workspace/Games/Crystal-Launcher/instances/u.aiki/.minecraft/libraries/io/netty/netty-handler/4.1.97.Final/netty-handler-4.1.97.Final.jar:/home/wasabi/workspace/Games/Crystal-Launcher/instances/u.aiki/.minecraft/libraries/io/netty/netty-resolver/4.1.97.Final/netty-resolver-4.1.97.Final.jar:/home/wasabi/workspace/Games/Crystal-Launcher/instances/u.aiki/.minecraft/libraries/io/netty/netty-transport-classes-epoll/4.1.97.Final/netty-transport-classes-epoll-4.1.97.Final.jar:/home/wasabi/workspace/Games/Crystal-Launcher/instances/u.aiki/.minecraft/libraries/io/netty/netty-transport-native-epoll/4.1.97.Final/netty-transport-native-epoll-4.1.97.Final-linux-aarch_64.jar:/home/wasabi/workspace/Games/Crystal-Launcher/instances/u.aiki/.minecraft/libraries/io/netty/netty-transport-native-epoll/4.1.97.Final/netty-transport-native-epoll-4.1.97.Final-linux-x86_64.jar:/home/wasabi/workspace/Games/Crystal-Launcher/instances/u.aiki/.minecraft/libraries/io/netty/netty-transport-native-unix-common/4.1.97.Final/netty-transport-native-unix-common-4.1.97.Final.jar:/home/wasabi/workspace/Games/Crystal-Launcher/instances/u.aiki/.minecraft/libraries/io/netty/netty-transport/4.1.97.Final/netty-transport-4.1.97.Final.jar:/home/wasabi/workspace/Games/Crystal-Launcher/instances/u.aiki/.minecraft/libraries/it/unimi/dsi/fastutil/8.5.12/fastutil-8.5.12.jar:/home/wasabi/workspace/Games/Crystal-Launcher/instances/u.aiki/.minecraft/libraries/net/java/dev/jna/jna-platform/5.14.0/jna-platform-5.14.0.jar:/home/wasabi/workspace/Games/Crystal-Launcher/instances/u.aiki/.minecraft/libraries/net/java/dev/jna/jna/5.14.0/jna-5.14.0.jar:/home/wasabi/workspace/Games/Crystal-Launcher/instances/u.aiki/.minecraft/libraries/org/apache/commons/commons-compress/1.26.0/commons-compress-1.26.0.jar:/home/wasabi/workspace/Games/Crystal-Launcher/instances/u.aiki/.minecraft/libraries/org/apache/httpcomponents/httpclient/4.5.13/httpclient-4.5.13.jar:/home/wasabi/workspace/Games/Crystal-Launcher/instances/u.aiki/.minecraft/libraries/org/apache/httpcomponents/httpcore/4.4.16/httpcore-4.4.16.jar:/home/wasabi/workspace/Games/Crystal-Launcher/instances/u.aiki/.minecraft/libraries/org/jcraft/jorbis/0.0.17/jorbis-0.0.17.jar:/home/wasabi/workspace/Games/Crystal-Launcher/instances/u.aiki/.minecraft/libraries/org/joml/joml/1.10.5/joml-1.10.5.jar:/home/wasabi/workspace/Games/Crystal-Launcher/instances/u.aiki/.minecraft/libraries/org/lwjgl/lwjgl-freetype/3.3.3/lwjgl-freetype-3.3.3.jar:/home/wasabi/workspace/Games/Crystal-Launcher/instances/u.aiki/.minecraft/libraries/org/lwjgl/lwjgl-glfw/3.3.3/lwjgl-glfw-3.3.3.jar:/home/wasabi/workspace/Games/Crystal-Launcher/instances/u.aiki/.minecraft/libraries/org/lwjgl/lwjgl-jemalloc/3.3.3/lwjgl-jemalloc-3.3.3.jar:/home/wasabi/workspace/Games/Crystal-Launcher/instances/u.aiki/.minecraft/libraries/org/lwjgl/lwjgl-openal/3.3.3/lwjgl-openal-3.3.3.jar:/home/wasabi/workspace/Games/Crystal-Launcher/instances/u.aiki/.minecraft/libraries/org/lwjgl/lwjgl-opengl/3.3.3/lwjgl-opengl-3.3.3.jar:/home/wasabi/workspace/Games/Crystal-Launcher/instances/u.aiki/.minecraft/libraries/org/lwjgl/lwjgl-stb/3.3.3/lwjgl-stb-3.3.3.jar:/home/wasabi/workspace/Games/Crystal-Launcher/instances/u.aiki/.minecraft/libraries/org/lwjgl/lwjgl-tinyfd/3.3.3/lwjgl-tinyfd-3.3.3.jar:/home/wasabi/workspace/Games/Crystal-Launcher/instances/u.aiki/.minecraft/libraries/org/lwjgl/lwjgl/3.3.3/lwjgl-3.3.3.jar:/home/wasabi/workspace/Games/Crystal-Launcher/instances/u.aiki/.minecraft/libraries/org/lz4/lz4-java/1.8.0/lz4-java-1.8.0.jar:/home/wasabi/workspace/Games/Crystal-Launcher/instances/u.aiki/.minecraft/libraries/com/github/oshi/oshi-core/6.4.10/oshi-core-6.4.10.jar)
	at MC-BOOTSTRAP/com.sun.jna@5.14.0/com.sun.jna.NativeLibrary.loadLibrary(NativeLibrary.java:325) ~[jna-5.14.0.jar%23148!/:5.14.0 (b0)]
	at MC-BOOTSTRAP/com.sun.jna@5.14.0/com.sun.jna.NativeLibrary.getInstance(NativeLibrary.java:481) ~[jna-5.14.0.jar%23148!/:5.14.0 (b0)]
	at MC-BOOTSTRAP/com.sun.jna@5.14.0/com.sun.jna.NativeLibrary.getInstance(NativeLibrary.java:423) ~[jna-5.14.0.jar%23148!/:5.14.0 (b0)]
	at MC-BOOTSTRAP/text2speech@1.17.9/com.mojang.text2speech.NarratorLinux$FliteLibrary.loadNative(NarratorLinux.java:67) ~[text2speech-1.17.9.jar%23133!/:?]
	... 25 more
	Suppressed: java.lang.UnsatisfiedLinkError: libflite.so: cannot open shared object file: No such file or directory
		at MC-BOOTSTRAP/com.sun.jna@5.14.0/com.sun.jna.Native.open(Native Method) ~[jna-5.14.0.jar%23148!/:5.14.0 (b0)]
		at MC-BOOTSTRAP/com.sun.jna@5.14.0/com.sun.jna.NativeLibrary.loadLibrary(NativeLibrary.java:213) ~[jna-5.14.0.jar%23148!/:5.14.0 (b0)]
		at MC-BOOTSTRAP/com.sun.jna@5.14.0/com.sun.jna.NativeLibrary.getInstance(NativeLibrary.java:481) ~[jna-5.14.0.jar%23148!/:5.14.0 (b0)]
		at MC-BOOTSTRAP/com.sun.jna@5.14.0/com.sun.jna.NativeLibrary.getInstance(NativeLibrary.java:423) ~[jna-5.14.0.jar%23148!/:5.14.0 (b0)]
		at MC-BOOTSTRAP/text2speech@1.17.9/com.mojang.text2speech.NarratorLinux$FliteLibrary.loadNative(NarratorLinux.java:67) ~[text2speech-1.17.9.jar%23133!/:?]
		at MC-BOOTSTRAP/text2speech@1.17.9/com.mojang.text2speech.NarratorLinux.<init>(NarratorLinux.java:18) ~[text2speech-1.17.9.jar%23133!/:?]
		at MC-BOOTSTRAP/text2speech@1.17.9/com.mojang.text2speech.Narrator.getNarrator(Narrator.java:41) ~[text2speech-1.17.9.jar%23133!/:?]
		at TRANSFORMER/minecraft@1.21.1/net.minecraft.client.GameNarrator.<init>(GameNarrator.java:21) ~[client-1.21.1-20240808.144430-srg.jar%23234!/:?]
		at TRANSFORMER/minecraft@1.21.1/net.minecraft.client.Minecraft.<init>(Minecraft.java:609) ~[client-1.21.1-20240808.144430-srg.jar%23234!/:?]
		at TRANSFORMER/minecraft@1.21.1/net.minecraft.client.main.Main.main(Main.java:214) ~[client-1.21.1-20240808.144430-srg.jar%23234!/:?]
		at java.base/jdk.internal.reflect.DirectMethodHandleAccessor.invoke(DirectMethodHandleAccessor.java:103) ~[?:?]
		at java.base/java.lang.reflect.Method.invoke(Method.java:580) ~[?:?]
		at MC-BOOTSTRAP/fml_loader@4.0.42/net.neoforged.fml.loading.targets.CommonLaunchHandler.runTarget(CommonLaunchHandler.java:136) ~[loader-4.0.42.jar%2389!/:4.0]
		at MC-BOOTSTRAP/fml_loader@4.0.42/net.neoforged.fml.loading.targets.CommonLaunchHandler.clientService(CommonLaunchHandler.java:124) ~[loader-4.0.42.jar%2389!/:4.0]
		at MC-BOOTSTRAP/fml_loader@4.0.42/net.neoforged.fml.loading.targets.CommonClientLaunchHandler.runService(CommonClientLaunchHandler.java:32) ~[loader-4.0.42.jar%2389!/:4.0]
		at MC-BOOTSTRAP/fml_loader@4.0.42/net.neoforged.fml.loading.targets.CommonLaunchHandler.lambda$launchService$4(CommonLaunchHandler.java:118) ~[loader-4.0.42.jar%2389!/:4.0]
		at MC-BOOTSTRAP/cpw.mods.modlauncher@11.0.5/cpw.mods.modlauncher.LaunchServiceHandlerDecorator.launch(LaunchServiceHandlerDecorator.java:30) [modlauncher-11.0.5.jar%2394!/:?]
		at MC-BOOTSTRAP/cpw.mods.modlauncher@11.0.5/cpw.mods.modlauncher.LaunchServiceHandler.launch(LaunchServiceHandler.java:53) [modlauncher-11.0.5.jar%2394!/:?]
		at MC-BOOTSTRAP/cpw.mods.modlauncher@11.0.5/cpw.mods.modlauncher.LaunchServiceHandler.launch(LaunchServiceHandler.java:71) [modlauncher-11.0.5.jar%2394!/:?]
		at MC-BOOTSTRAP/cpw.mods.modlauncher@11.0.5/cpw.mods.modlauncher.Launcher.run(Launcher.java:103) [modlauncher-11.0.5.jar%2394!/:?]
		at MC-BOOTSTRAP/cpw.mods.modlauncher@11.0.5/cpw.mods.modlauncher.Launcher.main(Launcher.java:74) [modlauncher-11.0.5.jar%2394!/:?]
		at MC-BOOTSTRAP/cpw.mods.modlauncher@11.0.5/cpw.mods.modlauncher.BootstrapLaunchConsumer.accept(BootstrapLaunchConsumer.java:26) [modlauncher-11.0.5.jar%2394!/:?]
		at MC-BOOTSTRAP/cpw.mods.modlauncher@11.0.5/cpw.mods.modlauncher.BootstrapLaunchConsumer.accept(BootstrapLaunchConsumer.java:23) [modlauncher-11.0.5.jar%2394!/:?]
		at cpw.mods.bootstraplauncher@2.0.2/cpw.mods.bootstraplauncher.BootstrapLauncher.run(BootstrapLauncher.java:210) [bootstraplauncher-2.0.2.jar:?]
		at cpw.mods.bootstraplauncher@2.0.2/cpw.mods.bootstraplauncher.BootstrapLauncher.main(BootstrapLauncher.java:69) [bootstraplauncher-2.0.2.jar:?]
		at java.base/jdk.internal.reflect.DirectMethodHandleAccessor.invoke(DirectMethodHandleAccessor.java:103) ~[?:?]
		at java.base/java.lang.reflect.Method.invoke(Method.java:580) ~[?:?]
		at crystallauncher.MinecraftConstructor.run(MinecraftConstructor.java:29) [proxyserver.jar:?]
		at crystallauncher.MineClient.start(MineClient.java:201) [proxyserver.jar:?]
		at crystallauncher.MineClient.main(MineClient.java:42) [proxyserver.jar:?]
	Suppressed: java.lang.UnsatisfiedLinkError: libflite.so: cannot open shared object file: No such file or directory
		at MC-BOOTSTRAP/com.sun.jna@5.14.0/com.sun.jna.Native.open(Native Method) ~[jna-5.14.0.jar%23148!/:5.14.0 (b0)]
		at MC-BOOTSTRAP/com.sun.jna@5.14.0/com.sun.jna.NativeLibrary.loadLibrary(NativeLibrary.java:226) ~[jna-5.14.0.jar%23148!/:5.14.0 (b0)]
		at MC-BOOTSTRAP/com.sun.jna@5.14.0/com.sun.jna.NativeLibrary.getInstance(NativeLibrary.java:481) ~[jna-5.14.0.jar%23148!/:5.14.0 (b0)]
		at MC-BOOTSTRAP/com.sun.jna@5.14.0/com.sun.jna.NativeLibrary.getInstance(NativeLibrary.java:423) ~[jna-5.14.0.jar%23148!/:5.14.0 (b0)]
		at MC-BOOTSTRAP/text2speech@1.17.9/com.mojang.text2speech.NarratorLinux$FliteLibrary.loadNative(NarratorLinux.java:67) ~[text2speech-1.17.9.jar%23133!/:?]
		at MC-BOOTSTRAP/text2speech@1.17.9/com.mojang.text2speech.NarratorLinux.<init>(NarratorLinux.java:18) ~[text2speech-1.17.9.jar%23133!/:?]
		at MC-BOOTSTRAP/text2speech@1.17.9/com.mojang.text2speech.Narrator.getNarrator(Narrator.java:41) ~[text2speech-1.17.9.jar%23133!/:?]
		at TRANSFORMER/minecraft@1.21.1/net.minecraft.client.GameNarrator.<init>(GameNarrator.java:21) ~[client-1.21.1-20240808.144430-srg.jar%23234!/:?]
		at TRANSFORMER/minecraft@1.21.1/net.minecraft.client.Minecraft.<init>(Minecraft.java:609) ~[client-1.21.1-20240808.144430-srg.jar%23234!/:?]
		at TRANSFORMER/minecraft@1.21.1/net.minecraft.client.main.Main.main(Main.java:214) ~[client-1.21.1-20240808.144430-srg.jar%23234!/:?]
		at java.base/jdk.internal.reflect.DirectMethodHandleAccessor.invoke(DirectMethodHandleAccessor.java:103) ~[?:?]
		at java.base/java.lang.reflect.Method.invoke(Method.java:580) ~[?:?]
		at MC-BOOTSTRAP/fml_loader@4.0.42/net.neoforged.fml.loading.targets.CommonLaunchHandler.runTarget(CommonLaunchHandler.java:136) ~[loader-4.0.42.jar%2389!/:4.0]
		at MC-BOOTSTRAP/fml_loader@4.0.42/net.neoforged.fml.loading.targets.CommonLaunchHandler.clientService(CommonLaunchHandler.java:124) ~[loader-4.0.42.jar%2389!/:4.0]
		at MC-BOOTSTRAP/fml_loader@4.0.42/net.neoforged.fml.loading.targets.CommonClientLaunchHandler.runService(CommonClientLaunchHandler.java:32) ~[loader-4.0.42.jar%2389!/:4.0]
		at MC-BOOTSTRAP/fml_loader@4.0.42/net.neoforged.fml.loading.targets.CommonLaunchHandler.lambda$launchService$4(CommonLaunchHandler.java:118) ~[loader-4.0.42.jar%2389!/:4.0]
		at MC-BOOTSTRAP/cpw.mods.modlauncher@11.0.5/cpw.mods.modlauncher.LaunchServiceHandlerDecorator.launch(LaunchServiceHandlerDecorator.java:30) [modlauncher-11.0.5.jar%2394!/:?]
		at MC-BOOTSTRAP/cpw.mods.modlauncher@11.0.5/cpw.mods.modlauncher.LaunchServiceHandler.launch(LaunchServiceHandler.java:53) [modlauncher-11.0.5.jar%2394!/:?]
		at MC-BOOTSTRAP/cpw.mods.modlauncher@11.0.5/cpw.mods.modlauncher.LaunchServiceHandler.launch(LaunchServiceHandler.java:71) [modlauncher-11.0.5.jar%2394!/:?]
		at MC-BOOTSTRAP/cpw.mods.modlauncher@11.0.5/cpw.mods.modlauncher.Launcher.run(Launcher.java:103) [modlauncher-11.0.5.jar%2394!/:?]
		at MC-BOOTSTRAP/cpw.mods.modlauncher@11.0.5/cpw.mods.modlauncher.Launcher.main(Launcher.java:74) [modlauncher-11.0.5.jar%2394!/:?]
		at MC-BOOTSTRAP/cpw.mods.modlauncher@11.0.5/cpw.mods.modlauncher.BootstrapLaunchConsumer.accept(BootstrapLaunchConsumer.java:26) [modlauncher-11.0.5.jar%2394!/:?]
		at MC-BOOTSTRAP/cpw.mods.modlauncher@11.0.5/cpw.mods.modlauncher.BootstrapLaunchConsumer.accept(BootstrapLaunchConsumer.java:23) [modlauncher-11.0.5.jar%2394!/:?]
		at cpw.mods.bootstraplauncher@2.0.2/cpw.mods.bootstraplauncher.BootstrapLauncher.run(BootstrapLauncher.java:210) [bootstraplauncher-2.0.2.jar:?]
		at cpw.mods.bootstraplauncher@2.0.2/cpw.mods.bootstraplauncher.BootstrapLauncher.main(BootstrapLauncher.java:69) [bootstraplauncher-2.0.2.jar:?]
		at java.base/jdk.internal.reflect.DirectMethodHandleAccessor.invoke(DirectMethodHandleAccessor.java:103) ~[?:?]
		at java.base/java.lang.reflect.Method.invoke(Method.java:580) ~[?:?]
		at crystallauncher.MinecraftConstructor.run(MinecraftConstructor.java:29) [proxyserver.jar:?]
		at crystallauncher.MineClient.start(MineClient.java:201) [proxyserver.jar:?]
		at crystallauncher.MineClient.main(MineClient.java:42) [proxyserver.jar:?]
	Suppressed: java.io.IOException: Native library (linux-x86-64/libflite.so) not found in resource path (/home/wasabi/workspace/Games/Crystal-Launcher/extlib/crystal/proxyserver.jar:/home/wasabi/workspace/Games/Crystal-Launcher/extlib/crystal/guipatch_en.jar:/home/wasabi/workspace/Games/Crystal-Launcher/instances/u.aiki/.minecraft/versions/neoforge-21.1.213/neoforge-21.1.213.jar:/home/wasabi/workspace/Games/Crystal-Launcher/instances/u.aiki/.minecraft/libraries/net/neoforged/fancymodloader/earlydisplay/4.0.42/earlydisplay-4.0.42.jar:/home/wasabi/workspace/Games/Crystal-Launcher/instances/u.aiki/.minecraft/libraries/net/neoforged/fancymodloader/loader/4.0.42/loader-4.0.42.jar:/home/wasabi/workspace/Games/Crystal-Launcher/instances/u.aiki/.minecraft/libraries/net/neoforged/accesstransformers/at-modlauncher/10.0.1/at-modlauncher-10.0.1.jar:/home/wasabi/workspace/Games/Crystal-Launcher/instances/u.aiki/.minecraft/libraries/net/neoforged/accesstransformers/10.0.1/accesstransformers-10.0.1.jar:/home/wasabi/workspace/Games/Crystal-Launcher/instances/u.aiki/.minecraft/libraries/net/neoforged/bus/8.0.5/bus-8.0.5.jar:/home/wasabi/workspace/Games/Crystal-Launcher/instances/u.aiki/.minecraft/libraries/net/neoforged/coremods/7.0.3/coremods-7.0.3.jar:/home/wasabi/workspace/Games/Crystal-Launcher/instances/u.aiki/.minecraft/libraries/cpw/mods/modlauncher/11.0.5/modlauncher-11.0.5.jar:/home/wasabi/workspace/Games/Crystal-Launcher/instances/u.aiki/.minecraft/libraries/net/neoforged/mergetool/2.0.0/mergetool-2.0.0-api.jar:/home/wasabi/workspace/Games/Crystal-Launcher/instances/u.aiki/.minecraft/libraries/com/electronwill/night-config/toml/3.8.3/toml-3.8.3.jar:/home/wasabi/workspace/Games/Crystal-Launcher/instances/u.aiki/.minecraft/libraries/com/electronwill/night-config/core/3.8.3/core-3.8.3.jar:/home/wasabi/workspace/Games/Crystal-Launcher/instances/u.aiki/.minecraft/libraries/net/neoforged/JarJarSelector/0.4.1/JarJarSelector-0.4.1.jar:/home/wasabi/workspace/Games/Crystal-Launcher/instances/u.aiki/.minecraft/libraries/net/neoforged/JarJarMetadata/0.4.1/JarJarMetadata-0.4.1.jar:/home/wasabi/workspace/Games/Crystal-Launcher/instances/u.aiki/.minecraft/libraries/org/apache/maven/maven-artifact/3.8.5/maven-artifact-3.8.5.jar:/home/wasabi/workspace/Games/Crystal-Launcher/instances/u.aiki/.minecraft/libraries/net/jodah/typetools/0.6.3/typetools-0.6.3.jar:/home/wasabi/workspace/Games/Crystal-Launcher/instances/u.aiki/.minecraft/libraries/net/minecrell/terminalconsoleappender/1.3.0/terminalconsoleappender-1.3.0.jar:/home/wasabi/workspace/Games/Crystal-Launcher/instances/u.aiki/.minecraft/libraries/net/fabricmc/sponge-mixin/0.15.2+mixin.0.8.7/sponge-mixin-0.15.2+mixin.0.8.7.jar:/home/wasabi/workspace/Games/Crystal-Launcher/instances/u.aiki/.minecraft/libraries/org/openjdk/nashorn/nashorn-core/15.4/nashorn-core-15.4.jar:/home/wasabi/workspace/Games/Crystal-Launcher/instances/u.aiki/.minecraft/libraries/org/apache/commons/commons-lang3/3.14.0/commons-lang3-3.14.0.jar:/home/wasabi/workspace/Games/Crystal-Launcher/instances/u.aiki/.minecraft/libraries/cpw/mods/bootstraplauncher/2.0.2/bootstraplauncher-2.0.2.jar:/home/wasabi/workspace/Games/Crystal-Launcher/instances/u.aiki/.minecraft/libraries/cpw/mods/securejarhandler/3.0.8/securejarhandler-3.0.8.jar:/home/wasabi/workspace/Games/Crystal-Launcher/instances/u.aiki/.minecraft/libraries/org/ow2/asm/asm-commons/9.8/asm-commons-9.8.jar:/home/wasabi/workspace/Games/Crystal-Launcher/instances/u.aiki/.minecraft/libraries/org/ow2/asm/asm-util/9.8/asm-util-9.8.jar:/home/wasabi/workspace/Games/Crystal-Launcher/instances/u.aiki/.minecraft/libraries/org/ow2/asm/asm-analysis/9.8/asm-analysis-9.8.jar:/home/wasabi/workspace/Games/Crystal-Launcher/instances/u.aiki/.minecraft/libraries/org/ow2/asm/asm-tree/9.8/asm-tree-9.8.jar:/home/wasabi/workspace/Games/Crystal-Launcher/instances/u.aiki/.minecraft/libraries/org/ow2/asm/asm/9.8/asm-9.8.jar:/home/wasabi/workspace/Games/Crystal-Launcher/instances/u.aiki/.minecraft/libraries/net/neoforged/JarJarFileSystems/0.4.1/JarJarFileSystems-0.4.1.jar:/home/wasabi/workspace/Games/Crystal-Launcher/instances/u.aiki/.minecraft/libraries/net/sf/jopt-simple/jopt-simple/5.0.4/jopt-simple-5.0.4.jar:/home/wasabi/workspace/Games/Crystal-Launcher/instances/u.aiki/.minecraft/libraries/org/slf4j/slf4j-api/2.0.9/slf4j-api-2.0.9.jar:/home/wasabi/workspace/Games/Crystal-Launcher/instances/u.aiki/.minecraft/libraries/org/antlr/antlr4-runtime/4.13.1/antlr4-runtime-4.13.1.jar:/home/wasabi/workspace/Games/Crystal-Launcher/instances/u.aiki/.minecraft/libraries/com/mojang/logging/1.2.7/logging-1.2.7.jar:/home/wasabi/workspace/Games/Crystal-Launcher/instances/u.aiki/.minecraft/libraries/org/apache/logging/log4j/log4j-slf4j2-impl/2.22.1/log4j-slf4j2-impl-2.22.1.jar:/home/wasabi/workspace/Games/Crystal-Launcher/instances/u.aiki/.minecraft/libraries/org/apache/logging/log4j/log4j-core/2.22.1/log4j-core-2.22.1.jar:/home/wasabi/workspace/Games/Crystal-Launcher/instances/u.aiki/.minecraft/libraries/org/apache/logging/log4j/log4j-api/2.22.1/log4j-api-2.22.1.jar:/home/wasabi/workspace/Games/Crystal-Launcher/instances/u.aiki/.minecraft/libraries/org/jline/jline-reader/3.20.0/jline-reader-3.20.0.jar:/home/wasabi/workspace/Games/Crystal-Launcher/instances/u.aiki/.minecraft/libraries/org/jline/jline-terminal/3.20.0/jline-terminal-3.20.0.jar:/home/wasabi/workspace/Games/Crystal-Launcher/instances/u.aiki/.minecraft/libraries/commons-io/commons-io/2.15.1/commons-io-2.15.1.jar:/home/wasabi/workspace/Games/Crystal-Launcher/instances/u.aiki/.minecraft/libraries/net/minecraftforge/srgutils/0.4.15/srgutils-0.4.15.jar:/home/wasabi/workspace/Games/Crystal-Launcher/instances/u.aiki/.minecraft/libraries/com/google/guava/guava/32.1.2-jre/guava-32.1.2-jre.jar:/home/wasabi/workspace/Games/Crystal-Launcher/instances/u.aiki/.minecraft/libraries/com/google/guava/failureaccess/1.0.1/failureaccess-1.0.1.jar:/home/wasabi/workspace/Games/Crystal-Launcher/instances/u.aiki/.minecraft/libraries/com/google/guava/listenablefuture/9999.0-empty-to-avoid-conflict-with-guava/listenablefuture-9999.0-empty-to-avoid-conflict-with-guava.jar:/home/wasabi/workspace/Games/Crystal-Launcher/instances/u.aiki/.minecraft/libraries/com/google/code/findbugs/jsr305/3.0.2/jsr305-3.0.2.jar:/home/wasabi/workspace/Games/Crystal-Launcher/instances/u.aiki/.minecraft/libraries/org/checkerframework/checker-qual/3.33.0/checker-qual-3.33.0.jar:/home/wasabi/workspace/Games/Crystal-Launcher/instances/u.aiki/.minecraft/libraries/com/google/errorprone/error_prone_annotations/2.18.0/error_prone_annotations-2.18.0.jar:/home/wasabi/workspace/Games/Crystal-Launcher/instances/u.aiki/.minecraft/libraries/com/google/j2objc/j2objc-annotations/2.8/j2objc-annotations-2.8.jar:/home/wasabi/workspace/Games/Crystal-Launcher/instances/u.aiki/.minecraft/libraries/com/google/code/gson/gson/2.10.1/gson-2.10.1.jar:/home/wasabi/workspace/Games/Crystal-Launcher/instances/u.aiki/.minecraft/libraries/org/codehaus/plexus/plexus-utils/3.3.0/plexus-utils-3.3.0.jar:/home/wasabi/workspace/Games/Crystal-Launcher/instances/u.aiki/.minecraft/libraries/com/machinezoo/noexception/noexception/1.7.1/noexception-1.7.1.jar:/home/wasabi/workspace/Games/Crystal-Launcher/instances/u.aiki/.minecraft/libraries/com/ibm/icu/icu4j/73.2/icu4j-73.2.jar:/home/wasabi/workspace/Games/Crystal-Launcher/instances/u.aiki/.minecraft/libraries/com/mojang/authlib/6.0.54/authlib-6.0.54.jar:/home/wasabi/workspace/Games/Crystal-Launcher/instances/u.aiki/.minecraft/libraries/com/mojang/blocklist/1.0.10/blocklist-1.0.10.jar:/home/wasabi/workspace/Games/Crystal-Launcher/instances/u.aiki/.minecraft/libraries/com/mojang/brigadier/1.3.10/brigadier-1.3.10.jar:/home/wasabi/workspace/Games/Crystal-Launcher/instances/u.aiki/.minecraft/libraries/com/mojang/datafixerupper/8.0.16/datafixerupper-8.0.16.jar:/home/wasabi/workspace/Games/Crystal-Launcher/instances/u.aiki/.minecraft/libraries/com/mojang/patchy/2.2.10/patchy-2.2.10.jar:/home/wasabi/workspace/Games/Crystal-Launcher/instances/u.aiki/.minecraft/libraries/com/mojang/text2speech/1.17.9/text2speech-1.17.9.jar:/home/wasabi/workspace/Games/Crystal-Launcher/instances/u.aiki/.minecraft/libraries/commons-codec/commons-codec/1.16.0/commons-codec-1.16.0.jar:/home/wasabi/workspace/Games/Crystal-Launcher/instances/u.aiki/.minecraft/libraries/commons-logging/commons-logging/1.2/commons-logging-1.2.jar:/home/wasabi/workspace/Games/Crystal-Launcher/instances/u.aiki/.minecraft/libraries/io/netty/netty-buffer/4.1.97.Final/netty-buffer-4.1.97.Final.jar:/home/wasabi/workspace/Games/Crystal-Launcher/instances/u.aiki/.minecraft/libraries/io/netty/netty-codec/4.1.97.Final/netty-codec-4.1.97.Final.jar:/home/wasabi/workspace/Games/Crystal-Launcher/instances/u.aiki/.minecraft/libraries/io/netty/netty-common/4.1.97.Final/netty-common-4.1.97.Final.jar:/home/wasabi/workspace/Games/Crystal-Launcher/instances/u.aiki/.minecraft/libraries/io/netty/netty-handler/4.1.97.Final/netty-handler-4.1.97.Final.jar:/home/wasabi/workspace/Games/Crystal-Launcher/instances/u.aiki/.minecraft/libraries/io/netty/netty-resolver/4.1.97.Final/netty-resolver-4.1.97.Final.jar:/home/wasabi/workspace/Games/Crystal-Launcher/instances/u.aiki/.minecraft/libraries/io/netty/netty-transport-classes-epoll/4.1.97.Final/netty-transport-classes-epoll-4.1.97.Final.jar:/home/wasabi/workspace/Games/Crystal-Launcher/instances/u.aiki/.minecraft/libraries/io/netty/netty-transport-native-epoll/4.1.97.Final/netty-transport-native-epoll-4.1.97.Final-linux-aarch_64.jar:/home/wasabi/workspace/Games/Crystal-Launcher/instances/u.aiki/.minecraft/libraries/io/netty/netty-transport-native-epoll/4.1.97.Final/netty-transport-native-epoll-4.1.97.Final-linux-x86_64.jar:/home/wasabi/workspace/Games/Crystal-Launcher/instances/u.aiki/.minecraft/libraries/io/netty/netty-transport-native-unix-common/4.1.97.Final/netty-transport-native-unix-common-4.1.97.Final.jar:/home/wasabi/workspace/Games/Crystal-Launcher/instances/u.aiki/.minecraft/libraries/io/netty/netty-transport/4.1.97.Final/netty-transport-4.1.97.Final.jar:/home/wasabi/workspace/Games/Crystal-Launcher/instances/u.aiki/.minecraft/libraries/it/unimi/dsi/fastutil/8.5.12/fastutil-8.5.12.jar:/home/wasabi/workspace/Games/Crystal-Launcher/instances/u.aiki/.minecraft/libraries/net/java/dev/jna/jna-platform/5.14.0/jna-platform-5.14.0.jar:/home/wasabi/workspace/Games/Crystal-Launcher/instances/u.aiki/.minecraft/libraries/net/java/dev/jna/jna/5.14.0/jna-5.14.0.jar:/home/wasabi/workspace/Games/Crystal-Launcher/instances/u.aiki/.minecraft/libraries/org/apache/commons/commons-compress/1.26.0/commons-compress-1.26.0.jar:/home/wasabi/workspace/Games/Crystal-Launcher/instances/u.aiki/.minecraft/libraries/org/apache/httpcomponents/httpclient/4.5.13/httpclient-4.5.13.jar:/home/wasabi/workspace/Games/Crystal-Launcher/instances/u.aiki/.minecraft/libraries/org/apache/httpcomponents/httpcore/4.4.16/httpcore-4.4.16.jar:/home/wasabi/workspace/Games/Crystal-Launcher/instances/u.aiki/.minecraft/libraries/org/jcraft/jorbis/0.0.17/jorbis-0.0.17.jar:/home/wasabi/workspace/Games/Crystal-Launcher/instances/u.aiki/.minecraft/libraries/org/joml/joml/1.10.5/joml-1.10.5.jar:/home/wasabi/workspace/Games/Crystal-Launcher/instances/u.aiki/.minecraft/libraries/org/lwjgl/lwjgl-freetype/3.3.3/lwjgl-freetype-3.3.3.jar:/home/wasabi/workspace/Games/Crystal-Launcher/instances/u.aiki/.minecraft/libraries/org/lwjgl/lwjgl-glfw/3.3.3/lwjgl-glfw-3.3.3.jar:/home/wasabi/workspace/Games/Crystal-Launcher/instances/u.aiki/.minecraft/libraries/org/lwjgl/lwjgl-jemalloc/3.3.3/lwjgl-jemalloc-3.3.3.jar:/home/wasabi/workspace/Games/Crystal-Launcher/instances/u.aiki/.minecraft/libraries/org/lwjgl/lwjgl-openal/3.3.3/lwjgl-openal-3.3.3.jar:/home/wasabi/workspace/Games/Crystal-Launcher/instances/u.aiki/.minecraft/libraries/org/lwjgl/lwjgl-opengl/3.3.3/lwjgl-opengl-3.3.3.jar:/home/wasabi/workspace/Games/Crystal-Launcher/instances/u.aiki/.minecraft/libraries/org/lwjgl/lwjgl-stb/3.3.3/lwjgl-stb-3.3.3.jar:/home/wasabi/workspace/Games/Crystal-Launcher/instances/u.aiki/.minecraft/libraries/org/lwjgl/lwjgl-tinyfd/3.3.3/lwjgl-tinyfd-3.3.3.jar:/home/wasabi/workspace/Games/Crystal-Launcher/instances/u.aiki/.minecraft/libraries/org/lwjgl/lwjgl/3.3.3/lwjgl-3.3.3.jar:/home/wasabi/workspace/Games/Crystal-Launcher/instances/u.aiki/.minecraft/libraries/org/lz4/lz4-java/1.8.0/lz4-java-1.8.0.jar:/home/wasabi/workspace/Games/Crystal-Launcher/instances/u.aiki/.minecraft/libraries/com/github/oshi/oshi-core/6.4.10/oshi-core-6.4.10.jar)
		at MC-BOOTSTRAP/com.sun.jna@5.14.0/com.sun.jna.Native.extractFromResourcePath(Native.java:1141) ~[jna-5.14.0.jar%23148!/:5.14.0 (b0)]
		at MC-BOOTSTRAP/com.sun.jna@5.14.0/com.sun.jna.NativeLibrary.loadLibrary(NativeLibrary.java:297) ~[jna-5.14.0.jar%23148!/:5.14.0 (b0)]
		at MC-BOOTSTRAP/com.sun.jna@5.14.0/com.sun.jna.NativeLibrary.getInstance(NativeLibrary.java:481) ~[jna-5.14.0.jar%23148!/:5.14.0 (b0)]
		at MC-BOOTSTRAP/com.sun.jna@5.14.0/com.sun.jna.NativeLibrary.getInstance(NativeLibrary.java:423) ~[jna-5.14.0.jar%23148!/:5.14.0 (b0)]
		at MC-BOOTSTRAP/text2speech@1.17.9/com.mojang.text2speech.NarratorLinux$FliteLibrary.loadNative(NarratorLinux.java:67) ~[text2speech-1.17.9.jar%23133!/:?]
		at MC-BOOTSTRAP/text2speech@1.17.9/com.mojang.text2speech.NarratorLinux.<init>(NarratorLinux.java:18) ~[text2speech-1.17.9.jar%23133!/:?]
		at MC-BOOTSTRAP/text2speech@1.17.9/com.mojang.text2speech.Narrator.getNarrator(Narrator.java:41) ~[text2speech-1.17.9.jar%23133!/:?]
		at TRANSFORMER/minecraft@1.21.1/net.minecraft.client.GameNarrator.<init>(GameNarrator.java:21) ~[client-1.21.1-20240808.144430-srg.jar%23234!/:?]
		at TRANSFORMER/minecraft@1.21.1/net.minecraft.client.Minecraft.<init>(Minecraft.java:609) ~[client-1.21.1-20240808.144430-srg.jar%23234!/:?]
		at TRANSFORMER/minecraft@1.21.1/net.minecraft.client.main.Main.main(Main.java:214) ~[client-1.21.1-20240808.144430-srg.jar%23234!/:?]
		at java.base/jdk.internal.reflect.DirectMethodHandleAccessor.invoke(DirectMethodHandleAccessor.java:103) ~[?:?]
		at java.base/java.lang.reflect.Method.invoke(Method.java:580) ~[?:?]
		at MC-BOOTSTRAP/fml_loader@4.0.42/net.neoforged.fml.loading.targets.CommonLaunchHandler.runTarget(CommonLaunchHandler.java:136) ~[loader-4.0.42.jar%2389!/:4.0]
		at MC-BOOTSTRAP/fml_loader@4.0.42/net.neoforged.fml.loading.targets.CommonLaunchHandler.clientService(CommonLaunchHandler.java:124) ~[loader-4.0.42.jar%2389!/:4.0]
		at MC-BOOTSTRAP/fml_loader@4.0.42/net.neoforged.fml.loading.targets.CommonClientLaunchHandler.runService(CommonClientLaunchHandler.java:32) ~[loader-4.0.42.jar%2389!/:4.0]
		at MC-BOOTSTRAP/fml_loader@4.0.42/net.neoforged.fml.loading.targets.CommonLaunchHandler.lambda$launchService$4(CommonLaunchHandler.java:118) ~[loader-4.0.42.jar%2389!/:4.0]
		at MC-BOOTSTRAP/cpw.mods.modlauncher@11.0.5/cpw.mods.modlauncher.LaunchServiceHandlerDecorator.launch(LaunchServiceHandlerDecorator.java:30) [modlauncher-11.0.5.jar%2394!/:?]
		at MC-BOOTSTRAP/cpw.mods.modlauncher@11.0.5/cpw.mods.modlauncher.LaunchServiceHandler.launch(LaunchServiceHandler.java:53) [modlauncher-11.0.5.jar%2394!/:?]
		at MC-BOOTSTRAP/cpw.mods.modlauncher@11.0.5/cpw.mods.modlauncher.LaunchServiceHandler.launch(LaunchServiceHandler.java:71) [modlauncher-11.0.5.jar%2394!/:?]
		at MC-BOOTSTRAP/cpw.mods.modlauncher@11.0.5/cpw.mods.modlauncher.Launcher.run(Launcher.java:103) [modlauncher-11.0.5.jar%2394!/:?]
		at MC-BOOTSTRAP/cpw.mods.modlauncher@11.0.5/cpw.mods.modlauncher.Launcher.main(Launcher.java:74) [modlauncher-11.0.5.jar%2394!/:?]
		at MC-BOOTSTRAP/cpw.mods.modlauncher@11.0.5/cpw.mods.modlauncher.BootstrapLaunchConsumer.accept(BootstrapLaunchConsumer.java:26) [modlauncher-11.0.5.jar%2394!/:?]
		at MC-BOOTSTRAP/cpw.mods.modlauncher@11.0.5/cpw.mods.modlauncher.BootstrapLaunchConsumer.accept(BootstrapLaunchConsumer.java:23) [modlauncher-11.0.5.jar%2394!/:?]
		at cpw.mods.bootstraplauncher@2.0.2/cpw.mods.bootstraplauncher.BootstrapLauncher.run(BootstrapLauncher.java:210) [bootstraplauncher-2.0.2.jar:?]
		at cpw.mods.bootstraplauncher@2.0.2/cpw.mods.bootstraplauncher.BootstrapLauncher.main(BootstrapLauncher.java:69) [bootstraplauncher-2.0.2.jar:?]
		at java.base/jdk.internal.reflect.DirectMethodHandleAccessor.invoke(DirectMethodHandleAccessor.java:103) ~[?:?]
		at java.base/java.lang.reflect.Method.invoke(Method.java:580) ~[?:?]
		at crystallauncher.MinecraftConstructor.run(MinecraftConstructor.java:29) [proxyserver.jar:?]
		at crystallauncher.MineClient.start(MineClient.java:201) [proxyserver.jar:?]
		at crystallauncher.MineClient.main(MineClient.java:42) [proxyserver.jar:?]
[25Dec2025 17:14:31.706] [Render thread/INFO] [unionlib/]: Initializing mod on client: antiqueatlas
[25Dec2025 17:14:31.706] [Render thread/INFO] [unionlib/]: Initializing mod on client: unionlib
[25Dec2025 17:14:31.710] [Render thread/INFO] [net.minecraft.server.packs.resources.ReloadableResourceManager/]: Reloading ResourceManager: vanilla, fabric, mod_resources, mod/kuma_api, mod/fabric_renderer_api_v1, mod/unionlib,unionlib_potionfluid, mod/supermartijn642configlib, mod/geckolib, mod/beautify, mod/fabric_item_api_v1, mod/fabric_rendering_fluids_v1, mod/sophisticatedcore, mod/fabric_convention_tags_v1, mod/neoforge, mod/fabric_block_view_api_v2, mod/fabric_command_api_v2, mod/fabric_convention_tags_v2, mod/fabric_data_attachment_api_v1, mod/sophisticatedbackpacks, mod/mythrais, mod/immeng, mod/balm, mod/fabric_screen_api_v1, mod/connector, mod/cloth_config, mod/fabric_api,forgified_fabric_api, mod/fabric_content_registries_v0, mod/glodium, mod/fabric_game_rule_api_v1, mod/fabric_api_lookup_api_v1, mod/supermartijn642corelib, mod/resourcefulconfig, mod/curios, mod/mr_dungeons_andtaverns, mod/fabric_entity_events_v1, mod/shutter, mod/architectury, mod/beachparty, mod/computercraft, mod/fabric_loot_api_v2, mod/mcwfurnitures, mod/fabric_loot_api_v3, mod/fabric_rendering_data_attachment_v1, mod/quad, mod/fabric_networking_api_v1, mod/codechickenlib, mod/cb_multipart,cb_microblock,cb_multipart_minecraft, mod/projectred_core, mod/projectred_integration, mod/projectred_expansion, mod/dynamictrees, mod/dynamictreesplus, mod/fabric_lifecycle_events_v1, mod/fabric_key_binding_api_v1, mod/fabric_client_tags_api_v1, mod/fabric_transfer_api_v1, mod/inventorysorter, mod/mekanismcovers, mod/rechiseled, mod/fabric_model_loading_api_v1, mod/fabric_screen_handler_api_v1, mod/fabric_resource_loader_v0, mod/mekanism, mod/mekanismgenerators, mod/fabric_rendering_v1, mod/waystones, mod/fabric_renderer_indigo, mod/projectred_transmission, mod/glitchcore, mod/sereneseasons, mod/guideme, mod/distanthorizons, mod/fusion, mod/fabric_particles_v1, mod/chalk, mod/fabric_transitive_access_wideners_v1, mod/jeimultiblocks, mod/antiqueatlas, mod/emi, mod/lolmcv, mod/projectred_exploration, mod/fabric_api_base, mod/immersiveengineering, mod/fabric_blockrenderlayer_v1, mod/jade, mod/ae2, mod/ae2wtlib, mod/extendedae, mod/growthacceleratortiers, mod/rechiseledae2, mod/moderndeco, mod/fabric_block_api_v1, mod/fabric_resource_conditions_api_v1, mod/megacells, mod/gravestone, mod/fabric_item_group_api_v1, mod/polyeng, mod/fabric_gametest_api_v1, mod/polymorph, mod/storagedrawers, mod/projectred_fabrication, mod/fabric_biome_api_v1, mod/buildinggadgets2, mod/fabric_registry_sync_v0, mod/ae2addonlib, mod/advanced_ae, mod/ae2wtlib_api, mod/continuity, mod/fabric_recipe_api_v1, mod/fabric_object_builder_api_v1, mod/projectred_illumination, mod/reddensstonelantern, mod/fabric_sound_api_v1, mod/appmek, mod/fabric_message_api_v1, mod/ae2ct, mod/fabric_data_generation_api_v1, mod/fabric_events_interaction_v0, continuity:default, continuity:glass_pane_culling_fix
[25Dec2025 17:14:31.726] [Worker-Main-9/INFO] [mekanism.common.Mekanism/]: Version 10.7.17 initializing...
[25Dec2025 17:14:31.748] [Worker-Main-14/INFO] [com.jaquadro.minecraft.storagedrawers.ModServices/]: New compacting rule 4 minecraft:clay_ball = 1 minecraft:clay
[25Dec2025 17:14:31.748] [Worker-Main-14/INFO] [com.jaquadro.minecraft.storagedrawers.ModServices/]: New compacting rule 4 minecraft:snowball = 1 minecraft:snow_block
[25Dec2025 17:14:31.748] [Worker-Main-14/INFO] [com.jaquadro.minecraft.storagedrawers.ModServices/]: New compacting rule 4 minecraft:glowstone_dust = 1 minecraft:glowstone
[25Dec2025 17:14:31.748] [Worker-Main-14/INFO] [com.jaquadro.minecraft.storagedrawers.ModServices/]: New compacting rule 4 minecraft:brick = 1 minecraft:bricks
[25Dec2025 17:14:31.748] [Worker-Main-14/INFO] [com.jaquadro.minecraft.storagedrawers.ModServices/]: New compacting rule 4 minecraft:nether_brick = 1 minecraft:nether_bricks
[25Dec2025 17:14:31.748] [Worker-Main-14/INFO] [com.jaquadro.minecraft.storagedrawers.ModServices/]: New compacting rule 9 minecraft:nether_wart = 1 minecraft:nether_wart_block
[25Dec2025 17:14:31.748] [Worker-Main-14/INFO] [com.jaquadro.minecraft.storagedrawers.ModServices/]: New compacting rule 4 minecraft:quartz = 1 minecraft:quartz_block
[25Dec2025 17:14:31.749] [Worker-Main-14/INFO] [com.jaquadro.minecraft.storagedrawers.ModServices/]: New compacting rule 9 minecraft:melon_slice = 1 minecraft:melon
[25Dec2025 17:14:31.749] [Worker-Main-14/INFO] [com.jaquadro.minecraft.storagedrawers.ModServices/]: New compacting rule 9 minecraft:bamboo = 1 minecraft:bamboo_block
[25Dec2025 17:14:31.749] [Worker-Main-14/INFO] [com.jaquadro.minecraft.storagedrawers.ModServices/]: New compacting rule 4 minecraft:clay_ball = 1 minecraft:clay
[25Dec2025 17:14:31.753] [Worker-Main-14/INFO] [com.jaquadro.minecraft.storagedrawers.ModServices/]: New denied storage item storagedrawers:creative_vending_upgrade
[25Dec2025 17:14:31.753] [Immersive Engineering Contributors Thread/INFO] [immersiveengineering/]: Attempting to download special revolvers from GitHub
[25Dec2025 17:14:31.754] [Worker-Main-14/INFO] [com.jaquadro.minecraft.storagedrawers.ModServices/]: Adding ore conversions for types: c:storage_blocks, c:ingots, c:nuggets
[25Dec2025 17:14:31.754] [Worker-Main-14/INFO] [com.jaquadro.minecraft.storagedrawers.ModServices/]: Adding ore conversions for materials: aluminum, constantan, steel, uranium, invar, tin, lead, silver, platinum, nickel, osmium, bronze, electrum
[25Dec2025 17:14:31.758] [Worker-Main-7/INFO] [projectred_core/]: Loading Project Red ComputerCraft Compatibility Module
[25Dec2025 17:14:31.758] [NeoForge Version Check/INFO] [net.neoforged.fml.VersionChecker/]: [unionlib_potionfluid] Starting version check at https://raw.githubusercontent.com/Stereowalker/My-Home-Page/main/update_files/unionlib-potions-fluids.json
[25Dec2025 17:14:31.787] [Worker-Main-13/INFO] [net.minecraft.client.gui.font.providers.UnihexProvider/]: Found unifont_all_no_pua-15.1.05.hex, loading
[25Dec2025 17:14:31.787] [Worker-Main-14/INFO] [net.minecraft.client.gui.font.providers.UnihexProvider/]: Found unifont_jp_patch-15.1.05.hex, loading
[25Dec2025 17:14:31.815] [Worker-Main-22/ERROR] [net.minecraft.Util/]: Invalid path in pack: projectred_core:shaders/post/README.md, ignoring
[25Dec2025 17:14:31.818] [Worker-Main-9/INFO] [mekanism.common.Mekanism/]: Initialized HolidayManager.
[25Dec2025 17:14:31.828] [Worker-Main-9/INFO] [mekanism.common.Mekanism/]: Fake player readout: UUID = 46e82cd0-d480-3d48-800a-77431ede078e, name = [Mekanism]
[25Dec2025 17:14:31.828] [Worker-Main-9/INFO] [mekanism.common.Mekanism/]: Mod loaded.
[25Dec2025 17:14:31.830] [Worker-Main-9/INFO] [mekanism.common.Mekanism/]: Loaded 'Mekanism: Generators' module.
[25Dec2025 17:14:31.912] [NeoForge Version Check/INFO] [net.neoforged.fml.VersionChecker/]: [unionlib_potionfluid] Found status: BETA Current: 1.0.0 Target: null
[25Dec2025 17:14:31.913] [NeoForge Version Check/INFO] [net.neoforged.fml.VersionChecker/]: [mr_dungeons_andtaverns] Starting version check at https://api.modrinth.com/updates/tpehi7ww/forge_updates.json?neoforge=only
[25Dec2025 17:14:31.957] [Worker-Main-5/INFO] [DistantHorizons-DistantHorizons-loaderCommon.neoforge.com.seibel.distanthorizons.common.AbstractModInitializer/]: Initializing Distant Horizons client, firing DhApiBeforeDhInitEvent...
[25Dec2025 17:14:31.964] [Worker-Main-5/INFO] [DistantHorizons-DistantHorizons-com.seibel.distanthorizons.core.Initializer/]: Running library validation...
[25Dec2025 17:14:32.071] [Worker-Main-5/INFO] [DistantHorizons-DistantHorizons-com.seibel.distanthorizons.core.Initializer/]: Garbage collectors: [G1 Young Generation, G1 Concurrent GC, G1 Old Generation]
[25Dec2025 17:14:32.071] [Worker-Main-5/WARN] [DistantHorizons-DistantHorizons-com.seibel.distanthorizons.core.Initializer/]: Distant Horizons: G1 Garbage collector detected. 
This garbage collector can cause FPS stuttering. 
It's recommended to use a concurrent garbage collector 
like ZGC (Java 21+) or Shenandoah (Java 8 through 17) for a smoother experience. 

[25Dec2025 17:14:32.073] [Worker-Main-5/INFO] [DistantHorizons-DistantHorizons-loaderCommon.neoforge.com.seibel.distanthorizons.common.AbstractModInitializer/]: Distant Horizons, Version: 2.4.2-b
[25Dec2025 17:14:32.079] [Worker-Main-5/INFO] [DistantHorizons-DistantHorizons-loaderCommon.neoforge.com.seibel.distanthorizons.common.AbstractModInitializer/]: Skipping mod compatibility accessor for: [optifine]
[25Dec2025 17:14:32.080] [Worker-Main-5/INFO] [DistantHorizons-DistantHorizons-loaderCommon.neoforge.com.seibel.distanthorizons.common.AbstractModInitializer/]: Skipping mod compatibility accessor for: [c2me]
[25Dec2025 17:14:32.080] [Worker-Main-5/INFO] [DistantHorizons-DistantHorizons-loaderCommon.neoforge.com.seibel.distanthorizons.common.AbstractModInitializer/]: Skipping mod compatibility accessor for: [iris]
[25Dec2025 17:14:32.099] [Worker-Main-11/WARN] [net.minecraft.client.renderer.texture.SpriteLoader/]: Texture beautify:block/trellis_weeping_vines_hanging with size 20x16 limits mip level from 4 to 2
[25Dec2025 17:14:32.103] [Worker-Main-5/INFO] [DistantHorizons-DistantHorizons-com.seibel.distanthorizons.core.config.ConfigHandler/]: Initialising config for [DistantHorizons]
[25Dec2025 17:14:32.152] [NeoForge Version Check/INFO] [net.neoforged.fml.VersionChecker/]: [mr_dungeons_andtaverns] Found status: AHEAD Current: 1-v4.4.4 Target: null
[25Dec2025 17:14:32.152] [NeoForge Version Check/INFO] [net.neoforged.fml.VersionChecker/]: [computercraft] Starting version check at https://api.modrinth.com/updates/cc-tweaked/forge_updates.json
[25Dec2025 17:14:32.180] [Worker-Main-5/INFO] [DistantHorizons-DistantHorizons-com.seibel.distanthorizons.core.config.ConfigHandler/]: [DistantHorizons] Config initialised
[25Dec2025 17:14:32.190] [Worker-Main-5/INFO] [com.seibel.distanthorizons.core.logging.DhLogger/]: Applying config to loggers
[25Dec2025 17:14:32.190] [Worker-Main-5/INFO] [DistantHorizons-DistantHorizons-loaderCommon.neoforge.com.seibel.distanthorizons.common.AbstractModInitializer/]: Distant Horizons client Initialized.
[25Dec2025 17:14:32.190] [Worker-Main-5/INFO] [DistantHorizons-DistantHorizons-loaderCommon.neoforge.com.seibel.distanthorizons.common.AbstractModInitializer/]: Running Delayed setup...
[25Dec2025 17:14:32.190] [Worker-Main-5/INFO] [DistantHorizons-DistantHorizons-loaderCommon.neoforge.com.seibel.distanthorizons.common.AbstractModInitializer/]: Delayed setup complete, firing DhApiAfterDhInitEvent event...
[25Dec2025 17:14:32.377] [NeoForge Version Check/INFO] [net.neoforged.fml.VersionChecker/]: [computercraft] Found status: BETA Current: 1.116.1 Target: null
[25Dec2025 17:14:32.377] [NeoForge Version Check/INFO] [net.neoforged.fml.VersionChecker/]: [mcwfurnitures] Starting version check at https://raw.githubusercontent.com/sketchmacaw/macawsmods/master/furniture.json
[25Dec2025 17:14:32.402] [NeoForge Version Check/INFO] [net.neoforged.fml.VersionChecker/]: [mcwfurnitures] Found status: OUTDATED Current: 3.3.0 Target: 3.4.1
[25Dec2025 17:14:32.402] [NeoForge Version Check/INFO] [net.neoforged.fml.VersionChecker/]: [codechickenlib] Starting version check at https://version-check.covers1624.net/check/?mod=CodeChickenLib&mc=1.21.1
[25Dec2025 17:14:33.255] [NeoForge Version Check/INFO] [net.neoforged.fml.VersionChecker/]: [codechickenlib] Found status: OUTDATED Current: 4.6.1.524 Target: 4.6.1.526
[25Dec2025 17:14:33.255] [NeoForge Version Check/INFO] [net.neoforged.fml.VersionChecker/]: [cb_multipart] Starting version check at https://version-check.covers1624.net/check/?mod=CBMultipart&mc=1.21.1
[25Dec2025 17:14:33.531] [NeoForge Version Check/INFO] [net.neoforged.fml.VersionChecker/]: [cb_multipart] Found status: OUTDATED Current: 3.5.0.151 Target: 3.5.0.155
[25Dec2025 17:14:33.531] [NeoForge Version Check/INFO] [net.neoforged.fml.VersionChecker/]: [projectred_core] Starting version check at https://version-check.covers1624.net/check/?mod=ProjectRed&mc=1.21.1
[25Dec2025 17:14:33.807] [NeoForge Version Check/INFO] [net.neoforged.fml.VersionChecker/]: [projectred_core] Found status: OUTDATED Current: 4.22.0-alpha+11 Target: 4.22.0-beta+33
[25Dec2025 17:14:33.807] [NeoForge Version Check/INFO] [net.neoforged.fml.VersionChecker/]: [projectred_integration] Starting version check at https://version-check.covers1624.net/check/?mod=ProjectRed&mc=1.21.1
[25Dec2025 17:14:34.083] [NeoForge Version Check/INFO] [net.neoforged.fml.VersionChecker/]: [projectred_integration] Found status: OUTDATED Current: 4.22.0-alpha+11 Target: 4.22.0-beta+33
[25Dec2025 17:14:34.083] [NeoForge Version Check/INFO] [net.neoforged.fml.VersionChecker/]: [projectred_expansion] Starting version check at https://version-check.covers1624.net/check/?mod=ProjectRed&mc=1.21.1
[25Dec2025 17:14:34.361] [NeoForge Version Check/INFO] [net.neoforged.fml.VersionChecker/]: [projectred_expansion] Found status: OUTDATED Current: 4.22.0-alpha+11 Target: 4.22.0-beta+33
[25Dec2025 17:14:34.361] [NeoForge Version Check/INFO] [net.neoforged.fml.VersionChecker/]: [dynamictreesplus] Starting version check at https://github.com/DynamicTreesTeam/DynamicTreesVersionInfo/blob/master/DynamicTreesPlus.json?raw=true
[25Dec2025 17:14:34.573] [NeoForge Version Check/INFO] [net.neoforged.fml.VersionChecker/]: [dynamictreesplus] Found status: BETA Current: 1.3.0-BETA02 Target: null
[25Dec2025 17:14:34.573] [NeoForge Version Check/INFO] [net.neoforged.fml.VersionChecker/]: [projectred_transmission] Starting version check at https://version-check.covers1624.net/check/?mod=ProjectRed&mc=1.21.1
[25Dec2025 17:14:34.849] [NeoForge Version Check/INFO] [net.neoforged.fml.VersionChecker/]: [projectred_transmission] Found status: OUTDATED Current: 4.22.0-alpha+11 Target: 4.22.0-beta+33
[25Dec2025 17:14:34.849] [NeoForge Version Check/INFO] [net.neoforged.fml.VersionChecker/]: [unionlib] Starting version check at https://raw.githubusercontent.com/Stereowalker/My-Home-Page/main/update_files/unionlib.json
[25Dec2025 17:14:34.874] [NeoForge Version Check/INFO] [net.neoforged.fml.VersionChecker/]: [unionlib] Found status: BETA Current: 12.0.18 Target: null
[25Dec2025 17:14:34.874] [NeoForge Version Check/INFO] [net.neoforged.fml.VersionChecker/]: [projectred_exploration] Starting version check at https://version-check.covers1624.net/check/?mod=ProjectRed&mc=1.21.1
[25Dec2025 17:14:35.151] [NeoForge Version Check/INFO] [net.neoforged.fml.VersionChecker/]: [projectred_exploration] Found status: OUTDATED Current: 4.22.0-alpha+11 Target: 4.22.0-beta+33
[25Dec2025 17:14:35.151] [NeoForge Version Check/INFO] [net.neoforged.fml.VersionChecker/]: [immersiveengineering] Starting version check at https://raw.githubusercontent.com/BluSunrize/ImmersiveEngineering/1.21.1/changelog.json
[25Dec2025 17:14:35.177] [NeoForge Version Check/INFO] [net.neoforged.fml.VersionChecker/]: [immersiveengineering] Found status: AHEAD Current: 12.4.2-194 Target: null
[25Dec2025 17:14:35.178] [NeoForge Version Check/INFO] [net.neoforged.fml.VersionChecker/]: [ae2wtlib] Starting version check at https://api.modrinth.com/updates/applied-energistics-2-wireless-terminals/forge_updates.json?neoforge=only
[25Dec2025 17:14:35.366] [NeoForge Version Check/INFO] [net.neoforged.fml.VersionChecker/]: [ae2wtlib] Found status: OUTDATED Current: 19.2.6 Target: 19.3.0
[25Dec2025 17:14:35.366] [NeoForge Version Check/INFO] [net.neoforged.fml.VersionChecker/]: [gravestone] Starting version check at https://update.maxhenkel.de/neoforge/gravestone
[25Dec2025 17:14:35.508] [NeoForge Version Check/INFO] [net.neoforged.fml.VersionChecker/]: [gravestone] Found status: BETA Current: 1.21.1-1.0.35 Target: 1.21.1-1.0.35
[25Dec2025 17:14:35.508] [NeoForge Version Check/INFO] [net.neoforged.fml.VersionChecker/]: [projectred_fabrication] Starting version check at https://version-check.covers1624.net/check/?mod=ProjectRed&mc=1.21.1
[25Dec2025 17:14:35.784] [NeoForge Version Check/INFO] [net.neoforged.fml.VersionChecker/]: [projectred_fabrication] Found status: OUTDATED Current: 4.22.0-alpha+11 Target: 4.22.0-beta+33
[25Dec2025 17:14:35.784] [NeoForge Version Check/INFO] [net.neoforged.fml.VersionChecker/]: [projectred_illumination] Starting version check at https://version-check.covers1624.net/check/?mod=ProjectRed&mc=1.21.1
[25Dec2025 17:14:36.060] [NeoForge Version Check/INFO] [net.neoforged.fml.VersionChecker/]: [projectred_illumination] Found status: OUTDATED Current: 4.22.0-alpha+11 Target: 4.22.0-beta+33
[25Dec2025 17:14:36.060] [NeoForge Version Check/INFO] [net.neoforged.fml.VersionChecker/]: [appmek] Starting version check at https://api.modrinth.com/updates/applied-mekanistics/forge_updates.json
[25Dec2025 17:14:36.211] [NeoForge Version Check/INFO] [net.neoforged.fml.VersionChecker/]: [appmek] Found status: BETA Current: 1.6.3 Target: null
[25Dec2025 17:14:37.969] [Worker-Main-16/INFO] [snownee.jade.Jade/]: Start loading plugin from net.blay09.mods.balm.neoforge.compat.hudinfo.NeoForgeJadeModCompat
[25Dec2025 17:14:37.974] [Worker-Main-16/INFO] [snownee.jade.Jade/]: Start loading plugin from com.dtteam.dynamictrees.compat.waila.WailaCompat
[25Dec2025 17:14:37.975] [Worker-Main-16/INFO] [snownee.jade.Jade/]: Start loading plugin from dev.lucaargolo.mekanismcovers.jade.JadePlugin
[25Dec2025 17:14:37.976] [Worker-Main-16/INFO] [snownee.jade.Jade/]: Start loading plugin from mekanism.common.integration.lookingat.jade.MekanismJadePlugin
[25Dec2025 17:14:37.978] [Worker-Main-16/INFO] [snownee.jade.Jade/]: Start loading plugin from net.blay09.mods.waystones.compat.JadeIntegration
[25Dec2025 17:14:37.979] [Worker-Main-16/INFO] [snownee.jade.Jade/]: Start loading plugin from blusunrize.immersiveengineering.common.util.compat.jade.IEWailaPlugin
[25Dec2025 17:14:37.979] [Worker-Main-16/INFO] [snownee.jade.Jade/]: Start loading plugin from snownee.jade.addon.vanilla.VanillaPlugin
[25Dec2025 17:14:37.988] [Worker-Main-16/INFO] [snownee.jade.Jade/]: Start loading plugin from snownee.jade.addon.universal.UniversalPlugin
[25Dec2025 17:14:37.990] [Worker-Main-16/INFO] [snownee.jade.Jade/]: Start loading plugin from snownee.jade.addon.debug.DebugPlugin
[25Dec2025 17:14:37.991] [Worker-Main-16/INFO] [snownee.jade.Jade/]: Start loading plugin from snownee.jade.addon.core.CorePlugin
[25Dec2025 17:14:37.992] [Worker-Main-16/INFO] [snownee.jade.Jade/]: Start loading plugin from snownee.jade.addon.access.AccessibilityPlugin
[25Dec2025 17:14:37.993] [Worker-Main-16/INFO] [snownee.jade.Jade/]: Start loading plugin from appeng.integration.modules.jade.JadeModule
[25Dec2025 17:14:37.999] [Worker-Main-16/INFO] [snownee.jade.Jade/]: Start loading plugin from com.glodblock.github.extendedae.xmod.jade.JadePlugin
[25Dec2025 17:14:38.000] [Worker-Main-16/INFO] [snownee.jade.Jade/]: Start loading plugin from dev.satherov.growthacceleratortiers.compat.jade.GATJadePlugin
[25Dec2025 17:14:38.000] [Worker-Main-16/INFO] [snownee.jade.Jade/]: Start loading plugin from de.maxhenkel.gravestone.integration.waila.PluginGraveStone
[25Dec2025 17:14:38.000] [Worker-Main-16/INFO] [snownee.jade.Jade/]: Start loading plugin from com.jaquadro.minecraft.storagedrawers.integration.Waila
[25Dec2025 17:14:38.001] [Worker-Main-16/INFO] [snownee.jade.Jade/]: Start loading plugin from me.ramidzkh.mekae2.integration.jade.AMJadePlugin
[25Dec2025 17:14:41.965] [Render thread/WARN] [net.minecraft.client.sounds.SoundEngine/]: Missing sound for event: minecraft:item.goat_horn.play
[25Dec2025 17:14:41.965] [Render thread/WARN] [net.minecraft.client.sounds.SoundEngine/]: Missing sound for event: minecraft:entity.goat.screaming.horn_break
[25Dec2025 17:14:41.993] [Render thread/INFO] [com.mojang.blaze3d.audio.Library/]: OpenAL initialized on device Navi 48 HDMI/DP Audio Controller Digital Stereo (HDMI 3)
[25Dec2025 17:14:41.993] [Render thread/INFO] [net.minecraft.client.sounds.SoundEngine/SOUNDS]: Sound engine started
[25Dec2025 17:14:42.050] [Render thread/INFO] [net.minecraft.client.renderer.texture.TextureAtlas/]: Created: 4096x4096x4 minecraft:textures/atlas/blocks.png-atlas
[25Dec2025 17:14:42.199] [Render thread/INFO] [net.minecraft.client.renderer.texture.TextureAtlas/]: Created: 256x256x4 minecraft:textures/atlas/signs.png-atlas
[25Dec2025 17:14:42.201] [Render thread/INFO] [net.minecraft.client.renderer.texture.TextureAtlas/]: Created: 1024x512x4 minecraft:textures/atlas/shield_patterns.png-atlas
[25Dec2025 17:14:42.202] [Render thread/INFO] [net.minecraft.client.renderer.texture.TextureAtlas/]: Created: 1024x512x4 minecraft:textures/atlas/banner_patterns.png-atlas
[25Dec2025 17:14:42.204] [Render thread/INFO] [net.minecraft.client.renderer.texture.TextureAtlas/]: Created: 1024x1024x4 minecraft:textures/atlas/armor_trims.png-atlas
[25Dec2025 17:14:42.213] [Render thread/INFO] [net.minecraft.client.renderer.texture.TextureAtlas/]: Created: 128x64x4 minecraft:textures/atlas/decorated_pot.png-atlas
[25Dec2025 17:14:42.214] [Render thread/INFO] [net.minecraft.client.renderer.texture.TextureAtlas/]: Created: 1024x512x4 minecraft:textures/atlas/chest.png-atlas
[25Dec2025 17:14:42.216] [Render thread/INFO] [net.minecraft.client.renderer.texture.TextureAtlas/]: Created: 512x256x4 minecraft:textures/atlas/beds.png-atlas
[25Dec2025 17:14:42.216] [Render thread/INFO] [net.minecraft.client.renderer.texture.TextureAtlas/]: Created: 512x256x4 minecraft:textures/atlas/shulker_boxes.png-atlas
[25Dec2025 17:14:42.307] [Render thread/INFO] [net.minecraft.client.renderer.texture.TextureAtlas/]: Created: 512x256x0 minecraft:textures/atlas/particles.png-atlas
[25Dec2025 17:14:42.309] [Render thread/INFO] [net.minecraft.client.renderer.texture.TextureAtlas/]: Created: 512x256x0 minecraft:textures/atlas/paintings.png-atlas
[25Dec2025 17:14:42.310] [Render thread/INFO] [net.minecraft.client.renderer.texture.TextureAtlas/]: Created: 256x128x0 minecraft:textures/atlas/mob_effects.png-atlas
[25Dec2025 17:14:42.310] [Render thread/INFO] [net.minecraft.client.renderer.texture.TextureAtlas/]: Created: 64x64x0 minecraft:textures/atlas/map_decorations.png-atlas
[25Dec2025 17:14:42.311] [Render thread/INFO] [net.minecraft.client.renderer.texture.TextureAtlas/]: Created: 2048x1024x0 minecraft:textures/atlas/gui.png-atlas
[25Dec2025 17:14:42.336] [Render thread/WARN] [net.minecraft.client.renderer.ShaderInstance/]: Shader rendertype_entity_translucent_emissive could not find sampler named Sampler2 in the specified shader program.
[25Dec2025 17:14:42.379] [Render thread/INFO] [net.neoforged.neoforge.client.entity.animation.json.AnimationLoader/]: Loaded 0 entity animations
[25Dec2025 17:14:42.380] [Render thread/INFO] [net.minecraft.client.renderer.texture.TextureAtlas/]: Created: 512x256x0 codechickenlib:textures/atlas/gui.png-atlas
[25Dec2025 17:14:42.381] [Render thread/INFO] [net.minecraft.client.renderer.texture.TextureAtlas/]: Created: 512x256x0 mekanism:textures/atlas/robit.png-atlas
[25Dec2025 17:14:42.383] [Render thread/INFO] [guideme.internal.GuideReloadListener/]: Data driven guides: []
[25Dec2025 17:14:42.388] [Render thread/INFO] [antiqueatlas/]: Loaded texture antiqueatlas:mushroom with path antiqueatlas:textures/gui/tiles/mushroom.png
[25Dec2025 17:14:42.388] [Render thread/INFO] [antiqueatlas/]: Loaded texture antiqueatlas:birch with path antiqueatlas:textures/gui/tiles/birch.png
[25Dec2025 17:14:42.388] [Render thread/INFO] [antiqueatlas/]: Loaded texture antiqueatlas:nether_bridge with path antiqueatlas:textures/gui/tiles/nether_bridge.png
[25Dec2025 17:14:42.388] [Render thread/INFO] [antiqueatlas/]: Loaded texture antiqueatlas:forest2 with path antiqueatlas:textures/gui/tiles/forest2.png
[25Dec2025 17:14:42.388] [Render thread/INFO] [antiqueatlas/]: Loaded texture antiqueatlas:forest3 with path antiqueatlas:textures/gui/tiles/forest3.png
[25Dec2025 17:14:42.388] [Render thread/INFO] [antiqueatlas/]: Loaded texture antiqueatlas:plateau_mesa with path antiqueatlas:textures/gui/tiles/plateau_mesa.png
[25Dec2025 17:14:42.388] [Render thread/INFO] [antiqueatlas/]: Loaded texture antiqueatlas:mega_taiga_hills with path antiqueatlas:textures/gui/tiles/mega_taiga_hills.png
[25Dec2025 17:14:42.388] [Render thread/INFO] [antiqueatlas/]: Loaded texture antiqueatlas:savanna_cliffs_clouds with path antiqueatlas:textures/gui/tiles/savanna_cliffs_clouds.png
[25Dec2025 17:14:42.388] [Render thread/INFO] [antiqueatlas/]: Loaded texture antiqueatlas:jungle with path antiqueatlas:textures/gui/tiles/jungle.png
[25Dec2025 17:14:42.388] [Render thread/INFO] [antiqueatlas/]: Loaded texture antiqueatlas:nether_bridge_gate with path antiqueatlas:textures/gui/tiles/nether_bridge_gate.png
[25Dec2025 17:14:42.388] [Render thread/INFO] [antiqueatlas/]: Loaded texture antiqueatlas:savanna_cliffs_clouds3 with path antiqueatlas:textures/gui/tiles/savanna_cliffs_clouds3.png
[25Dec2025 17:14:42.388] [Render thread/INFO] [antiqueatlas/]: Loaded texture antiqueatlas:birch_hills with path antiqueatlas:textures/gui/tiles/birch_hills.png
[25Dec2025 17:14:42.388] [Render thread/INFO] [antiqueatlas/]: Loaded texture antiqueatlas:hills_grass with path antiqueatlas:textures/gui/tiles/hills_grass.png
[25Dec2025 17:14:42.388] [Render thread/INFO] [antiqueatlas/]: Loaded texture antiqueatlas:savanna_cliffs_clouds2 with path antiqueatlas:textures/gui/tiles/savanna_cliffs_clouds2.png
[25Dec2025 17:14:42.388] [Render thread/INFO] [antiqueatlas/]: Loaded texture antiqueatlas:ice_border with path antiqueatlas:textures/gui/tiles/ice_border.png
[25Dec2025 17:14:42.388] [Render thread/INFO] [antiqueatlas/]: Loaded texture antiqueatlas:ravine2 with path antiqueatlas:textures/gui/tiles/ravine2.png
[25Dec2025 17:14:42.388] [Render thread/INFO] [antiqueatlas/]: Loaded texture antiqueatlas:mountains2 with path antiqueatlas:textures/gui/tiles/mountains2.png
[25Dec2025 17:14:42.388] [Render thread/INFO] [antiqueatlas/]: Loaded texture antiqueatlas:mega_spruce2 with path antiqueatlas:textures/gui/tiles/mega_spruce2.png
[25Dec2025 17:14:42.388] [Render thread/INFO] [antiqueatlas/]: Loaded texture antiqueatlas:mountains3 with path antiqueatlas:textures/gui/tiles/mountains3.png
[25Dec2025 17:14:42.388] [Render thread/INFO] [antiqueatlas/]: Loaded texture antiqueatlas:mountains4 with path antiqueatlas:textures/gui/tiles/mountains4.png
[25Dec2025 17:14:42.388] [Render thread/INFO] [antiqueatlas/]: Loaded texture antiqueatlas:plateau_trees_low with path antiqueatlas:textures/gui/tiles/plateau_trees_low.png
[25Dec2025 17:14:42.388] [Render thread/INFO] [antiqueatlas/]: Loaded texture antiqueatlas:mountains5 with path antiqueatlas:textures/gui/tiles/mountains5.png
[25Dec2025 17:14:42.388] [Render thread/INFO] [antiqueatlas/]: Loaded texture antiqueatlas:jungle_edge_hills2 with path antiqueatlas:textures/gui/tiles/jungle_edge_hills2.png
[25Dec2025 17:14:42.388] [Render thread/INFO] [antiqueatlas/]: Loaded texture antiqueatlas:plateau_grass with path antiqueatlas:textures/gui/tiles/plateau_grass.png
[25Dec2025 17:14:42.388] [Render thread/INFO] [antiqueatlas/]: Loaded texture antiqueatlas:jungle_edge_hills3 with path antiqueatlas:textures/gui/tiles/jungle_edge_hills3.png
[25Dec2025 17:14:42.388] [Render thread/INFO] [antiqueatlas/]: Loaded texture antiqueatlas:jungle_hills2 with path antiqueatlas:textures/gui/tiles/jungle_hills2.png
[25Dec2025 17:14:42.388] [Render thread/INFO] [antiqueatlas/]: Loaded texture antiqueatlas:forest_flowers with path antiqueatlas:textures/gui/tiles/forest_flowers.png
[25Dec2025 17:14:42.388] [Render thread/INFO] [antiqueatlas/]: Loaded texture antiqueatlas:mountains with path antiqueatlas:textures/gui/tiles/mountains.png
[25Dec2025 17:14:42.389] [Render thread/INFO] [antiqueatlas/]: Loaded texture antiqueatlas:dense_forest2 with path antiqueatlas:textures/gui/tiles/dense_forest2.png
[25Dec2025 17:14:42.389] [Render thread/INFO] [antiqueatlas/]: Loaded texture antiqueatlas:birch2 with path antiqueatlas:textures/gui/tiles/birch2.png
[25Dec2025 17:14:42.389] [Render thread/INFO] [antiqueatlas/]: Loaded texture antiqueatlas:snow with path antiqueatlas:textures/gui/tiles/snow.png
[25Dec2025 17:14:42.389] [Render thread/INFO] [antiqueatlas/]: Loaded texture antiqueatlas:mesa3 with path antiqueatlas:textures/gui/tiles/mesa3.png
[25Dec2025 17:14:42.389] [Render thread/INFO] [antiqueatlas/]: Loaded texture antiqueatlas:mesa2 with path antiqueatlas:textures/gui/tiles/mesa2.png
[25Dec2025 17:14:42.389] [Render thread/INFO] [antiqueatlas/]: Loaded texture antiqueatlas:nether_hall with path antiqueatlas:textures/gui/tiles/nether_hall.png
[25Dec2025 17:14:42.389] [Render thread/INFO] [antiqueatlas/]: Loaded texture antiqueatlas:mesa4 with path antiqueatlas:textures/gui/tiles/mesa4.png
[25Dec2025 17:14:42.389] [Render thread/INFO] [antiqueatlas/]: Loaded texture antiqueatlas:jungle_edge with path antiqueatlas:textures/gui/tiles/jungle_edge.png
[25Dec2025 17:14:42.389] [Render thread/INFO] [antiqueatlas/]: Loaded texture antiqueatlas:test with path antiqueatlas:textures/gui/tiles/test.png
[25Dec2025 17:14:42.389] [Render thread/INFO] [antiqueatlas/]: Loaded texture antiqueatlas:end_island_plants with path antiqueatlas:textures/gui/tiles/end_island_plants.png
[25Dec2025 17:14:42.389] [Render thread/INFO] [antiqueatlas/]: Loaded texture antiqueatlas:snow_caps with path antiqueatlas:textures/gui/tiles/snow_caps.png
[25Dec2025 17:14:42.389] [Render thread/INFO] [antiqueatlas/]: Loaded texture antiqueatlas:forest_hills3 with path antiqueatlas:textures/gui/tiles/forest_hills3.png
[25Dec2025 17:14:42.389] [Render thread/INFO] [antiqueatlas/]: Loaded texture antiqueatlas:savanna_cliffs3 with path antiqueatlas:textures/gui/tiles/savanna_cliffs3.png
[25Dec2025 17:14:42.389] [Render thread/INFO] [antiqueatlas/]: Loaded texture antiqueatlas:forest_hills2 with path antiqueatlas:textures/gui/tiles/forest_hills2.png
[25Dec2025 17:14:42.389] [Render thread/INFO] [antiqueatlas/]: Loaded texture antiqueatlas:savanna_cliffs2 with path antiqueatlas:textures/gui/tiles/savanna_cliffs2.png
[25Dec2025 17:14:42.389] [Render thread/INFO] [antiqueatlas/]: Loaded texture antiqueatlas:savanna2 with path antiqueatlas:textures/gui/tiles/savanna2.png
[25Dec2025 17:14:42.389] [Render thread/INFO] [antiqueatlas/]: Loaded texture antiqueatlas:sunflowers with path antiqueatlas:textures/gui/tiles/sunflowers.png
[25Dec2025 17:14:42.389] [Render thread/INFO] [antiqueatlas/]: Loaded texture antiqueatlas:savanna3 with path antiqueatlas:textures/gui/tiles/savanna3.png
[25Dec2025 17:14:42.389] [Render thread/INFO] [antiqueatlas/]: Loaded texture antiqueatlas:jungle_cliffs with path antiqueatlas:textures/gui/tiles/jungle_cliffs.png
[25Dec2025 17:14:42.389] [Render thread/INFO] [antiqueatlas/]: Loaded texture antiqueatlas:bushes_cliffs with path antiqueatlas:textures/gui/tiles/bushes_cliffs.png
[25Dec2025 17:14:42.389] [Render thread/INFO] [antiqueatlas/]: Loaded texture antiqueatlas:water with path antiqueatlas:textures/gui/tiles/water.png
[25Dec2025 17:14:42.389] [Render thread/INFO] [antiqueatlas/]: Loaded texture antiqueatlas:nether_wall with path antiqueatlas:textures/gui/tiles/nether_wall.png
[25Dec2025 17:14:42.389] [Render thread/INFO] [antiqueatlas/]: Loaded texture antiqueatlas:swamp_hills2 with path antiqueatlas:textures/gui/tiles/swamp_hills2.png
[25Dec2025 17:14:42.389] [Render thread/INFO] [antiqueatlas/]: Loaded texture antiqueatlas:forest_sparse2 with path antiqueatlas:textures/gui/tiles/forest_sparse2.png
[25Dec2025 17:14:42.389] [Render thread/INFO] [antiqueatlas/]: Loaded texture antiqueatlas:forest_sparse3 with path antiqueatlas:textures/gui/tiles/forest_sparse3.png
[25Dec2025 17:14:42.389] [Render thread/INFO] [antiqueatlas/]: Loaded texture antiqueatlas:ice_spikes with path antiqueatlas:textures/gui/tiles/ice_spikes.png
[25Dec2025 17:14:42.389] [Render thread/INFO] [antiqueatlas/]: Loaded texture antiqueatlas:savanna with path antiqueatlas:textures/gui/tiles/savanna.png
[25Dec2025 17:14:42.389] [Render thread/INFO] [antiqueatlas/]: Loaded texture antiqueatlas:swamp_hills5 with path antiqueatlas:textures/gui/tiles/swamp_hills5.png
[25Dec2025 17:14:42.389] [Render thread/INFO] [antiqueatlas/]: Loaded texture antiqueatlas:swamp_hills4 with path antiqueatlas:textures/gui/tiles/swamp_hills4.png
[25Dec2025 17:14:42.389] [Render thread/INFO] [antiqueatlas/]: Loaded texture antiqueatlas:swamp_hills3 with path antiqueatlas:textures/gui/tiles/swamp_hills3.png
[25Dec2025 17:14:42.389] [Render thread/INFO] [antiqueatlas/]: Loaded texture antiqueatlas:hills_cacti with path antiqueatlas:textures/gui/tiles/hills_cacti.png
[25Dec2025 17:14:42.389] [Render thread/INFO] [antiqueatlas/]: Loaded texture antiqueatlas:lava_shore with path antiqueatlas:textures/gui/tiles/lava_shore.png
[25Dec2025 17:14:42.389] [Render thread/INFO] [antiqueatlas/]: Loaded texture antiqueatlas:snow_hills2 with path antiqueatlas:textures/gui/tiles/snow_hills2.png
[25Dec2025 17:14:42.389] [Render thread/INFO] [antiqueatlas/]: Loaded texture antiqueatlas:pines_hills with path antiqueatlas:textures/gui/tiles/pines_hills.png
[25Dec2025 17:14:42.389] [Render thread/INFO] [antiqueatlas/]: Loaded texture antiqueatlas:birch_hills2 with path antiqueatlas:textures/gui/tiles/birch_hills2.png
[25Dec2025 17:14:42.389] [Render thread/INFO] [antiqueatlas/]: Loaded texture antiqueatlas:house with path antiqueatlas:textures/gui/tiles/house.png
[25Dec2025 17:14:42.389] [Render thread/INFO] [antiqueatlas/]: Loaded texture antiqueatlas:jungle_edge2 with path antiqueatlas:textures/gui/tiles/jungle_edge2.png
[25Dec2025 17:14:42.389] [Render thread/INFO] [antiqueatlas/]: Loaded texture antiqueatlas:mesa with path antiqueatlas:textures/gui/tiles/mesa.png
[25Dec2025 17:14:42.389] [Render thread/INFO] [antiqueatlas/]: Loaded texture antiqueatlas:forest_flowers2 with path antiqueatlas:textures/gui/tiles/forest_flowers2.png
[25Dec2025 17:14:42.389] [Render thread/INFO] [antiqueatlas/]: Loaded texture antiqueatlas:lava with path antiqueatlas:textures/gui/tiles/lava.png
[25Dec2025 17:14:42.389] [Render thread/INFO] [antiqueatlas/]: Loaded texture antiqueatlas:nether_tower with path antiqueatlas:textures/gui/tiles/nether_tower.png
[25Dec2025 17:14:42.389] [Render thread/INFO] [antiqueatlas/]: Loaded texture antiqueatlas:basalt_columns3 with path antiqueatlas:textures/gui/tiles/basalt_columns3.png
[25Dec2025 17:14:42.389] [Render thread/INFO] [antiqueatlas/]: Loaded texture antiqueatlas:forest_flowers3 with path antiqueatlas:textures/gui/tiles/forest_flowers3.png
[25Dec2025 17:14:42.389] [Render thread/INFO] [antiqueatlas/]: Loaded texture antiqueatlas:jungle_edge3 with path antiqueatlas:textures/gui/tiles/jungle_edge3.png
[25Dec2025 17:14:42.389] [Render thread/INFO] [antiqueatlas/]: Loaded texture antiqueatlas:sand_bushes with path antiqueatlas:textures/gui/tiles/sand_bushes.png
[25Dec2025 17:14:42.389] [Render thread/INFO] [antiqueatlas/]: Loaded texture antiqueatlas:basalt_columns2 with path antiqueatlas:textures/gui/tiles/basalt_columns2.png
[25Dec2025 17:14:42.389] [Render thread/INFO] [antiqueatlas/]: Loaded texture antiqueatlas:shore with path antiqueatlas:textures/gui/tiles/shore.png
[25Dec2025 17:14:42.389] [Render thread/INFO] [antiqueatlas/]: Loaded texture antiqueatlas:basalt_columns1 with path antiqueatlas:textures/gui/tiles/basalt_columns1.png
[25Dec2025 17:14:42.389] [Render thread/INFO] [antiqueatlas/]: Loaded texture antiqueatlas:hut with path antiqueatlas:textures/gui/tiles/hut.png
[25Dec2025 17:14:42.389] [Render thread/INFO] [antiqueatlas/]: Loaded texture antiqueatlas:fence with path antiqueatlas:textures/gui/tiles/fence.png
[25Dec2025 17:14:42.389] [Render thread/INFO] [antiqueatlas/]: Loaded texture antiqueatlas:jungle_edge_hills with path antiqueatlas:textures/gui/tiles/jungle_edge_hills.png
[25Dec2025 17:14:42.389] [Render thread/INFO] [antiqueatlas/]: Loaded texture antiqueatlas:snow_pines_hills2 with path antiqueatlas:textures/gui/tiles/snow_pines_hills2.png
[25Dec2025 17:14:42.389] [Render thread/INFO] [antiqueatlas/]: Loaded texture antiqueatlas:snow_pines_hills3 with path antiqueatlas:textures/gui/tiles/snow_pines_hills3.png
[25Dec2025 17:14:42.389] [Render thread/INFO] [antiqueatlas/]: Loaded texture antiqueatlas:dense_birch with path antiqueatlas:textures/gui/tiles/dense_birch.png
[25Dec2025 17:14:42.389] [Render thread/INFO] [antiqueatlas/]: Loaded texture antiqueatlas:mega_taiga2 with path antiqueatlas:textures/gui/tiles/mega_taiga2.png
[25Dec2025 17:14:42.389] [Render thread/INFO] [antiqueatlas/]: Loaded texture antiqueatlas:pines_hills3 with path antiqueatlas:textures/gui/tiles/pines_hills3.png
[25Dec2025 17:14:42.389] [Render thread/INFO] [antiqueatlas/]: Loaded texture antiqueatlas:snow_pines3 with path antiqueatlas:textures/gui/tiles/snow_pines3.png
[25Dec2025 17:14:42.389] [Render thread/INFO] [antiqueatlas/]: Loaded texture antiqueatlas:pines_hills2 with path antiqueatlas:textures/gui/tiles/pines_hills2.png
[25Dec2025 17:14:42.389] [Render thread/INFO] [antiqueatlas/]: Loaded texture antiqueatlas:bryce2 with path antiqueatlas:textures/gui/tiles/bryce2.png
[25Dec2025 17:14:42.389] [Render thread/INFO] [antiqueatlas/]: Loaded texture antiqueatlas:snow_pines_hills with path antiqueatlas:textures/gui/tiles/snow_pines_hills.png
[25Dec2025 17:14:42.389] [Render thread/INFO] [antiqueatlas/]: Loaded texture antiqueatlas:bryce4 with path antiqueatlas:textures/gui/tiles/bryce4.png
[25Dec2025 17:14:42.389] [Render thread/INFO] [antiqueatlas/]: Loaded texture antiqueatlas:bryce3 with path antiqueatlas:textures/gui/tiles/bryce3.png
[25Dec2025 17:14:42.389] [Render thread/INFO] [antiqueatlas/]: Loaded texture antiqueatlas:jungle_cliffs2 with path antiqueatlas:textures/gui/tiles/jungle_cliffs2.png
[25Dec2025 17:14:42.389] [Render thread/INFO] [antiqueatlas/]: Loaded texture antiqueatlas:tall_birch with path antiqueatlas:textures/gui/tiles/tall_birch.png
[25Dec2025 17:14:42.389] [Render thread/INFO] [antiqueatlas/]: Loaded texture antiqueatlas:well with path antiqueatlas:textures/gui/tiles/well.png
[25Dec2025 17:14:42.389] [Render thread/INFO] [antiqueatlas/]: Loaded texture antiqueatlas:plateau_grass3 with path antiqueatlas:textures/gui/tiles/plateau_grass3.png
[25Dec2025 17:14:42.389] [Render thread/INFO] [antiqueatlas/]: Loaded texture antiqueatlas:plateau_grass2 with path antiqueatlas:textures/gui/tiles/plateau_grass2.png
[25Dec2025 17:14:42.389] [Render thread/INFO] [antiqueatlas/]: Loaded texture antiqueatlas:end_void with path antiqueatlas:textures/gui/tiles/end_void.png
[25Dec2025 17:14:42.389] [Render thread/INFO] [antiqueatlas/]: Loaded texture antiqueatlas:snow_pines2 with path antiqueatlas:textures/gui/tiles/snow_pines2.png
[25Dec2025 17:14:42.389] [Render thread/INFO] [antiqueatlas/]: Loaded texture antiqueatlas:tall_birch_hills2 with path antiqueatlas:textures/gui/tiles/tall_birch_hills2.png
[25Dec2025 17:14:42.389] [Render thread/INFO] [antiqueatlas/]: Loaded texture antiqueatlas:butchers_shop with path antiqueatlas:textures/gui/tiles/butchers_shop.png
[25Dec2025 17:14:42.389] [Render thread/INFO] [antiqueatlas/]: Loaded texture antiqueatlas:mega_taiga with path antiqueatlas:textures/gui/tiles/mega_taiga.png
[25Dec2025 17:14:42.389] [Render thread/INFO] [antiqueatlas/]: Loaded texture antiqueatlas:ice_noborder with path antiqueatlas:textures/gui/tiles/ice_noborder.png
[25Dec2025 17:14:42.389] [Render thread/INFO] [antiqueatlas/]: Loaded texture antiqueatlas:snow1 with path antiqueatlas:textures/gui/tiles/snow1.png
[25Dec2025 17:14:42.389] [Render thread/INFO] [antiqueatlas/]: Loaded texture antiqueatlas:snow2 with path antiqueatlas:textures/gui/tiles/snow2.png
[25Dec2025 17:14:42.389] [Render thread/INFO] [antiqueatlas/]: Loaded texture antiqueatlas:pines with path antiqueatlas:textures/gui/tiles/pines.png
[25Dec2025 17:14:42.389] [Render thread/INFO] [antiqueatlas/]: Loaded texture antiqueatlas:forest_hills with path antiqueatlas:textures/gui/tiles/forest_hills.png
[25Dec2025 17:14:42.389] [Render thread/INFO] [antiqueatlas/]: Loaded texture antiqueatlas:forest_sparse with path antiqueatlas:textures/gui/tiles/forest_sparse.png
[25Dec2025 17:14:42.389] [Render thread/INFO] [antiqueatlas/]: Loaded texture antiqueatlas:mega_spruce_hills with path antiqueatlas:textures/gui/tiles/mega_spruce_hills.png
[25Dec2025 17:14:42.389] [Render thread/INFO] [antiqueatlas/]: Loaded texture antiqueatlas:snow5 with path antiqueatlas:textures/gui/tiles/snow5.png
[25Dec2025 17:14:42.389] [Render thread/INFO] [antiqueatlas/]: Loaded texture antiqueatlas:snow_hills with path antiqueatlas:textures/gui/tiles/snow_hills.png
[25Dec2025 17:14:42.389] [Render thread/INFO] [antiqueatlas/]: Loaded texture antiqueatlas:snow6 with path antiqueatlas:textures/gui/tiles/snow6.png
[25Dec2025 17:14:42.389] [Render thread/INFO] [antiqueatlas/]: Loaded texture antiqueatlas:snow3 with path antiqueatlas:textures/gui/tiles/snow3.png
[25Dec2025 17:14:42.389] [Render thread/INFO] [antiqueatlas/]: Loaded texture antiqueatlas:farmland_s with path antiqueatlas:textures/gui/tiles/farmland_s.png
[25Dec2025 17:14:42.389] [Render thread/INFO] [antiqueatlas/]: Loaded texture antiqueatlas:snow4 with path antiqueatlas:textures/gui/tiles/snow4.png
[25Dec2025 17:14:42.389] [Render thread/INFO] [antiqueatlas/]: Loaded texture antiqueatlas:nether_throne with path antiqueatlas:textures/gui/tiles/nether_throne.png
[25Dec2025 17:14:42.389] [Render thread/INFO] [antiqueatlas/]: Loaded texture antiqueatlas:cliffs with path antiqueatlas:textures/gui/tiles/cliffs.png
[25Dec2025 17:14:42.389] [Render thread/INFO] [antiqueatlas/]: Loaded texture antiqueatlas:bryce with path antiqueatlas:textures/gui/tiles/bryce.png
[25Dec2025 17:14:42.389] [Render thread/INFO] [antiqueatlas/]: Loaded texture antiqueatlas:farmland_l with path antiqueatlas:textures/gui/tiles/farmland_l.png
[25Dec2025 17:14:42.389] [Render thread/INFO] [antiqueatlas/]: Loaded texture antiqueatlas:ruined_portal with path antiqueatlas:textures/gui/tiles/ruined_portal.png
[25Dec2025 17:14:42.389] [Render thread/INFO] [antiqueatlas/]: Loaded texture antiqueatlas:pines3 with path antiqueatlas:textures/gui/tiles/pines3.png
[25Dec2025 17:14:42.390] [Render thread/INFO] [antiqueatlas/]: Loaded texture antiqueatlas:plateau_savanna2 with path antiqueatlas:textures/gui/tiles/plateau_savanna2.png
[25Dec2025 17:14:42.390] [Render thread/INFO] [antiqueatlas/]: Loaded texture antiqueatlas:end_island2 with path antiqueatlas:textures/gui/tiles/end_island2.png
[25Dec2025 17:14:42.390] [Render thread/INFO] [antiqueatlas/]: Loaded texture antiqueatlas:nether_bridge_end_z with path antiqueatlas:textures/gui/tiles/nether_bridge_end_z.png
[25Dec2025 17:14:42.390] [Render thread/INFO] [antiqueatlas/]: Loaded texture antiqueatlas:plateau_savanna3 with path antiqueatlas:textures/gui/tiles/plateau_savanna3.png
[25Dec2025 17:14:42.390] [Render thread/INFO] [antiqueatlas/]: Loaded texture antiqueatlas:nether_bridge_end_x with path antiqueatlas:textures/gui/tiles/nether_bridge_end_x.png
[25Dec2025 17:14:42.390] [Render thread/INFO] [antiqueatlas/]: Loaded texture antiqueatlas:pines2 with path antiqueatlas:textures/gui/tiles/pines2.png
[25Dec2025 17:14:42.390] [Render thread/INFO] [antiqueatlas/]: Loaded texture antiqueatlas:plateau_trees with path antiqueatlas:textures/gui/tiles/plateau_trees.png
[25Dec2025 17:14:42.390] [Render thread/INFO] [antiqueatlas/]: Loaded texture antiqueatlas:end_island_plants2 with path antiqueatlas:textures/gui/tiles/end_island_plants2.png
[25Dec2025 17:14:42.390] [Render thread/INFO] [antiqueatlas/]: Loaded texture antiqueatlas:dense_forest with path antiqueatlas:textures/gui/tiles/dense_forest.png
[25Dec2025 17:14:42.390] [Render thread/INFO] [antiqueatlas/]: Loaded texture antiqueatlas:house_small with path antiqueatlas:textures/gui/tiles/house_small.png
[25Dec2025 17:14:42.390] [Render thread/INFO] [antiqueatlas/]: Loaded texture antiqueatlas:sand2 with path antiqueatlas:textures/gui/tiles/sand2.png
[25Dec2025 17:14:42.390] [Render thread/INFO] [antiqueatlas/]: Loaded texture antiqueatlas:sand3 with path antiqueatlas:textures/gui/tiles/sand3.png
[25Dec2025 17:14:42.390] [Render thread/INFO] [antiqueatlas/]: Loaded texture antiqueatlas:smithy with path antiqueatlas:textures/gui/tiles/smithy.png
[25Dec2025 17:14:42.390] [Render thread/INFO] [antiqueatlas/]: Loaded texture antiqueatlas:hills with path antiqueatlas:textures/gui/tiles/hills.png
[25Dec2025 17:14:42.390] [Render thread/INFO] [antiqueatlas/]: Loaded texture antiqueatlas:l_house with path antiqueatlas:textures/gui/tiles/l_house.png
[25Dec2025 17:14:42.390] [Render thread/INFO] [antiqueatlas/]: Loaded texture antiqueatlas:snow_pines with path antiqueatlas:textures/gui/tiles/snow_pines.png
[25Dec2025 17:14:42.390] [Render thread/INFO] [antiqueatlas/]: Loaded texture antiqueatlas:tall_birch_hills with path antiqueatlas:textures/gui/tiles/tall_birch_hills.png
[25Dec2025 17:14:42.390] [Render thread/INFO] [antiqueatlas/]: Loaded texture antiqueatlas:ice_spikes2 with path antiqueatlas:textures/gui/tiles/ice_spikes2.png
[25Dec2025 17:14:42.390] [Render thread/INFO] [antiqueatlas/]: Loaded texture antiqueatlas:mushroom2 with path antiqueatlas:textures/gui/tiles/mushroom2.png
[25Dec2025 17:14:42.390] [Render thread/INFO] [antiqueatlas/]: Loaded texture antiqueatlas:savanna_cliffs with path antiqueatlas:textures/gui/tiles/savanna_cliffs.png
[25Dec2025 17:14:42.390] [Render thread/INFO] [antiqueatlas/]: Loaded texture antiqueatlas:plateau_mesa_low with path antiqueatlas:textures/gui/tiles/plateau_mesa_low.png
[25Dec2025 17:14:42.390] [Render thread/INFO] [antiqueatlas/]: Loaded texture antiqueatlas:basalt_columns_lava1 with path antiqueatlas:textures/gui/tiles/basalt_columns_lava1.png
[25Dec2025 17:14:42.390] [Render thread/INFO] [antiqueatlas/]: Loaded texture antiqueatlas:nether_fort_stairs with path antiqueatlas:textures/gui/tiles/nether_fort_stairs.png
[25Dec2025 17:14:42.390] [Render thread/INFO] [antiqueatlas/]: Loaded texture antiqueatlas:grass with path antiqueatlas:textures/gui/tiles/grass.png
[25Dec2025 17:14:42.390] [Render thread/INFO] [antiqueatlas/]: Loaded texture antiqueatlas:hills_bushes with path antiqueatlas:textures/gui/tiles/hills_bushes.png
[25Dec2025 17:14:42.390] [Render thread/INFO] [antiqueatlas/]: Loaded texture antiqueatlas:swamp with path antiqueatlas:textures/gui/tiles/swamp.png
[25Dec2025 17:14:42.390] [Render thread/INFO] [antiqueatlas/]: Loaded texture antiqueatlas:cacti with path antiqueatlas:textures/gui/tiles/cacti.png
[25Dec2025 17:14:42.390] [Render thread/INFO] [antiqueatlas/]: Loaded texture antiqueatlas:sunflowers2 with path antiqueatlas:textures/gui/tiles/sunflowers2.png
[25Dec2025 17:14:42.390] [Render thread/INFO] [antiqueatlas/]: Loaded texture antiqueatlas:swamp2 with path antiqueatlas:textures/gui/tiles/swamp2.png
[25Dec2025 17:14:42.390] [Render thread/INFO] [antiqueatlas/]: Loaded texture antiqueatlas:plateau_savanna with path antiqueatlas:textures/gui/tiles/plateau_savanna.png
[25Dec2025 17:14:42.390] [Render thread/INFO] [antiqueatlas/]: Loaded texture antiqueatlas:swamp3 with path antiqueatlas:textures/gui/tiles/swamp3.png
[25Dec2025 17:14:42.390] [Render thread/INFO] [antiqueatlas/]: Loaded texture antiqueatlas:sand with path antiqueatlas:textures/gui/tiles/sand.png
[25Dec2025 17:14:42.390] [Render thread/INFO] [antiqueatlas/]: Loaded texture antiqueatlas:swamp6 with path antiqueatlas:textures/gui/tiles/swamp6.png
[25Dec2025 17:14:42.390] [Render thread/INFO] [antiqueatlas/]: Loaded texture antiqueatlas:water2 with path antiqueatlas:textures/gui/tiles/water2.png
[25Dec2025 17:14:42.390] [Render thread/INFO] [antiqueatlas/]: Loaded texture antiqueatlas:lava_shore2 with path antiqueatlas:textures/gui/tiles/lava_shore2.png
[25Dec2025 17:14:42.390] [Render thread/INFO] [antiqueatlas/]: Loaded texture antiqueatlas:swamp4 with path antiqueatlas:textures/gui/tiles/swamp4.png
[25Dec2025 17:14:42.390] [Render thread/INFO] [antiqueatlas/]: Loaded texture antiqueatlas:dense_forest_hills with path antiqueatlas:textures/gui/tiles/dense_forest_hills.png
[25Dec2025 17:14:42.390] [Render thread/INFO] [antiqueatlas/]: Loaded texture antiqueatlas:swamp5 with path antiqueatlas:textures/gui/tiles/swamp5.png
[25Dec2025 17:14:42.390] [Render thread/INFO] [antiqueatlas/]: Loaded texture antiqueatlas:tall_birch2 with path antiqueatlas:textures/gui/tiles/tall_birch2.png
[25Dec2025 17:14:42.390] [Render thread/INFO] [antiqueatlas/]: Loaded texture antiqueatlas:jungle2 with path antiqueatlas:textures/gui/tiles/jungle2.png
[25Dec2025 17:14:42.390] [Render thread/INFO] [antiqueatlas/]: Loaded texture antiqueatlas:village_torch with path antiqueatlas:textures/gui/tiles/village_torch.png
[25Dec2025 17:14:42.390] [Render thread/INFO] [antiqueatlas/]: Loaded texture antiqueatlas:jungle_hills with path antiqueatlas:textures/gui/tiles/jungle_hills.png
[25Dec2025 17:14:42.390] [Render thread/INFO] [antiqueatlas/]: Loaded texture antiqueatlas:cliffs_clouds with path antiqueatlas:textures/gui/tiles/cliffs_clouds.png
[25Dec2025 17:14:42.390] [Render thread/INFO] [antiqueatlas/]: Loaded texture antiqueatlas:rock_shore with path antiqueatlas:textures/gui/tiles/rock_shore.png
[25Dec2025 17:14:42.390] [Render thread/INFO] [antiqueatlas/]: Loaded texture antiqueatlas:library with path antiqueatlas:textures/gui/tiles/library.png
[25Dec2025 17:14:42.390] [Render thread/INFO] [antiqueatlas/]: Loaded texture antiqueatlas:mega_spruce_hills2 with path antiqueatlas:textures/gui/tiles/mega_spruce_hills2.png
[25Dec2025 17:14:42.390] [Render thread/INFO] [antiqueatlas/]: Loaded texture antiqueatlas:swamp_hills with path antiqueatlas:textures/gui/tiles/swamp_hills.png
[25Dec2025 17:14:42.390] [Render thread/INFO] [antiqueatlas/]: Loaded texture antiqueatlas:plateau_mesa2 with path antiqueatlas:textures/gui/tiles/plateau_mesa2.png
[25Dec2025 17:14:42.390] [Render thread/INFO] [antiqueatlas/]: Loaded texture antiqueatlas:dense_forest_hills2 with path antiqueatlas:textures/gui/tiles/dense_forest_hills2.png
[25Dec2025 17:14:42.390] [Render thread/INFO] [antiqueatlas/]: Loaded texture antiqueatlas:mega_spruce with path antiqueatlas:textures/gui/tiles/mega_spruce.png
[25Dec2025 17:14:42.390] [Render thread/INFO] [antiqueatlas/]: Loaded texture antiqueatlas:end_island with path antiqueatlas:textures/gui/tiles/end_island.png
[25Dec2025 17:14:42.390] [Render thread/INFO] [antiqueatlas/]: Loaded texture antiqueatlas:shore2 with path antiqueatlas:textures/gui/tiles/shore2.png
[25Dec2025 17:14:42.390] [Render thread/INFO] [antiqueatlas/]: Loaded texture antiqueatlas:ravine with path antiqueatlas:textures/gui/tiles/ravine.png
[25Dec2025 17:14:42.390] [Render thread/INFO] [antiqueatlas/]: Loaded texture antiqueatlas:lava2 with path antiqueatlas:textures/gui/tiles/lava2.png
[25Dec2025 17:14:42.390] [Render thread/INFO] [antiqueatlas/]: Loaded texture antiqueatlas:shore3 with path antiqueatlas:textures/gui/tiles/shore3.png
[25Dec2025 17:14:42.390] [Render thread/INFO] [antiqueatlas/]: Loaded texture antiqueatlas:grass3 with path antiqueatlas:textures/gui/tiles/grass3.png
[25Dec2025 17:14:42.390] [Render thread/INFO] [antiqueatlas/]: Loaded texture antiqueatlas:church with path antiqueatlas:textures/gui/tiles/church.png
[25Dec2025 17:14:42.390] [Render thread/INFO] [antiqueatlas/]: Loaded texture antiqueatlas:grass2 with path antiqueatlas:textures/gui/tiles/grass2.png
[25Dec2025 17:14:42.390] [Render thread/INFO] [antiqueatlas/]: Loaded texture antiqueatlas:forest_sparse_hills with path antiqueatlas:textures/gui/tiles/forest_sparse_hills.png
[25Dec2025 17:14:42.390] [Render thread/INFO] [antiqueatlas/]: Loaded texture antiqueatlas:grass4 with path antiqueatlas:textures/gui/tiles/grass4.png
[25Dec2025 17:14:42.390] [Render thread/INFO] [antiqueatlas/]: Loaded texture antiqueatlas:nether_bridge_x with path antiqueatlas:textures/gui/tiles/nether_bridge_x.png
[25Dec2025 17:14:42.390] [Render thread/INFO] [antiqueatlas/]: Loaded texture antiqueatlas:mega_taiga_hills2 with path antiqueatlas:textures/gui/tiles/mega_taiga_hills2.png
[25Dec2025 17:14:42.390] [Render thread/INFO] [antiqueatlas/]: Loaded texture antiqueatlas:nether_bridge_z with path antiqueatlas:textures/gui/tiles/nether_bridge_z.png
[25Dec2025 17:14:42.390] [Render thread/INFO] [antiqueatlas/]: Loaded texture antiqueatlas:forest with path antiqueatlas:textures/gui/tiles/forest.png
[25Dec2025 17:14:42.390] [Render thread/INFO] [antiqueatlas/]: Loaded texture antiqueatlas:forest_sparse_hills2 with path antiqueatlas:textures/gui/tiles/forest_sparse_hills2.png
[25Dec2025 17:14:42.390] [Render thread/INFO] [antiqueatlas/]: Loaded texture antiqueatlas:village_path_z with path antiqueatlas:textures/gui/tiles/village_path_z.png
[25Dec2025 17:14:42.390] [Render thread/INFO] [antiqueatlas/]: Loaded texture antiqueatlas:village_path_x with path antiqueatlas:textures/gui/tiles/village_path_x.png
[25Dec2025 17:14:42.390] [Render thread/INFO] [antiqueatlas/]: Loaded texture antiqueatlas:forest_sparse_hills3 with path antiqueatlas:textures/gui/tiles/forest_sparse_hills3.png
[25Dec2025 17:14:42.390] [Render thread/INFO] [antiqueatlas/]: Loaded texture antiqueatlas:cave_walls with path antiqueatlas:textures/gui/tiles/cave_walls.png
[25Dec2025 17:14:42.390] [Render thread/INFO] [antiqueatlas/]: Loaded texture antiqueatlas:plateau_mesa_low2 with path antiqueatlas:textures/gui/tiles/plateau_mesa_low2.png
[25Dec2025 17:14:42.390] [Render thread/INFO] [antiqueatlas/]: Loaded texture set antiqueatlas:tall_birch with 2 custom texture(s)
[25Dec2025 17:14:42.390] [Render thread/INFO] [antiqueatlas/]: Loaded texture set antiqueatlas:mushroom with 2 custom texture(s)
[25Dec2025 17:14:42.390] [Render thread/INFO] [antiqueatlas/]: Loaded texture set antiqueatlas:well with 1 custom texture(s)
[25Dec2025 17:14:42.390] [Render thread/INFO] [antiqueatlas/]: Loaded texture set antiqueatlas:birch with 2 custom texture(s)
[25Dec2025 17:14:42.390] [Render thread/INFO] [antiqueatlas/]: Loaded texture set antiqueatlas:end_void with 1 custom texture(s)
[25Dec2025 17:14:42.390] [Render thread/INFO] [antiqueatlas/]: Loaded texture set antiqueatlas:nether_bridge with 1 custom texture(s)
[25Dec2025 17:14:42.390] [Render thread/INFO] [antiqueatlas/]: Loaded texture set antiqueatlas:butchers_shop with 1 custom texture(s)
[25Dec2025 17:14:42.390] [Render thread/INFO] [antiqueatlas/]: Loaded texture set antiqueatlas:mega_taiga with 3 custom texture(s)
[25Dec2025 17:14:42.390] [Render thread/INFO] [antiqueatlas/]: Loaded texture set antiqueatlas:pines with 3 custom texture(s)
[25Dec2025 17:14:42.390] [Render thread/INFO] [antiqueatlas/]: Loaded texture set antiqueatlas:forest_hills with 3 custom texture(s)
[25Dec2025 17:14:42.390] [Render thread/INFO] [antiqueatlas/]: Loaded texture set antiqueatlas:mega_spruce_hills with 2 custom texture(s)
[25Dec2025 17:14:42.390] [Render thread/INFO] [antiqueatlas/]: Loaded texture set antiqueatlas:plateau_mesa with 2 custom texture(s)
[25Dec2025 17:14:42.390] [Render thread/INFO] [antiqueatlas/]: Loaded texture set antiqueatlas:snow_hills with 2 custom texture(s)
[25Dec2025 17:14:42.390] [Render thread/INFO] [antiqueatlas/]: Loaded texture set antiqueatlas:plains with 4 custom texture(s)
[25Dec2025 17:14:42.390] [Render thread/INFO] [antiqueatlas/]: Loaded texture set antiqueatlas:mega_taiga_hills with 3 custom texture(s)
[25Dec2025 17:14:42.391] [Render thread/INFO] [antiqueatlas/]: Loaded texture set antiqueatlas:nether_throne with 1 custom texture(s)
[25Dec2025 17:14:42.391] [Render thread/INFO] [antiqueatlas/]: Loaded texture set antiqueatlas:farmland_small with 1 custom texture(s)
[25Dec2025 17:14:42.391] [Render thread/INFO] [antiqueatlas/]: Loaded texture set antiqueatlas:bryce with 4 custom texture(s)
[25Dec2025 17:14:42.391] [Render thread/INFO] [antiqueatlas/]: Loaded texture set antiqueatlas:ruined_portal with 1 custom texture(s)
[25Dec2025 17:14:42.391] [Render thread/INFO] [antiqueatlas/]: Loaded texture set antiqueatlas:jungle with 2 custom texture(s)
[25Dec2025 17:14:42.391] [Render thread/INFO] [antiqueatlas/]: Loaded texture set antiqueatlas:nether_bridge_gate with 1 custom texture(s)
[25Dec2025 17:14:42.391] [Render thread/INFO] [antiqueatlas/]: Loaded texture set antiqueatlas:birch_hills with 2 custom texture(s)
[25Dec2025 17:14:42.391] [Render thread/INFO] [antiqueatlas/]: Loaded texture set antiqueatlas:soul_sand_valley with 3 custom texture(s)
[25Dec2025 17:14:42.391] [Render thread/INFO] [antiqueatlas/]: Loaded texture set antiqueatlas:nether_bridge_end_z with 1 custom texture(s)
[25Dec2025 17:14:42.391] [Render thread/INFO] [antiqueatlas/]: Loaded texture set antiqueatlas:swamp_water with 5 custom texture(s)
[25Dec2025 17:14:42.391] [Render thread/INFO] [antiqueatlas/]: Loaded texture set antiqueatlas:nether_bridge_end_x with 1 custom texture(s)
[25Dec2025 17:14:42.391] [Render thread/INFO] [antiqueatlas/]: Loaded texture set antiqueatlas:dense_forest with 2 custom texture(s)
[25Dec2025 17:14:42.391] [Render thread/INFO] [antiqueatlas/]: Loaded texture set antiqueatlas:house_small with 1 custom texture(s)
[25Dec2025 17:14:42.391] [Render thread/INFO] [antiqueatlas/]: Loaded texture set antiqueatlas:smithy with 1 custom texture(s)
[25Dec2025 17:14:42.391] [Render thread/INFO] [antiqueatlas/]: Loaded texture set antiqueatlas:forest_flowers with 3 custom texture(s)
[25Dec2025 17:14:42.391] [Render thread/INFO] [antiqueatlas/]: Loaded texture set antiqueatlas:hills with 4 custom texture(s)
[25Dec2025 17:14:42.391] [Render thread/INFO] [antiqueatlas/]: Loaded texture set antiqueatlas:l_house with 1 custom texture(s)
[25Dec2025 17:14:42.391] [Render thread/INFO] [antiqueatlas/]: Loaded texture set antiqueatlas:mountains with 8 custom texture(s)
[25Dec2025 17:14:42.391] [Render thread/INFO] [antiqueatlas/]: Loaded texture set antiqueatlas:snow_pines with 3 custom texture(s)
[25Dec2025 17:14:42.391] [Render thread/INFO] [antiqueatlas/]: Loaded texture set antiqueatlas:tall_birch_hills with 2 custom texture(s)
[25Dec2025 17:14:42.391] [Render thread/INFO] [antiqueatlas/]: Loaded texture set antiqueatlas:snow with 15 custom texture(s)
[25Dec2025 17:14:42.391] [Render thread/INFO] [antiqueatlas/]: Loaded texture set antiqueatlas:savanna_cliffs with 4 custom texture(s)
[25Dec2025 17:14:42.391] [Render thread/INFO] [antiqueatlas/]: Loaded texture set antiqueatlas:nether_hall with 1 custom texture(s)
[25Dec2025 17:14:42.391] [Render thread/INFO] [antiqueatlas/]: Loaded texture set antiqueatlas:plateau_mesa_low with 2 custom texture(s)
[25Dec2025 17:14:42.391] [Render thread/INFO] [antiqueatlas/]: Loaded texture set antiqueatlas:mountains_all with 8 custom texture(s)
[25Dec2025 17:14:42.391] [Render thread/INFO] [antiqueatlas/]: Loaded texture set antiqueatlas:nether_fort_stairs with 1 custom texture(s)
[25Dec2025 17:14:42.391] [Render thread/INFO] [antiqueatlas/]: Loaded texture set antiqueatlas:jungle_edge with 6 custom texture(s)
[25Dec2025 17:14:42.391] [Render thread/INFO] [antiqueatlas/]: Loaded texture set antiqueatlas:swamp with 8 custom texture(s)
[25Dec2025 17:14:42.391] [Render thread/INFO] [antiqueatlas/]: Loaded texture set antiqueatlas:plateau_savanna with 9 custom texture(s)
[25Dec2025 17:14:42.391] [Render thread/INFO] [antiqueatlas/]: Loaded texture set antiqueatlas:test with 1 custom texture(s)
[25Dec2025 17:14:42.391] [Render thread/INFO] [antiqueatlas/]: Loaded texture set antiqueatlas:end_island_plants with 3 custom texture(s)
[25Dec2025 17:14:42.391] [Render thread/INFO] [antiqueatlas/]: Loaded texture set antiqueatlas:basalt_deltas with 4 custom texture(s)
[25Dec2025 17:14:42.391] [Render thread/INFO] [antiqueatlas/]: Loaded texture set antiqueatlas:sunflowers with 4 custom texture(s)
[25Dec2025 17:14:42.391] [Render thread/INFO] [antiqueatlas/]: Loaded texture set antiqueatlas:dense_forest_hills with 2 custom texture(s)
[25Dec2025 17:14:42.391] [Render thread/INFO] [antiqueatlas/]: Loaded texture set antiqueatlas:jungle_cliffs with 3 custom texture(s)
[25Dec2025 17:14:42.391] [Render thread/INFO] [antiqueatlas/]: Loaded texture set antiqueatlas:plateau_mesa_trees with 3 custom texture(s)
[25Dec2025 17:14:42.391] [Render thread/INFO] [antiqueatlas/]: Loaded texture set antiqueatlas:farmland_large with 1 custom texture(s)
[25Dec2025 17:14:42.391] [Render thread/INFO] [antiqueatlas/]: Loaded texture set antiqueatlas:sparse_forest with 7 custom texture(s)
[25Dec2025 17:14:42.391] [Render thread/INFO] [antiqueatlas/]: Loaded texture set antiqueatlas:village_torch with 1 custom texture(s)
[25Dec2025 17:14:42.391] [Render thread/INFO] [antiqueatlas/]: Loaded texture set antiqueatlas:water with 2 custom texture(s)
[25Dec2025 17:14:42.391] [Render thread/INFO] [antiqueatlas/]: Loaded texture set antiqueatlas:nether_wall with 1 custom texture(s)
[25Dec2025 17:14:42.391] [Render thread/INFO] [antiqueatlas/]: Loaded texture set antiqueatlas:ice_spikes with 2 custom texture(s)
[25Dec2025 17:14:42.391] [Render thread/INFO] [antiqueatlas/]: Loaded texture set antiqueatlas:jungle_hills with 2 custom texture(s)
[25Dec2025 17:14:42.391] [Render thread/INFO] [antiqueatlas/]: Loaded texture set antiqueatlas:savanna with 10 custom texture(s)
[25Dec2025 17:14:42.391] [Render thread/INFO] [antiqueatlas/]: Loaded texture set antiqueatlas:mountains_naked with 5 custom texture(s)
[25Dec2025 17:14:42.391] [Render thread/INFO] [antiqueatlas/]: Loaded texture set antiqueatlas:desert_hills with 14 custom texture(s)
[25Dec2025 17:14:42.391] [Render thread/INFO] [antiqueatlas/]: Loaded texture set antiqueatlas:rock_shore with 1 custom texture(s)
[25Dec2025 17:14:42.391] [Render thread/INFO] [antiqueatlas/]: Loaded texture set antiqueatlas:library with 1 custom texture(s)
[25Dec2025 17:14:42.391] [Render thread/INFO] [antiqueatlas/]: Loaded texture set antiqueatlas:lava_shore with 2 custom texture(s)
[25Dec2025 17:14:42.391] [Render thread/INFO] [antiqueatlas/]: Loaded texture set antiqueatlas:swamp_hills with 5 custom texture(s)
[25Dec2025 17:14:42.391] [Render thread/INFO] [antiqueatlas/]: Loaded texture set antiqueatlas:mountains_snow_caps with 5 custom texture(s)
[25Dec2025 17:14:42.391] [Render thread/INFO] [antiqueatlas/]: Loaded texture set antiqueatlas:pines_hills with 3 custom texture(s)
[25Dec2025 17:14:42.391] [Render thread/INFO] [antiqueatlas/]: Loaded texture set antiqueatlas:house with 1 custom texture(s)
[25Dec2025 17:14:42.391] [Render thread/INFO] [antiqueatlas/]: Loaded texture set antiqueatlas:mesa with 5 custom texture(s)
[25Dec2025 17:14:42.391] [Render thread/INFO] [antiqueatlas/]: Loaded texture set antiqueatlas:lava with 2 custom texture(s)
[25Dec2025 17:14:42.391] [Render thread/INFO] [antiqueatlas/]: Loaded texture set antiqueatlas:mega_spruce with 2 custom texture(s)
[25Dec2025 17:14:42.391] [Render thread/INFO] [antiqueatlas/]: Loaded texture set antiqueatlas:nether_tower with 1 custom texture(s)
[25Dec2025 17:14:42.391] [Render thread/INFO] [antiqueatlas/]: Loaded texture set antiqueatlas:end_island with 2 custom texture(s)
[25Dec2025 17:14:42.391] [Render thread/INFO] [antiqueatlas/]: Loaded texture set antiqueatlas:ravine with 2 custom texture(s)
[25Dec2025 17:14:42.391] [Render thread/INFO] [antiqueatlas/]: Loaded texture set antiqueatlas:shore with 3 custom texture(s)
[25Dec2025 17:14:42.391] [Render thread/INFO] [antiqueatlas/]: Loaded texture set antiqueatlas:hut with 1 custom texture(s)
[25Dec2025 17:14:42.391] [Render thread/INFO] [antiqueatlas/]: Loaded texture set antiqueatlas:plateau_mesa_trees_low with 3 custom texture(s)
[25Dec2025 17:14:42.391] [Render thread/INFO] [antiqueatlas/]: Loaded texture set antiqueatlas:church with 1 custom texture(s)
[25Dec2025 17:14:42.391] [Render thread/INFO] [antiqueatlas/]: Loaded texture set antiqueatlas:fence with 1 custom texture(s)
[25Dec2025 17:14:42.391] [Render thread/INFO] [antiqueatlas/]: Loaded texture set antiqueatlas:jungle_edge_hills with 5 custom texture(s)
[25Dec2025 17:14:42.391] [Render thread/INFO] [antiqueatlas/]: Loaded texture set antiqueatlas:plateau_savanna_m with 9 custom texture(s)
[25Dec2025 17:14:42.391] [Render thread/INFO] [antiqueatlas/]: Loaded texture set antiqueatlas:sparse_forest_hills with 6 custom texture(s)
[25Dec2025 17:14:42.391] [Render thread/INFO] [antiqueatlas/]: Loaded texture set antiqueatlas:dense_birch with 1 custom texture(s)
[25Dec2025 17:14:42.391] [Render thread/INFO] [antiqueatlas/]: Loaded texture set antiqueatlas:ice with 1 custom texture(s)
[25Dec2025 17:14:42.391] [Render thread/INFO] [antiqueatlas/]: Loaded texture set antiqueatlas:nether_bridge_x with 1 custom texture(s)
[25Dec2025 17:14:42.391] [Render thread/INFO] [antiqueatlas/]: Loaded texture set antiqueatlas:nether_bridge_z with 1 custom texture(s)
[25Dec2025 17:14:42.391] [Render thread/INFO] [antiqueatlas/]: Loaded texture set antiqueatlas:forest with 3 custom texture(s)
[25Dec2025 17:14:42.391] [Render thread/INFO] [antiqueatlas/]: Loaded texture set antiqueatlas:village_path_z with 1 custom texture(s)
[25Dec2025 17:14:42.391] [Render thread/INFO] [antiqueatlas/]: Loaded texture set antiqueatlas:snow_pines_hills with 3 custom texture(s)
[25Dec2025 17:14:42.391] [Render thread/INFO] [antiqueatlas/]: Loaded texture set antiqueatlas:desert with 9 custom texture(s)
[25Dec2025 17:14:42.391] [Render thread/INFO] [antiqueatlas/]: Loaded texture set antiqueatlas:village_path_x with 1 custom texture(s)
[25Dec2025 17:14:42.391] [Render thread/INFO] [antiqueatlas/]: Loaded texture set antiqueatlas:cave_walls with 1 custom texture(s)
[25Dec2025 17:14:42.392] [Render thread/INFO] [antiqueatlas/]: Loaded water texture `antiqueatlas:water` for shore texture `antiqueatlas:rock_shore` texture
[25Dec2025 17:14:42.392] [Render thread/INFO] [antiqueatlas/]: Loaded water texture `antiqueatlas:lava` for shore texture `antiqueatlas:lava_shore` texture
[25Dec2025 17:14:42.392] [Render thread/INFO] [antiqueatlas/]: Loaded water texture `antiqueatlas:water` for shore texture `antiqueatlas:shore` texture
[25Dec2025 17:14:42.392] [Render thread/INFO] [antiqueatlas/]: Loaded tile minecraft:soul_sand_valley_valley with texture set antiqueatlas:soul_sand_valley
[25Dec2025 17:14:42.392] [Render thread/INFO] [antiqueatlas/]: Loaded tile minecraft:giant_spruce_taiga_valley with texture set antiqueatlas:mega_spruce
[25Dec2025 17:14:42.392] [Render thread/INFO] [antiqueatlas/]: Loaded tile minecraft:frozen_ocean with texture set antiqueatlas:ice
[25Dec2025 17:14:42.392] [Render thread/INFO] [antiqueatlas/]: Loaded tile minecraft:giant_spruce_taiga_mid with texture set antiqueatlas:mega_spruce
[25Dec2025 17:14:42.392] [Render thread/INFO] [antiqueatlas/]: Loaded tile minecraft:snowy_taiga_hills_mid with texture set antiqueatlas:snow_pines_hills
[25Dec2025 17:14:42.392] [Render thread/INFO] [antiqueatlas/]: Loaded tile antiqueatlas:npc_village_smithy_peak with texture set antiqueatlas:smithy
[25Dec2025 17:14:42.392] [Render thread/INFO] [antiqueatlas/]: Loaded tile antiqueatlas:npc_village_library_mid with texture set antiqueatlas:library
[25Dec2025 17:14:42.392] [Render thread/INFO] [antiqueatlas/]: Loaded tile minecraft:giant_tree_taiga_high with texture set antiqueatlas:mega_taiga
[25Dec2025 17:14:42.392] [Render thread/INFO] [antiqueatlas/]: Loaded tile minecraft:mountain_edge_peak with texture set antiqueatlas:mountains_all
[25Dec2025 17:14:42.392] [Render thread/INFO] [antiqueatlas/]: Loaded tile minecraft:old_growth_spruce_taiga_valley with texture set antiqueatlas:pines
[25Dec2025 17:14:42.392] [Render thread/INFO] [antiqueatlas/]: Loaded tile minecraft:badlands_mid with texture set antiqueatlas:mesa
[25Dec2025 17:14:42.392] [Render thread/INFO] [antiqueatlas/]: Loaded tile antiqueatlas:nether_bridge_peak with texture set antiqueatlas:nether_bridge
[25Dec2025 17:14:42.392] [Render thread/INFO] [antiqueatlas/]: Loaded tile minecraft:forest_high with texture set antiqueatlas:forest_hills
[25Dec2025 17:14:42.392] [Render thread/INFO] [antiqueatlas/]: Loaded tile antiqueatlas:nether_wall_valley with texture set antiqueatlas:nether_wall
[25Dec2025 17:14:42.392] [Render thread/INFO] [antiqueatlas/]: Loaded tile minecraft:snowy_taiga_hills with texture set antiqueatlas:snow_pines_hills
[25Dec2025 17:14:42.392] [Render thread/INFO] [antiqueatlas/]: Loaded tile minecraft:snowy_taiga_mountains_peak with texture set antiqueatlas:snow_pines_hills
[25Dec2025 17:14:42.392] [Render thread/INFO] [antiqueatlas/]: Loaded tile minecraft:end_barrens_mid with texture set antiqueatlas:end_island
[25Dec2025 17:14:42.392] [Render thread/INFO] [antiqueatlas/]: Loaded tile minecraft:dark_forest with texture set antiqueatlas:forest
[25Dec2025 17:14:42.392] [Render thread/INFO] [antiqueatlas/]: Loaded tile minecraft:jungle_edge_high with texture set antiqueatlas:jungle_edge
[25Dec2025 17:14:42.392] [Render thread/INFO] [antiqueatlas/]: Loaded tile minecraft:jungle_hills_valley with texture set antiqueatlas:jungle_hills
[25Dec2025 17:14:42.392] [Render thread/INFO] [antiqueatlas/]: Loaded tile minecraft:cold_ocean_mid with texture set antiqueatlas:water
[25Dec2025 17:14:42.392] [Render thread/INFO] [antiqueatlas/]: Loaded tile minecraft:savanna_peak with texture set antiqueatlas:savanna
[25Dec2025 17:14:42.392] [Render thread/INFO] [antiqueatlas/]: Loaded tile antiqueatlas:nether_hall_valley with texture set antiqueatlas:nether_hall
[25Dec2025 17:14:42.392] [Render thread/INFO] [antiqueatlas/]: Loaded tile antiqueatlas:lava_valley with texture set antiqueatlas:lava
[25Dec2025 17:14:42.392] [Render thread/INFO] [antiqueatlas/]: Loaded tile minecraft:grove_peak with texture set antiqueatlas:snow_pines_hills
[25Dec2025 17:14:42.392] [Render thread/INFO] [antiqueatlas/]: Loaded tile minecraft:giant_spruce_taiga with texture set antiqueatlas:mega_spruce
[25Dec2025 17:14:42.392] [Render thread/INFO] [antiqueatlas/]: Loaded tile minecraft:snowy_slopes_low with texture set antiqueatlas:mountains_snow_caps
[25Dec2025 17:14:42.392] [Render thread/INFO] [antiqueatlas/]: Loaded tile antiqueatlas:nether_bridge_gate with texture set antiqueatlas:nether_bridge_gate
[25Dec2025 17:14:42.392] [Render thread/INFO] [antiqueatlas/]: Loaded tile antiqueatlas:npc_village_butchers_shop with texture set antiqueatlas:butchers_shop
[25Dec2025 17:14:42.392] [Render thread/INFO] [antiqueatlas/]: Loaded tile minecraft:birch_forest_hills_mid with texture set antiqueatlas:birch_hills
[25Dec2025 17:14:42.392] [Render thread/INFO] [antiqueatlas/]: Loaded tile minecraft:snowy_tundra_low with texture set antiqueatlas:snow
[25Dec2025 17:14:42.392] [Render thread/INFO] [antiqueatlas/]: Loaded tile antiqueatlas:npc_village_l_house_peak with texture set antiqueatlas:l_house
[25Dec2025 17:14:42.392] [Render thread/INFO] [antiqueatlas/]: Loaded tile minecraft:taiga_mountains_peak with texture set antiqueatlas:pines_hills
[25Dec2025 17:14:42.392] [Render thread/INFO] [antiqueatlas/]: Loaded tile minecraft:frozen_ocean_mid with texture set antiqueatlas:ice
[25Dec2025 17:14:42.392] [Render thread/INFO] [antiqueatlas/]: Loaded tile minecraft:stony_peaks_valley with texture set antiqueatlas:mountains_naked
[25Dec2025 17:14:42.392] [Render thread/INFO] [antiqueatlas/]: Loaded tile minecraft:modified_wooded_badlands_plateau_low with texture set antiqueatlas:plateau_mesa
[25Dec2025 17:14:42.392] [Render thread/INFO] [antiqueatlas/]: Loaded tile minecraft:soul_sand_valley_low with texture set antiqueatlas:soul_sand_valley
[25Dec2025 17:14:42.392] [Render thread/INFO] [antiqueatlas/]: Loaded tile minecraft:deep_frozen_ocean_valley with texture set antiqueatlas:ice_spikes
[25Dec2025 17:14:42.392] [Render thread/INFO] [antiqueatlas/]: Loaded tile minecraft:nether_wastes with texture set antiqueatlas:cave_walls
[25Dec2025 17:14:42.392] [Render thread/INFO] [antiqueatlas/]: Loaded tile minecraft:ocean_low with texture set antiqueatlas:water
[25Dec2025 17:14:42.392] [Render thread/INFO] [antiqueatlas/]: Loaded tile minecraft:wooded_badlands_plateau_mid with texture set antiqueatlas:plateau_mesa_trees
[25Dec2025 17:14:42.392] [Render thread/INFO] [antiqueatlas/]: Loaded tile minecraft:forest_mid with texture set antiqueatlas:forest_hills
[25Dec2025 17:14:42.392] [Render thread/INFO] [antiqueatlas/]: Loaded tile minecraft:snowy_taiga with texture set antiqueatlas:snow_pines
[25Dec2025 17:14:42.392] [Render thread/INFO] [antiqueatlas/]: Loaded tile minecraft:badlands_high with texture set antiqueatlas:mesa
[25Dec2025 17:14:42.392] [Render thread/INFO] [antiqueatlas/]: Loaded tile minecraft:small_end_islands_low with texture set antiqueatlas:end_island
[25Dec2025 17:14:42.392] [Render thread/INFO] [antiqueatlas/]: Loaded tile minecraft:wooded_badlands_peak with texture set antiqueatlas:plateau_mesa_trees
[25Dec2025 17:14:42.392] [Render thread/INFO] [antiqueatlas/]: Loaded tile minecraft:snowy_mountains_mid with texture set antiqueatlas:mountains_snow_caps
[25Dec2025 17:14:42.392] [Render thread/INFO] [antiqueatlas/]: Loaded tile minecraft:deep_ocean_high with texture set antiqueatlas:water
[25Dec2025 17:14:42.392] [Render thread/INFO] [antiqueatlas/]: Loaded tile minecraft:tall_birch_hills_valley with texture set antiqueatlas:tall_birch_hills
[25Dec2025 17:14:42.392] [Render thread/INFO] [antiqueatlas/]: Loaded tile minecraft:deep_cold_ocean_valley with texture set antiqueatlas:water
[25Dec2025 17:14:42.392] [Render thread/INFO] [antiqueatlas/]: Loaded tile minecraft:old_growth_pine_taiga_mid with texture set antiqueatlas:pines_hills
[25Dec2025 17:14:42.392] [Render thread/INFO] [antiqueatlas/]: Loaded tile minecraft:windswept_gravelly_hills_peak with texture set antiqueatlas:hills
[25Dec2025 17:14:42.392] [Render thread/INFO] [antiqueatlas/]: Loaded tile minecraft:snowy_taiga_hills_valley with texture set antiqueatlas:snow_pines_hills
[25Dec2025 17:14:42.392] [Render thread/INFO] [antiqueatlas/]: Loaded tile minecraft:mushroom_fields_peak with texture set antiqueatlas:mushroom
[25Dec2025 17:14:42.392] [Render thread/INFO] [antiqueatlas/]: Loaded tile minecraft:tall_birch_forest with texture set antiqueatlas:tall_birch
[25Dec2025 17:14:42.392] [Render thread/INFO] [antiqueatlas/]: Loaded tile minecraft:basalt_deltas_high with texture set antiqueatlas:basalt_deltas
[25Dec2025 17:14:42.392] [Render thread/INFO] [antiqueatlas/]: Loaded tile antiqueatlas:end_island_plants with texture set antiqueatlas:end_island_plants
[25Dec2025 17:14:42.392] [Render thread/INFO] [antiqueatlas/]: Loaded tile minecraft:gravelly_mountains_valley with texture set antiqueatlas:mountains
[25Dec2025 17:14:42.392] [Render thread/INFO] [antiqueatlas/]: Loaded tile minecraft:modified_wooded_badlands_plateau with texture set antiqueatlas:plateau_mesa
[25Dec2025 17:14:42.392] [Render thread/INFO] [antiqueatlas/]: Loaded tile minecraft:the_void_peak with texture set antiqueatlas:end_void
[25Dec2025 17:14:42.392] [Render thread/INFO] [antiqueatlas/]: Loaded tile minecraft:snowy_taiga_mountains_mid with texture set antiqueatlas:snow_pines_hills
[25Dec2025 17:14:42.392] [Render thread/INFO] [antiqueatlas/]: Loaded tile minecraft:flower_forest_valley with texture set antiqueatlas:forest_flowers
[25Dec2025 17:14:42.392] [Render thread/INFO] [antiqueatlas/]: Loaded tile minecraft:meadow_peak with texture set antiqueatlas:mountains
[25Dec2025 17:14:42.392] [Render thread/INFO] [antiqueatlas/]: Loaded tile antiqueatlas:npc_village_farmland_small_mid with texture set antiqueatlas:farmland_small
[25Dec2025 17:14:42.392] [Render thread/INFO] [antiqueatlas/]: Loaded tile antiqueatlas:nether_bridge_valley with texture set antiqueatlas:nether_bridge
[25Dec2025 17:14:42.392] [Render thread/INFO] [antiqueatlas/]: Loaded tile minecraft:grove_valley with texture set antiqueatlas:snow_pines
[25Dec2025 17:14:42.392] [Render thread/INFO] [antiqueatlas/]: Loaded tile antiqueatlas:nether_wall with texture set antiqueatlas:nether_wall
[25Dec2025 17:14:42.392] [Render thread/INFO] [antiqueatlas/]: Loaded tile minecraft:end_highlands_high with texture set antiqueatlas:end_island_plants
[25Dec2025 17:14:42.393] [Render thread/INFO] [antiqueatlas/]: Loaded tile minecraft:modified_badlands_plateau with texture set antiqueatlas:plateau_mesa
[25Dec2025 17:14:42.393] [Render thread/INFO] [antiqueatlas/]: Loaded tile minecraft:snowy_mountains_peak with texture set antiqueatlas:mountains_snow_caps
[25Dec2025 17:14:42.393] [Render thread/INFO] [antiqueatlas/]: Loaded tile antiqueatlas:npc_village_church_high with texture set antiqueatlas:church
[25Dec2025 17:14:42.393] [Render thread/INFO] [antiqueatlas/]: Loaded tile antiqueatlas:lava_high with texture set antiqueatlas:lava
[25Dec2025 17:14:42.393] [Render thread/INFO] [antiqueatlas/]: Loaded tile minecraft:modified_wooded_badlands_plateau_peak with texture set antiqueatlas:plateau_mesa
[25Dec2025 17:14:42.393] [Render thread/INFO] [antiqueatlas/]: Loaded tile minecraft:badlands_plateau_mid with texture set antiqueatlas:plateau_mesa
[25Dec2025 17:14:42.393] [Render thread/INFO] [antiqueatlas/]: Loaded tile minecraft:windswept_forest_low with texture set antiqueatlas:forest_hills
[25Dec2025 17:14:42.393] [Render thread/INFO] [antiqueatlas/]: Loaded tile antiqueatlas:nether_bridge_end_z_high with texture set antiqueatlas:nether_bridge_end_z
[25Dec2025 17:14:42.393] [Render thread/INFO] [antiqueatlas/]: Loaded tile antiqueatlas:nether_throne_valley with texture set antiqueatlas:nether_throne
[25Dec2025 17:14:42.393] [Render thread/INFO] [antiqueatlas/]: Loaded tile minecraft:desert_high with texture set antiqueatlas:desert
[25Dec2025 17:14:42.393] [Render thread/INFO] [antiqueatlas/]: Loaded tile antiqueatlas:nether_bridge_mid with texture set antiqueatlas:nether_bridge
[25Dec2025 17:14:42.393] [Render thread/INFO] [antiqueatlas/]: Loaded tile minecraft:the_end_high with texture set antiqueatlas:end_island
[25Dec2025 17:14:42.393] [Render thread/INFO] [antiqueatlas/]: Loaded tile antiqueatlas:end_island_plants_peak with texture set antiqueatlas:end_island_plants
[25Dec2025 17:14:42.393] [Render thread/INFO] [antiqueatlas/]: Loaded tile minecraft:shattered_savanna_plateau_low with texture set antiqueatlas:savanna_cliffs
[25Dec2025 17:14:42.393] [Render thread/INFO] [antiqueatlas/]: Loaded tile antiqueatlas:nether_wall_high with texture set antiqueatlas:nether_wall
[25Dec2025 17:14:42.393] [Render thread/INFO] [antiqueatlas/]: Loaded tile minecraft:wooded_mountains_low with texture set antiqueatlas:mountains_all
[25Dec2025 17:14:42.393] [Render thread/INFO] [antiqueatlas/]: Loaded tile minecraft:cold_ocean with texture set antiqueatlas:water
[25Dec2025 17:14:42.393] [Render thread/INFO] [antiqueatlas/]: Loaded tile minecraft:modified_gravelly_mountains_valley with texture set antiqueatlas:mountains
[25Dec2025 17:14:42.393] [Render thread/INFO] [antiqueatlas/]: Loaded tile antiqueatlas:nether_bridge_z_peak with texture set antiqueatlas:nether_bridge_z
[25Dec2025 17:14:42.393] [Render thread/INFO] [antiqueatlas/]: Loaded tile antiqueatlas:end_void_low with texture set antiqueatlas:end_void
[25Dec2025 17:14:42.393] [Render thread/INFO] [antiqueatlas/]: Loaded tile minecraft:desert_hills_low with texture set antiqueatlas:desert_hills
[25Dec2025 17:14:42.393] [Render thread/INFO] [antiqueatlas/]: Loaded tile minecraft:birch_forest_hills_valley with texture set antiqueatlas:birch_hills
[25Dec2025 17:14:42.393] [Render thread/INFO] [antiqueatlas/]: Loaded tile minecraft:lukewarm_ocean_low with texture set antiqueatlas:water
[25Dec2025 17:14:42.393] [Render thread/INFO] [antiqueatlas/]: Loaded tile antiqueatlas:npc_village_l_house_valley with texture set antiqueatlas:l_house
[25Dec2025 17:14:42.393] [Render thread/INFO] [antiqueatlas/]: Loaded tile minecraft:sparse_jungle_mid with texture set antiqueatlas:sparse_forest_hills
[25Dec2025 17:14:42.393] [Render thread/INFO] [antiqueatlas/]: Loaded tile minecraft:windswept_savanna with texture set antiqueatlas:savanna
[25Dec2025 17:14:42.393] [Render thread/INFO] [antiqueatlas/]: Loaded tile minecraft:deep_warm_ocean with texture set antiqueatlas:water
[25Dec2025 17:14:42.393] [Render thread/INFO] [antiqueatlas/]: Loaded tile minecraft:crimson_forest_valley with texture set antiqueatlas:forest
[25Dec2025 17:14:42.393] [Render thread/INFO] [antiqueatlas/]: Loaded tile antiqueatlas:npc_village_library_valley with texture set antiqueatlas:library
[25Dec2025 17:14:42.393] [Render thread/INFO] [antiqueatlas/]: Loaded tile minecraft:mushroom_fields_high with texture set antiqueatlas:mushroom
[25Dec2025 17:14:42.393] [Render thread/INFO] [antiqueatlas/]: Loaded tile minecraft:wooded_hills_high with texture set antiqueatlas:forest_hills
[25Dec2025 17:14:42.393] [Render thread/INFO] [antiqueatlas/]: Loaded tile antiqueatlas:swamp_water_valley with texture set antiqueatlas:swamp_water
[25Dec2025 17:14:42.393] [Render thread/INFO] [antiqueatlas/]: Loaded tile minecraft:warm_ocean_high with texture set antiqueatlas:water
[25Dec2025 17:14:42.393] [Render thread/INFO] [antiqueatlas/]: Loaded tile minecraft:taiga_hills with texture set antiqueatlas:pines_hills
[25Dec2025 17:14:42.393] [Render thread/INFO] [antiqueatlas/]: Loaded tile minecraft:jungle_edge_valley with texture set antiqueatlas:jungle_edge
[25Dec2025 17:14:42.393] [Render thread/INFO] [antiqueatlas/]: Loaded tile antiqueatlas:npc_village_smithy with texture set antiqueatlas:smithy
[25Dec2025 17:14:42.393] [Render thread/INFO] [antiqueatlas/]: Loaded tile minecraft:eroded_badlands_mid with texture set antiqueatlas:mesa
[25Dec2025 17:14:42.393] [Render thread/INFO] [antiqueatlas/]: Loaded tile antiqueatlas:npc_village_farmland_large_peak with texture set antiqueatlas:farmland_large
[25Dec2025 17:14:42.393] [Render thread/INFO] [antiqueatlas/]: Loaded tile antiqueatlas:npc_village_butchers_shop_high with texture set antiqueatlas:butchers_shop
[25Dec2025 17:14:42.393] [Render thread/INFO] [antiqueatlas/]: Loaded tile antiqueatlas:npc_village_butchers_shop_valley with texture set antiqueatlas:butchers_shop
[25Dec2025 17:14:42.393] [Render thread/INFO] [antiqueatlas/]: Loaded tile antiqueatlas:nether_hall_low with texture set antiqueatlas:nether_hall
[25Dec2025 17:14:42.393] [Render thread/INFO] [antiqueatlas/]: Loaded tile antiqueatlas:nether_throne with texture set antiqueatlas:nether_throne
[25Dec2025 17:14:42.393] [Render thread/INFO] [antiqueatlas/]: Loaded tile minecraft:old_growth_spruce_taiga with texture set antiqueatlas:pines
[25Dec2025 17:14:42.393] [Render thread/INFO] [antiqueatlas/]: Loaded tile antiqueatlas:ruined_portal with texture set antiqueatlas:ruined_portal
[25Dec2025 17:14:42.393] [Render thread/INFO] [antiqueatlas/]: Loaded tile minecraft:windswept_savanna_low with texture set antiqueatlas:savanna
[25Dec2025 17:14:42.393] [Render thread/INFO] [antiqueatlas/]: Loaded tile minecraft:snowy_taiga_low with texture set antiqueatlas:snow_pines
[25Dec2025 17:14:42.393] [Render thread/INFO] [antiqueatlas/]: Loaded tile minecraft:forest with texture set antiqueatlas:forest
[25Dec2025 17:14:42.393] [Render thread/INFO] [antiqueatlas/]: Loaded tile antiqueatlas:swamp_water_high with texture set antiqueatlas:swamp_water
[25Dec2025 17:14:42.393] [Render thread/INFO] [antiqueatlas/]: Loaded tile antiqueatlas:npc_village_torch_low with texture set antiqueatlas:village_torch
[25Dec2025 17:14:42.393] [Render thread/INFO] [antiqueatlas/]: Loaded tile minecraft:shattered_savanna_mid with texture set antiqueatlas:savanna_cliffs
[25Dec2025 17:14:42.393] [Render thread/INFO] [antiqueatlas/]: Loaded tile minecraft:jungle_hills_peak with texture set antiqueatlas:jungle_hills
[25Dec2025 17:14:42.393] [Render thread/INFO] [antiqueatlas/]: Loaded tile antiqueatlas:swamp_water with texture set antiqueatlas:swamp_water
[25Dec2025 17:14:42.393] [Render thread/INFO] [antiqueatlas/]: Loaded tile antiqueatlas:nether_bridge_gate_high with texture set antiqueatlas:nether_bridge_gate
[25Dec2025 17:14:42.393] [Render thread/INFO] [antiqueatlas/]: Loaded tile antiqueatlas:npc_village_farmland_large with texture set antiqueatlas:farmland_large
[25Dec2025 17:14:42.393] [Render thread/INFO] [antiqueatlas/]: Loaded tile minecraft:sunflower_plains with texture set antiqueatlas:sunflowers
[25Dec2025 17:14:42.393] [Render thread/INFO] [antiqueatlas/]: Loaded tile minecraft:windswept_forest_peak with texture set antiqueatlas:forest_hills
[25Dec2025 17:14:42.393] [Render thread/INFO] [antiqueatlas/]: Loaded tile minecraft:crimson_forest_peak with texture set antiqueatlas:forest
[25Dec2025 17:14:42.393] [Render thread/INFO] [antiqueatlas/]: Loaded tile minecraft:frozen_river_low with texture set antiqueatlas:ice
[25Dec2025 17:14:42.393] [Render thread/INFO] [antiqueatlas/]: Loaded tile minecraft:gravelly_mountains with texture set antiqueatlas:mountains
[25Dec2025 17:14:42.393] [Render thread/INFO] [antiqueatlas/]: Loaded tile minecraft:taiga_mid with texture set antiqueatlas:pines
[25Dec2025 17:14:42.393] [Render thread/INFO] [antiqueatlas/]: Loaded tile antiqueatlas:ravine_peak with texture set antiqueatlas:ravine
[25Dec2025 17:14:42.393] [Render thread/INFO] [antiqueatlas/]: Loaded tile minecraft:swamp_valley with texture set antiqueatlas:swamp
[25Dec2025 17:14:42.393] [Render thread/INFO] [antiqueatlas/]: Loaded tile antiqueatlas:end_void_high with texture set antiqueatlas:end_void
[25Dec2025 17:14:42.393] [Render thread/INFO] [antiqueatlas/]: Loaded tile antiqueatlas:nether_bridge_z_high with texture set antiqueatlas:nether_bridge_z
[25Dec2025 17:14:42.393] [Render thread/INFO] [antiqueatlas/]: Loaded tile antiqueatlas:npc_village_hut_peak with texture set antiqueatlas:hut
[25Dec2025 17:14:42.393] [Render thread/INFO] [antiqueatlas/]: Loaded tile minecraft:deep_cold_ocean_mid with texture set antiqueatlas:water
[25Dec2025 17:14:42.393] [Render thread/INFO] [antiqueatlas/]: Loaded tile minecraft:jagged_peaks_mid with texture set antiqueatlas:mountains_snow_caps
[25Dec2025 17:14:42.393] [Render thread/INFO] [antiqueatlas/]: Loaded tile minecraft:desert with texture set antiqueatlas:desert
[25Dec2025 17:14:42.393] [Render thread/INFO] [antiqueatlas/]: Loaded tile minecraft:windswept_savanna_peak with texture set antiqueatlas:savanna
[25Dec2025 17:14:42.393] [Render thread/INFO] [antiqueatlas/]: Loaded tile minecraft:beach with texture set antiqueatlas:shore
[25Dec2025 17:14:42.393] [Render thread/INFO] [antiqueatlas/]: Loaded tile minecraft:mushroom_field_shore_valley with texture set antiqueatlas:shore
[25Dec2025 17:14:42.393] [Render thread/INFO] [antiqueatlas/]: Loaded tile minecraft:grove with texture set antiqueatlas:snow_pines
[25Dec2025 17:14:42.393] [Render thread/INFO] [antiqueatlas/]: Loaded tile minecraft:mushroom_field_shore_peak with texture set antiqueatlas:shore
[25Dec2025 17:14:42.393] [Render thread/INFO] [antiqueatlas/]: Loaded tile minecraft:lukewarm_ocean_peak with texture set antiqueatlas:water
[25Dec2025 17:14:42.393] [Render thread/INFO] [antiqueatlas/]: Loaded tile minecraft:the_void_low with texture set antiqueatlas:end_void
[25Dec2025 17:14:42.393] [Render thread/INFO] [antiqueatlas/]: Loaded tile minecraft:frozen_ocean_valley with texture set antiqueatlas:ice
[25Dec2025 17:14:42.393] [Render thread/INFO] [antiqueatlas/]: Loaded tile minecraft:dark_forest_hills_high with texture set antiqueatlas:forest_hills
[25Dec2025 17:14:42.393] [Render thread/INFO] [antiqueatlas/]: Loaded tile minecraft:end_midlands_low with texture set antiqueatlas:end_island
[25Dec2025 17:14:42.393] [Render thread/INFO] [antiqueatlas/]: Loaded tile minecraft:savanna_high with texture set antiqueatlas:savanna
[25Dec2025 17:14:42.393] [Render thread/INFO] [antiqueatlas/]: Loaded tile minecraft:tall_birch_hills_high with texture set antiqueatlas:tall_birch_hills
[25Dec2025 17:14:42.393] [Render thread/INFO] [antiqueatlas/]: Loaded tile minecraft:end_barrens_high with texture set antiqueatlas:end_island
[25Dec2025 17:14:42.393] [Render thread/INFO] [antiqueatlas/]: Loaded tile minecraft:jagged_peaks with texture set antiqueatlas:mountains_snow_caps
[25Dec2025 17:14:42.393] [Render thread/INFO] [antiqueatlas/]: Loaded tile minecraft:end_midlands_valley with texture set antiqueatlas:end_island
[25Dec2025 17:14:42.393] [Render thread/INFO] [antiqueatlas/]: Loaded tile minecraft:cold_ocean_peak with texture set antiqueatlas:water
[25Dec2025 17:14:42.393] [Render thread/INFO] [antiqueatlas/]: Loaded tile antiqueatlas:nether_bridge_high with texture set antiqueatlas:nether_bridge
[25Dec2025 17:14:42.393] [Render thread/INFO] [antiqueatlas/]: Loaded tile minecraft:taiga_high with texture set antiqueatlas:pines
[25Dec2025 17:14:42.393] [Render thread/INFO] [antiqueatlas/]: Loaded tile antiqueatlas:lava_low with texture set antiqueatlas:lava
[25Dec2025 17:14:42.393] [Render thread/INFO] [antiqueatlas/]: Loaded tile minecraft:deep_cold_ocean_high with texture set antiqueatlas:water
[25Dec2025 17:14:42.393] [Render thread/INFO] [antiqueatlas/]: Loaded tile minecraft:flower_forest_low with texture set antiqueatlas:forest_flowers
[25Dec2025 17:14:42.393] [Render thread/INFO] [antiqueatlas/]: Loaded tile minecraft:dark_forest_low with texture set antiqueatlas:forest
[25Dec2025 17:14:42.393] [Render thread/INFO] [antiqueatlas/]: Loaded tile minecraft:soul_sand_valley_peak with texture set antiqueatlas:soul_sand_valley
[25Dec2025 17:14:42.393] [Render thread/INFO] [antiqueatlas/]: Loaded tile minecraft:snowy_beach_peak with texture set antiqueatlas:shore
[25Dec2025 17:14:42.393] [Render thread/INFO] [antiqueatlas/]: Loaded tile minecraft:jungle_mid with texture set antiqueatlas:jungle
[25Dec2025 17:14:42.393] [Render thread/INFO] [antiqueatlas/]: Loaded tile minecraft:swamp_peak with texture set antiqueatlas:swamp
[25Dec2025 17:14:42.393] [Render thread/INFO] [antiqueatlas/]: Loaded tile minecraft:taiga_hills_valley with texture set antiqueatlas:pines_hills
[25Dec2025 17:14:42.393] [Render thread/INFO] [antiqueatlas/]: Loaded tile minecraft:desert_lakes_low with texture set antiqueatlas:desert_hills
[25Dec2025 17:14:42.393] [Render thread/INFO] [antiqueatlas/]: Loaded tile minecraft:bamboo_jungle_hills_mid with texture set antiqueatlas:jungle_hills
[25Dec2025 17:14:42.393] [Render thread/INFO] [antiqueatlas/]: Loaded tile minecraft:jagged_peaks_peak with texture set antiqueatlas:mountains_snow_caps
[25Dec2025 17:14:42.393] [Render thread/INFO] [antiqueatlas/]: Loaded tile minecraft:dark_forest_high with texture set antiqueatlas:forest
[25Dec2025 17:14:42.394] [Render thread/INFO] [antiqueatlas/]: Loaded tile minecraft:mushroom_fields_valley with texture set antiqueatlas:mushroom
[25Dec2025 17:14:42.394] [Render thread/INFO] [antiqueatlas/]: Loaded tile minecraft:jungle_edge_peak with texture set antiqueatlas:jungle_edge
[25Dec2025 17:14:42.394] [Render thread/INFO] [antiqueatlas/]: Loaded tile minecraft:savanna_plateau_mid with texture set antiqueatlas:savanna_cliffs
[25Dec2025 17:14:42.394] [Render thread/INFO] [antiqueatlas/]: Loaded tile minecraft:deep_lukewarm_ocean_high with texture set antiqueatlas:water
[25Dec2025 17:14:42.394] [Render thread/INFO] [antiqueatlas/]: Loaded tile antiqueatlas:npc_village_church_valley with texture set antiqueatlas:church
[25Dec2025 17:14:42.394] [Render thread/INFO] [antiqueatlas/]: Loaded tile minecraft:flower_forest_peak with texture set antiqueatlas:forest_flowers
[25Dec2025 17:14:42.394] [Render thread/INFO] [antiqueatlas/]: Loaded tile minecraft:sparse_jungle_peak with texture set antiqueatlas:mountains
[25Dec2025 17:14:42.394] [Render thread/INFO] [antiqueatlas/]: Loaded tile minecraft:snowy_taiga_mountains_high with texture set antiqueatlas:snow_pines_hills
[25Dec2025 17:14:42.394] [Render thread/INFO] [antiqueatlas/]: Loaded tile minecraft:swamp_hills with texture set antiqueatlas:swamp_hills
[25Dec2025 17:14:42.394] [Render thread/INFO] [antiqueatlas/]: Loaded tile minecraft:badlands_valley with texture set antiqueatlas:mesa
[25Dec2025 17:14:42.394] [Render thread/INFO] [antiqueatlas/]: Loaded tile minecraft:birch_forest with texture set antiqueatlas:birch
[25Dec2025 17:14:42.394] [Render thread/INFO] [antiqueatlas/]: Loaded tile antiqueatlas:npc_village_well_low with texture set antiqueatlas:well
[25Dec2025 17:14:42.394] [Render thread/INFO] [antiqueatlas/]: Loaded tile minecraft:warm_ocean_valley with texture set antiqueatlas:water
[25Dec2025 17:14:42.394] [Render thread/INFO] [antiqueatlas/]: Loaded tile minecraft:bamboo_jungle_hills_valley with texture set antiqueatlas:jungle_hills
[25Dec2025 17:14:42.394] [Render thread/INFO] [antiqueatlas/]: Loaded tile minecraft:mountains with texture set antiqueatlas:mountains_all
[25Dec2025 17:14:42.394] [Render thread/INFO] [antiqueatlas/]: Loaded tile antiqueatlas:npc_village_well_valley with texture set antiqueatlas:well
[25Dec2025 17:14:42.394] [Render thread/INFO] [antiqueatlas/]: Loaded tile minecraft:soul_sand_valley with texture set antiqueatlas:soul_sand_valley
[25Dec2025 17:14:42.394] [Render thread/INFO] [antiqueatlas/]: Loaded tile antiqueatlas:npc_village_path_z with texture set antiqueatlas:village_path_z
[25Dec2025 17:14:42.394] [Render thread/INFO] [antiqueatlas/]: Loaded tile minecraft:desert_lakes_valley with texture set antiqueatlas:desert_hills
[25Dec2025 17:14:42.394] [Render thread/INFO] [antiqueatlas/]: Loaded tile antiqueatlas:nether_tower_mid with texture set antiqueatlas:nether_tower
[25Dec2025 17:14:42.394] [Render thread/INFO] [antiqueatlas/]: Loaded tile antiqueatlas:npc_village_path_x with texture set antiqueatlas:village_path_x
[25Dec2025 17:14:42.394] [Render thread/INFO] [antiqueatlas/]: Loaded tile antiqueatlas:npc_village_butchers_shop_mid with texture set antiqueatlas:butchers_shop
[25Dec2025 17:14:42.394] [Render thread/INFO] [antiqueatlas/]: Loaded tile minecraft:modified_jungle with texture set antiqueatlas:jungle_hills
[25Dec2025 17:14:42.394] [Render thread/INFO] [antiqueatlas/]: Loaded tile minecraft:wooded_badlands with texture set antiqueatlas:sparse_forest
[25Dec2025 17:14:42.394] [Render thread/INFO] [antiqueatlas/]: Loaded tile minecraft:bamboo_jungle_peak with texture set antiqueatlas:jungle
[25Dec2025 17:14:42.394] [Render thread/INFO] [antiqueatlas/]: Loaded tile antiqueatlas:npc_village_farmland_small with texture set antiqueatlas:farmland_small
[25Dec2025 17:14:42.394] [Render thread/INFO] [antiqueatlas/]: Loaded tile minecraft:small_end_islands_mid with texture set antiqueatlas:end_island
[25Dec2025 17:14:42.394] [Render thread/INFO] [antiqueatlas/]: Loaded tile minecraft:desert_mid with texture set antiqueatlas:desert
[25Dec2025 17:14:42.394] [Render thread/INFO] [antiqueatlas/]: Loaded tile minecraft:snowy_mountains_low with texture set antiqueatlas:mountains_snow_caps
[25Dec2025 17:14:42.394] [Render thread/INFO] [antiqueatlas/]: Loaded tile antiqueatlas:nether_bridge with texture set antiqueatlas:nether_bridge
[25Dec2025 17:14:42.394] [Render thread/INFO] [antiqueatlas/]: Loaded tile minecraft:old_growth_birch_forest_high with texture set antiqueatlas:birch_hills
[25Dec2025 17:14:42.394] [Render thread/INFO] [antiqueatlas/]: Loaded tile minecraft:giant_spruce_taiga_hills_valley with texture set antiqueatlas:mega_spruce_hills
[25Dec2025 17:14:42.394] [Render thread/INFO] [antiqueatlas/]: Loaded tile minecraft:modified_jungle_edge_valley with texture set antiqueatlas:jungle_cliffs
[25Dec2025 17:14:42.394] [Render thread/INFO] [antiqueatlas/]: Loaded tile minecraft:the_void_high with texture set antiqueatlas:end_void
[25Dec2025 17:14:42.394] [Render thread/INFO] [antiqueatlas/]: Loaded tile minecraft:giant_spruce_taiga_low with texture set antiqueatlas:mega_spruce
[25Dec2025 17:14:42.394] [Render thread/INFO] [antiqueatlas/]: Loaded tile minecraft:plains_high with texture set antiqueatlas:mountains_naked
[25Dec2025 17:14:42.394] [Render thread/INFO] [antiqueatlas/]: Loaded tile minecraft:frozen_ocean_low with texture set antiqueatlas:ice
[25Dec2025 17:14:42.394] [Render thread/INFO] [antiqueatlas/]: Loaded tile minecraft:taiga_hills_peak with texture set antiqueatlas:pines_hills
[25Dec2025 17:14:42.394] [Render thread/INFO] [antiqueatlas/]: Loaded tile antiqueatlas:lava_shore_high with texture set antiqueatlas:lava_shore
[25Dec2025 17:14:42.394] [Render thread/INFO] [antiqueatlas/]: Loaded tile minecraft:sparse_jungle_valley with texture set antiqueatlas:sparse_forest
[25Dec2025 17:14:42.394] [Render thread/INFO] [antiqueatlas/]: Loaded tile minecraft:birch_forest_hills_low with texture set antiqueatlas:birch_hills
[25Dec2025 17:14:42.394] [Render thread/INFO] [antiqueatlas/]: Loaded tile antiqueatlas:nether_bridge_gate_valley with texture set antiqueatlas:nether_bridge_gate
[25Dec2025 17:14:42.394] [Render thread/INFO] [antiqueatlas/]: Loaded tile minecraft:snowy_beach_high with texture set antiqueatlas:shore
[25Dec2025 17:14:42.394] [Render thread/INFO] [antiqueatlas/]: Loaded tile minecraft:end_barrens_low with texture set antiqueatlas:end_island
[25Dec2025 17:14:42.394] [Render thread/INFO] [antiqueatlas/]: Loaded tile antiqueatlas:npc_village_farmland_large_low with texture set antiqueatlas:farmland_large
[25Dec2025 17:14:42.394] [Render thread/INFO] [antiqueatlas/]: Loaded tile minecraft:jungle_hills with texture set antiqueatlas:jungle_hills
[25Dec2025 17:14:42.394] [Render thread/INFO] [antiqueatlas/]: Loaded tile minecraft:grove_high with texture set antiqueatlas:snow_pines_hills
[25Dec2025 17:14:42.394] [Render thread/INFO] [antiqueatlas/]: Loaded tile minecraft:frozen_river with texture set antiqueatlas:ice
[25Dec2025 17:14:42.394] [Render thread/INFO] [antiqueatlas/]: Loaded tile minecraft:desert_lakes_high with texture set antiqueatlas:desert_hills
[25Dec2025 17:14:42.394] [Render thread/INFO] [antiqueatlas/]: Loaded tile minecraft:stony_shore_low with texture set antiqueatlas:rock_shore
[25Dec2025 17:14:42.394] [Render thread/INFO] [antiqueatlas/]: Loaded tile minecraft:nether_wastes_peak with texture set antiqueatlas:cave_walls
[25Dec2025 17:14:42.394] [Render thread/INFO] [antiqueatlas/]: Loaded tile minecraft:ice_spikes_valley with texture set antiqueatlas:ice_spikes
[25Dec2025 17:14:42.394] [Render thread/INFO] [antiqueatlas/]: Loaded tile minecraft:windswept_forest with texture set antiqueatlas:forest_hills
[25Dec2025 17:14:42.394] [Render thread/INFO] [antiqueatlas/]: Loaded tile minecraft:frozen_river_peak with texture set antiqueatlas:ice
[25Dec2025 17:14:42.394] [Render thread/INFO] [antiqueatlas/]: Loaded tile minecraft:warped_forest_low with texture set antiqueatlas:jungle
[25Dec2025 17:14:42.394] [Render thread/INFO] [antiqueatlas/]: Loaded tile minecraft:plains_valley with texture set antiqueatlas:plains
[25Dec2025 17:14:42.394] [Render thread/INFO] [antiqueatlas/]: Loaded tile antiqueatlas:ravine_valley with texture set antiqueatlas:ravine
[25Dec2025 17:14:42.394] [Render thread/INFO] [antiqueatlas/]: Loaded tile minecraft:deep_lukewarm_ocean_peak with texture set antiqueatlas:water
[25Dec2025 17:14:42.394] [Render thread/INFO] [antiqueatlas/]: Loaded tile minecraft:snowy_slopes_high with texture set antiqueatlas:mountains_snow_caps
[25Dec2025 17:14:42.394] [Render thread/INFO] [antiqueatlas/]: Loaded tile antiqueatlas:nether_throne_peak with texture set antiqueatlas:nether_throne
[25Dec2025 17:14:42.394] [Render thread/INFO] [antiqueatlas/]: Loaded tile antiqueatlas:npc_village_path_z_high with texture set antiqueatlas:village_path_z
[25Dec2025 17:14:42.394] [Render thread/INFO] [antiqueatlas/]: Loaded tile antiqueatlas:npc_village_small_house_high with texture set antiqueatlas:house_small
[25Dec2025 17:14:42.394] [Render thread/INFO] [antiqueatlas/]: Loaded tile antiqueatlas:nether_wall_peak with texture set antiqueatlas:nether_wall
[25Dec2025 17:14:42.394] [Render thread/INFO] [antiqueatlas/]: Loaded tile minecraft:snowy_taiga_hills_low with texture set antiqueatlas:snow_pines_hills
[25Dec2025 17:14:42.394] [Render thread/INFO] [antiqueatlas/]: Loaded tile minecraft:wooded_badlands_plateau_high with texture set antiqueatlas:plateau_mesa_trees
[25Dec2025 17:14:42.394] [Render thread/INFO] [antiqueatlas/]: Loaded tile minecraft:beach_mid with texture set antiqueatlas:shore
[25Dec2025 17:14:42.394] [Render thread/INFO] [antiqueatlas/]: Loaded tile minecraft:small_end_islands_valley with texture set antiqueatlas:end_island
[25Dec2025 17:14:42.394] [Render thread/INFO] [antiqueatlas/]: Loaded tile antiqueatlas:ravine_low with texture set antiqueatlas:ravine
[25Dec2025 17:14:42.394] [Render thread/INFO] [antiqueatlas/]: Loaded tile minecraft:modified_gravelly_mountains_peak with texture set antiqueatlas:mountains
[25Dec2025 17:14:42.394] [Render thread/INFO] [antiqueatlas/]: Loaded tile minecraft:snowy_slopes_mid with texture set antiqueatlas:mountains_snow_caps
[25Dec2025 17:14:42.394] [Render thread/INFO] [antiqueatlas/]: Loaded tile minecraft:old_growth_pine_taiga with texture set antiqueatlas:pines
[25Dec2025 17:14:42.394] [Render thread/INFO] [antiqueatlas/]: Loaded tile minecraft:the_void with texture set antiqueatlas:end_void
[25Dec2025 17:14:42.394] [Render thread/INFO] [antiqueatlas/]: Loaded tile antiqueatlas:npc_village_farmland_large_valley with texture set antiqueatlas:farmland_large
[25Dec2025 17:14:42.394] [Render thread/INFO] [antiqueatlas/]: Loaded tile minecraft:old_growth_birch_forest_low with texture set antiqueatlas:birch
[25Dec2025 17:14:42.394] [Render thread/INFO] [antiqueatlas/]: Loaded tile minecraft:jagged_peaks_valley with texture set antiqueatlas:mountains_snow_caps
[25Dec2025 17:14:42.394] [Render thread/INFO] [antiqueatlas/]: Loaded tile minecraft:old_growth_pine_taiga_valley with texture set antiqueatlas:pines
[25Dec2025 17:14:42.394] [Render thread/INFO] [antiqueatlas/]: Loaded tile minecraft:modified_wooded_badlands_plateau_mid with texture set antiqueatlas:plateau_mesa
[25Dec2025 17:14:42.394] [Render thread/INFO] [antiqueatlas/]: Loaded tile antiqueatlas:npc_village_farmland_large_high with texture set antiqueatlas:farmland_large
[25Dec2025 17:14:42.394] [Render thread/INFO] [antiqueatlas/]: Loaded tile antiqueatlas:npc_village_farmland_small_high with texture set antiqueatlas:farmland_small
[25Dec2025 17:14:42.394] [Render thread/INFO] [antiqueatlas/]: Loaded tile minecraft:mushroom_fields_mid with texture set antiqueatlas:mushroom
[25Dec2025 17:14:42.394] [Render thread/INFO] [antiqueatlas/]: Loaded tile minecraft:end_highlands with texture set antiqueatlas:end_island_plants
[25Dec2025 17:14:42.394] [Render thread/INFO] [antiqueatlas/]: Loaded tile minecraft:wooded_hills_peak with texture set antiqueatlas:forest_hills
[25Dec2025 17:14:42.394] [Render thread/INFO] [antiqueatlas/]: Loaded tile antiqueatlas:npc_village_smithy_high with texture set antiqueatlas:smithy
[25Dec2025 17:14:42.394] [Render thread/INFO] [antiqueatlas/]: Loaded tile minecraft:snowy_taiga_mountains_low with texture set antiqueatlas:snow_pines_hills
[25Dec2025 17:14:42.394] [Render thread/INFO] [antiqueatlas/]: Loaded tile minecraft:giant_tree_taiga_valley with texture set antiqueatlas:mega_taiga
[25Dec2025 17:14:42.394] [Render thread/INFO] [antiqueatlas/]: Loaded tile minecraft:mountain_edge_high with texture set antiqueatlas:mountains_all
[25Dec2025 17:14:42.394] [Render thread/INFO] [antiqueatlas/]: Loaded tile minecraft:bamboo_jungle_low with texture set antiqueatlas:jungle
[25Dec2025 17:14:42.394] [Render thread/INFO] [antiqueatlas/]: Loaded tile minecraft:giant_tree_taiga_peak with texture set antiqueatlas:mega_taiga
[25Dec2025 17:14:42.394] [Render thread/INFO] [antiqueatlas/]: Loaded tile minecraft:shattered_savanna_low with texture set antiqueatlas:savanna_cliffs
[25Dec2025 17:14:42.394] [Render thread/INFO] [antiqueatlas/]: Loaded tile minecraft:tall_birch_forest_valley with texture set antiqueatlas:tall_birch
[25Dec2025 17:14:42.394] [Render thread/INFO] [antiqueatlas/]: Loaded tile minecraft:gravelly_mountains_low with texture set antiqueatlas:mountains
[25Dec2025 17:14:42.394] [Render thread/INFO] [antiqueatlas/]: Loaded tile minecraft:snowy_beach with texture set antiqueatlas:shore
[25Dec2025 17:14:42.394] [Render thread/INFO] [antiqueatlas/]: Loaded tile minecraft:beach_high with texture set antiqueatlas:shore
[25Dec2025 17:14:42.394] [Render thread/INFO] [antiqueatlas/]: Loaded tile minecraft:jungle_hills_low with texture set antiqueatlas:jungle_hills
[25Dec2025 17:14:42.394] [Render thread/INFO] [antiqueatlas/]: Loaded tile antiqueatlas:lava_shore with texture set antiqueatlas:lava_shore
[25Dec2025 17:14:42.394] [Render thread/INFO] [antiqueatlas/]: Loaded tile minecraft:modified_jungle_edge_high with texture set antiqueatlas:jungle_cliffs
[25Dec2025 17:14:42.394] [Render thread/INFO] [antiqueatlas/]: Loaded tile antiqueatlas:end_island_high with texture set antiqueatlas:end_island
[25Dec2025 17:14:42.394] [Render thread/INFO] [antiqueatlas/]: Loaded tile minecraft:birch_forest_valley with texture set antiqueatlas:birch
[25Dec2025 17:14:42.394] [Render thread/INFO] [antiqueatlas/]: Loaded tile antiqueatlas:nether_tower with texture set antiqueatlas:nether_tower
[25Dec2025 17:14:42.394] [Render thread/INFO] [antiqueatlas/]: Loaded tile minecraft:snowy_slopes with texture set antiqueatlas:mountains_snow_caps
[25Dec2025 17:14:42.394] [Render thread/INFO] [antiqueatlas/]: Loaded tile minecraft:the_end_valley with texture set antiqueatlas:end_island
[25Dec2025 17:14:42.394] [Render thread/INFO] [antiqueatlas/]: Loaded tile minecraft:jungle_edge_low with texture set antiqueatlas:jungle_edge
[25Dec2025 17:14:42.394] [Render thread/INFO] [antiqueatlas/]: Loaded tile antiqueatlas:nether_bridge_x_valley with texture set antiqueatlas:nether_bridge_x
[25Dec2025 17:14:42.394] [Render thread/INFO] [antiqueatlas/]: Loaded tile minecraft:end_highlands_valley with texture set antiqueatlas:end_island_plants
[25Dec2025 17:14:42.394] [Render thread/INFO] [antiqueatlas/]: Loaded tile antiqueatlas:nether_bridge_end_x_low with texture set antiqueatlas:nether_bridge_end_x
[25Dec2025 17:14:42.394] [Render thread/INFO] [antiqueatlas/]: Loaded tile minecraft:shattered_savanna_plateau_mid with texture set antiqueatlas:savanna_cliffs
[25Dec2025 17:14:42.394] [Render thread/INFO] [antiqueatlas/]: Loaded tile antiqueatlas:ravine_high with texture set antiqueatlas:ravine
[25Dec2025 17:14:42.394] [Render thread/INFO] [antiqueatlas/]: Loaded tile minecraft:taiga_mountains_low with texture set antiqueatlas:pines_hills
[25Dec2025 17:14:42.394] [Render thread/INFO] [antiqueatlas/]: Loaded tile minecraft:ocean_valley with texture set antiqueatlas:water
[25Dec2025 17:14:42.394] [Render thread/INFO] [antiqueatlas/]: Loaded tile minecraft:windswept_hills with texture set antiqueatlas:hills
[25Dec2025 17:14:42.394] [Render thread/INFO] [antiqueatlas/]: Loaded tile antiqueatlas:nether_bridge_x_high with texture set antiqueatlas:nether_bridge_x
[25Dec2025 17:14:42.394] [Render thread/INFO] [antiqueatlas/]: Loaded tile antiqueatlas:npc_village_hut_high with texture set antiqueatlas:hut
[25Dec2025 17:14:42.394] [Render thread/INFO] [antiqueatlas/]: Loaded tile minecraft:deep_warm_ocean_valley with texture set antiqueatlas:water
[25Dec2025 17:14:42.394] [Render thread/INFO] [antiqueatlas/]: Loaded tile minecraft:snowy_mountains_valley with texture set antiqueatlas:mountains_snow_caps
[25Dec2025 17:14:42.394] [Render thread/INFO] [antiqueatlas/]: Loaded tile minecraft:windswept_gravelly_hills_high with texture set antiqueatlas:hills
[25Dec2025 17:14:42.394] [Render thread/INFO] [antiqueatlas/]: Loaded tile minecraft:windswept_savanna_valley with texture set antiqueatlas:savanna
[25Dec2025 17:14:42.394] [Render thread/INFO] [antiqueatlas/]: Loaded tile minecraft:eroded_badlands_peak with texture set antiqueatlas:mesa
[25Dec2025 17:14:42.394] [Render thread/INFO] [antiqueatlas/]: Loaded tile minecraft:frozen_peaks_high with texture set antiqueatlas:mountains_snow_caps
[25Dec2025 17:14:42.394] [Render thread/INFO] [antiqueatlas/]: Loaded tile minecraft:deep_warm_ocean_low with texture set antiqueatlas:water
[25Dec2025 17:14:42.394] [Render thread/INFO] [antiqueatlas/]: Loaded tile antiqueatlas:nether_bridge_low with texture set antiqueatlas:nether_bridge
[25Dec2025 17:14:42.394] [Render thread/INFO] [antiqueatlas/]: Loaded tile minecraft:basalt_deltas_peak with texture set antiqueatlas:basalt_deltas
[25Dec2025 17:14:42.394] [Render thread/INFO] [antiqueatlas/]: Loaded tile minecraft:snowy_taiga_mountains with texture set antiqueatlas:snow_pines_hills
[25Dec2025 17:14:42.394] [Render thread/INFO] [antiqueatlas/]: Loaded tile minecraft:the_end_low with texture set antiqueatlas:end_island
[25Dec2025 17:14:42.394] [Render thread/INFO] [antiqueatlas/]: Loaded tile minecraft:river_low with texture set antiqueatlas:water
[25Dec2025 17:14:42.394] [Render thread/INFO] [antiqueatlas/]: Loaded tile minecraft:warped_forest_valley with texture set antiqueatlas:jungle
[25Dec2025 17:14:42.394] [Render thread/INFO] [antiqueatlas/]: Loaded tile antiqueatlas:npc_village_farmland_small_peak with texture set antiqueatlas:farmland_small
[25Dec2025 17:14:42.394] [Render thread/INFO] [antiqueatlas/]: Loaded tile antiqueatlas:end_void with texture set antiqueatlas:end_void
[25Dec2025 17:14:42.394] [Render thread/INFO] [antiqueatlas/]: Loaded tile minecraft:deep_lukewarm_ocean_mid with texture set antiqueatlas:water
[25Dec2025 17:14:42.394] [Render thread/INFO] [antiqueatlas/]: Loaded tile minecraft:tall_birch_hills_peak with texture set antiqueatlas:tall_birch_hills
[25Dec2025 17:14:42.394] [Render thread/INFO] [antiqueatlas/]: Loaded tile minecraft:savanna with texture set antiqueatlas:savanna
[25Dec2025 17:14:42.394] [Render thread/INFO] [antiqueatlas/]: Loaded tile minecraft:deep_cold_ocean_peak with texture set antiqueatlas:water
[25Dec2025 17:14:42.394] [Render thread/INFO] [antiqueatlas/]: Loaded tile minecraft:deep_frozen_ocean_peak with texture set antiqueatlas:ice_spikes
[25Dec2025 17:14:42.394] [Render thread/INFO] [antiqueatlas/]: Loaded tile minecraft:snowy_plains_high with texture set antiqueatlas:snow_hills
[25Dec2025 17:14:42.394] [Render thread/INFO] [antiqueatlas/]: Loaded tile minecraft:snowy_plains_mid with texture set antiqueatlas:snow_hills
[25Dec2025 17:14:42.394] [Render thread/INFO] [antiqueatlas/]: Loaded tile minecraft:windswept_gravelly_hills_low with texture set antiqueatlas:hills
[25Dec2025 17:14:42.394] [Render thread/INFO] [antiqueatlas/]: Loaded tile minecraft:windswept_savanna_mid with texture set antiqueatlas:savanna
[25Dec2025 17:14:42.394] [Render thread/INFO] [antiqueatlas/]: Loaded tile minecraft:deep_ocean_low with texture set antiqueatlas:water
[25Dec2025 17:14:42.395] [Render thread/INFO] [antiqueatlas/]: Loaded tile minecraft:dark_forest_peak with texture set antiqueatlas:forest
[25Dec2025 17:14:42.395] [Render thread/INFO] [antiqueatlas/]: Loaded tile minecraft:ice_spikes with texture set antiqueatlas:ice_spikes
[25Dec2025 17:14:42.395] [Render thread/INFO] [antiqueatlas/]: Loaded tile minecraft:end_highlands_low with texture set antiqueatlas:end_island_plants
[25Dec2025 17:14:42.395] [Render thread/INFO] [antiqueatlas/]: Loaded tile minecraft:swamp_high with texture set antiqueatlas:swamp
[25Dec2025 17:14:42.395] [Render thread/INFO] [antiqueatlas/]: Loaded tile minecraft:the_void_valley with texture set antiqueatlas:end_void
[25Dec2025 17:14:42.395] [Render thread/INFO] [antiqueatlas/]: Loaded tile minecraft:badlands_plateau_peak with texture set antiqueatlas:plateau_mesa
[25Dec2025 17:14:42.395] [Render thread/INFO] [antiqueatlas/]: Loaded tile antiqueatlas:lava_shore_valley with texture set antiqueatlas:lava_shore
[25Dec2025 17:14:42.395] [Render thread/INFO] [antiqueatlas/]: Loaded tile antiqueatlas:lava_peak with texture set antiqueatlas:lava
[25Dec2025 17:14:42.395] [Render thread/INFO] [antiqueatlas/]: Loaded tile antiqueatlas:nether_hall_high with texture set antiqueatlas:nether_hall
[25Dec2025 17:14:42.395] [Render thread/INFO] [antiqueatlas/]: Loaded tile minecraft:beach_peak with texture set antiqueatlas:shore
[25Dec2025 17:14:42.395] [Render thread/INFO] [antiqueatlas/]: Loaded tile minecraft:lukewarm_ocean with texture set antiqueatlas:water
[25Dec2025 17:14:42.395] [Render thread/INFO] [antiqueatlas/]: Loaded tile antiqueatlas:npc_village_church_peak with texture set antiqueatlas:church
[25Dec2025 17:14:42.395] [Render thread/INFO] [antiqueatlas/]: Loaded tile minecraft:old_growth_spruce_taiga_mid with texture set antiqueatlas:pines_hills
[25Dec2025 17:14:42.395] [Render thread/INFO] [antiqueatlas/]: Loaded tile minecraft:desert_peak with texture set antiqueatlas:desert
[25Dec2025 17:14:42.395] [Render thread/INFO] [antiqueatlas/]: Loaded tile minecraft:mushroom_fields with texture set antiqueatlas:mushroom
[25Dec2025 17:14:42.395] [Render thread/INFO] [antiqueatlas/]: Loaded tile minecraft:cold_ocean_valley with texture set antiqueatlas:water
[25Dec2025 17:14:42.395] [Render thread/INFO] [antiqueatlas/]: Loaded tile minecraft:ocean_peak with texture set antiqueatlas:water
[25Dec2025 17:14:42.395] [Render thread/INFO] [antiqueatlas/]: Loaded tile antiqueatlas:nether_bridge_end_z with texture set antiqueatlas:nether_bridge_end_z
[25Dec2025 17:14:42.395] [Render thread/INFO] [antiqueatlas/]: Loaded tile antiqueatlas:end_island_peak with texture set antiqueatlas:end_island
[25Dec2025 17:14:42.395] [Render thread/INFO] [antiqueatlas/]: Loaded tile minecraft:swamp_hills_valley with texture set antiqueatlas:swamp_hills
[25Dec2025 17:14:42.395] [Render thread/INFO] [antiqueatlas/]: Loaded tile minecraft:wooded_badlands_plateau_valley with texture set antiqueatlas:plateau_mesa_trees
[25Dec2025 17:14:42.395] [Render thread/INFO] [antiqueatlas/]: Loaded tile antiqueatlas:nether_bridge_end_x with texture set antiqueatlas:nether_bridge_end_x
[25Dec2025 17:14:42.395] [Render thread/INFO] [antiqueatlas/]: Loaded tile minecraft:swamp_hills_peak with texture set antiqueatlas:swamp_hills
[25Dec2025 17:14:42.395] [Render thread/INFO] [antiqueatlas/]: Loaded tile minecraft:mountain_edge_valley with texture set antiqueatlas:mountains_all
[25Dec2025 17:14:42.395] [Render thread/INFO] [antiqueatlas/]: Loaded tile minecraft:taiga_hills_low with texture set antiqueatlas:pines_hills
[25Dec2025 17:14:42.395] [Render thread/INFO] [antiqueatlas/]: Loaded tile minecraft:flower_forest with texture set antiqueatlas:forest_flowers
[25Dec2025 17:14:42.395] [Render thread/INFO] [antiqueatlas/]: Loaded tile minecraft:meadow_high with texture set antiqueatlas:mountains
[25Dec2025 17:14:42.395] [Render thread/INFO] [antiqueatlas/]: Loaded tile minecraft:nether_wastes_mid with texture set antiqueatlas:cave_walls
[25Dec2025 17:14:42.395] [Render thread/INFO] [antiqueatlas/]: Loaded tile minecraft:eroded_badlands_high with texture set antiqueatlas:mesa
[25Dec2025 17:14:42.395] [Render thread/INFO] [antiqueatlas/]: Loaded tile minecraft:frozen_river_mid with texture set antiqueatlas:ice
[25Dec2025 17:14:42.395] [Render thread/INFO] [antiqueatlas/]: Loaded tile antiqueatlas:nether_tower_valley with texture set antiqueatlas:nether_tower
[25Dec2025 17:14:42.395] [Render thread/INFO] [antiqueatlas/]: Loaded tile minecraft:deep_frozen_ocean with texture set antiqueatlas:ice_spikes
[25Dec2025 17:14:42.395] [Render thread/INFO] [antiqueatlas/]: Loaded tile minecraft:eroded_badlands_valley with texture set antiqueatlas:mesa
[25Dec2025 17:14:42.395] [Render thread/INFO] [antiqueatlas/]: Loaded tile minecraft:snowy_taiga_mid with texture set antiqueatlas:snow_pines
[25Dec2025 17:14:42.395] [Render thread/INFO] [antiqueatlas/]: Loaded tile minecraft:bamboo_jungle_high with texture set antiqueatlas:jungle
[25Dec2025 17:14:42.395] [Render thread/INFO] [antiqueatlas/]: Loaded tile antiqueatlas:nether_fort_stairs with texture set antiqueatlas:nether_fort_stairs
[25Dec2025 17:14:42.395] [Render thread/INFO] [antiqueatlas/]: Loaded tile antiqueatlas:nether_tower_low with texture set antiqueatlas:nether_tower
[25Dec2025 17:14:42.395] [Render thread/INFO] [antiqueatlas/]: Loaded tile minecraft:mountains_peak with texture set antiqueatlas:mountains_all
[25Dec2025 17:14:42.395] [Render thread/INFO] [antiqueatlas/]: Loaded tile antiqueatlas:npc_village_church_mid with texture set antiqueatlas:church
[25Dec2025 17:14:42.395] [Render thread/INFO] [antiqueatlas/]: Loaded tile antiqueatlas:npc_village_well_high with texture set antiqueatlas:well
[25Dec2025 17:14:42.395] [Render thread/INFO] [antiqueatlas/]: Loaded tile antiqueatlas:ruined_portal_mid with texture set antiqueatlas:ruined_portal
[25Dec2025 17:14:42.395] [Render thread/INFO] [antiqueatlas/]: Loaded tile minecraft:snowy_beach_low with texture set antiqueatlas:shore
[25Dec2025 17:14:42.395] [Render thread/INFO] [antiqueatlas/]: Loaded tile antiqueatlas:npc_village_path_x_high with texture set antiqueatlas:village_path_x
[25Dec2025 17:14:42.395] [Render thread/INFO] [antiqueatlas/]: Loaded tile antiqueatlas:npc_village_path_x_valley with texture set antiqueatlas:village_path_x
[25Dec2025 17:14:42.395] [Render thread/INFO] [antiqueatlas/]: Loaded tile minecraft:wooded_mountains_valley with texture set antiqueatlas:mountains_all
[25Dec2025 17:14:42.395] [Render thread/INFO] [antiqueatlas/]: Loaded tile minecraft:basalt_deltas_low with texture set antiqueatlas:basalt_deltas
[25Dec2025 17:14:42.395] [Render thread/INFO] [antiqueatlas/]: Loaded tile minecraft:giant_spruce_taiga_hills_high with texture set antiqueatlas:mega_spruce_hills
[25Dec2025 17:14:42.395] [Render thread/INFO] [antiqueatlas/]: Loaded tile minecraft:snowy_tundra_peak with texture set antiqueatlas:snow
[25Dec2025 17:14:42.395] [Render thread/INFO] [antiqueatlas/]: Loaded tile minecraft:taiga_hills_high with texture set antiqueatlas:pines_hills
[25Dec2025 17:14:42.395] [Render thread/INFO] [antiqueatlas/]: Loaded tile minecraft:tall_birch_forest_mid with texture set antiqueatlas:tall_birch
[25Dec2025 17:14:42.395] [Render thread/INFO] [antiqueatlas/]: Loaded tile antiqueatlas:nether_bridge_z_mid with texture set antiqueatlas:nether_bridge_z
[25Dec2025 17:14:42.395] [Render thread/INFO] [antiqueatlas/]: Loaded tile minecraft:taiga_mountains with texture set antiqueatlas:pines_hills
[25Dec2025 17:14:42.395] [Render thread/INFO] [antiqueatlas/]: Loaded tile antiqueatlas:npc_village_well_mid with texture set antiqueatlas:well
[25Dec2025 17:14:42.395] [Render thread/INFO] [antiqueatlas/]: Loaded tile minecraft:tall_birch_forest_high with texture set antiqueatlas:tall_birch
[25Dec2025 17:14:42.395] [Render thread/INFO] [antiqueatlas/]: Loaded tile minecraft:desert_lakes_mid with texture set antiqueatlas:desert_hills
[25Dec2025 17:14:42.395] [Render thread/INFO] [antiqueatlas/]: Loaded tile minecraft:lukewarm_ocean_valley with texture set antiqueatlas:water
[25Dec2025 17:14:42.395] [Render thread/INFO] [antiqueatlas/]: Loaded tile antiqueatlas:npc_village_church with texture set antiqueatlas:church
[25Dec2025 17:14:42.395] [Render thread/INFO] [antiqueatlas/]: Loaded tile minecraft:badlands_peak with texture set antiqueatlas:mesa
[25Dec2025 17:14:42.395] [Render thread/INFO] [antiqueatlas/]: Loaded tile minecraft:modified_wooded_badlands_plateau_valley with texture set antiqueatlas:plateau_mesa
[25Dec2025 17:14:42.395] [Render thread/INFO] [antiqueatlas/]: Loaded tile antiqueatlas:npc_village_path_z_peak with texture set antiqueatlas:village_path_z
[25Dec2025 17:14:42.395] [Render thread/INFO] [antiqueatlas/]: Loaded tile minecraft:snowy_slopes_peak with texture set antiqueatlas:mountains_snow_caps
[25Dec2025 17:14:42.395] [Render thread/INFO] [antiqueatlas/]: Loaded tile minecraft:crimson_forest_high with texture set antiqueatlas:forest
[25Dec2025 17:14:42.395] [Render thread/INFO] [antiqueatlas/]: Loaded tile minecraft:deep_frozen_ocean_mid with texture set antiqueatlas:ice_spikes
[25Dec2025 17:14:42.395] [Render thread/INFO] [antiqueatlas/]: Loaded tile minecraft:frozen_river_high with texture set antiqueatlas:ice
[25Dec2025 17:14:42.395] [Render thread/INFO] [antiqueatlas/]: Loaded tile antiqueatlas:npc_village_butchers_shop_peak with texture set antiqueatlas:butchers_shop
[25Dec2025 17:14:42.395] [Render thread/INFO] [antiqueatlas/]: Loaded tile minecraft:modified_badlands_plateau_valley with texture set antiqueatlas:plateau_mesa
[25Dec2025 17:14:42.395] [Render thread/INFO] [antiqueatlas/]: Loaded tile minecraft:deep_ocean_peak with texture set antiqueatlas:water
[25Dec2025 17:14:42.395] [Render thread/INFO] [antiqueatlas/]: Loaded tile antiqueatlas:nether_bridge_x with texture set antiqueatlas:nether_bridge_x
[25Dec2025 17:14:42.395] [Render thread/INFO] [antiqueatlas/]: Loaded tile antiqueatlas:npc_village_butchers_shop_low with texture set antiqueatlas:butchers_shop
[25Dec2025 17:14:42.395] [Render thread/INFO] [antiqueatlas/]: Loaded tile minecraft:mushroom_field_shore_high with texture set antiqueatlas:shore
[25Dec2025 17:14:42.395] [Render thread/INFO] [antiqueatlas/]: Loaded tile antiqueatlas:nether_bridge_z with texture set antiqueatlas:nether_bridge_z
[25Dec2025 17:14:42.395] [Render thread/INFO] [antiqueatlas/]: Loaded tile antiqueatlas:npc_village_well with texture set antiqueatlas:well
[25Dec2025 17:14:42.395] [Render thread/INFO] [antiqueatlas/]: Loaded tile antiqueatlas:ruined_portal_peak with texture set antiqueatlas:ruined_portal
[25Dec2025 17:14:42.395] [Render thread/INFO] [antiqueatlas/]: Loaded tile antiqueatlas:lava_mid with texture set antiqueatlas:lava
[25Dec2025 17:14:42.395] [Render thread/INFO] [antiqueatlas/]: Loaded tile antiqueatlas:npc_village_path_z_mid with texture set antiqueatlas:village_path_z
[25Dec2025 17:14:42.395] [Render thread/INFO] [antiqueatlas/]: Loaded tile minecraft:lukewarm_ocean_high with texture set antiqueatlas:water
[25Dec2025 17:14:42.395] [Render thread/INFO] [antiqueatlas/]: Loaded tile minecraft:snowy_mountains with texture set antiqueatlas:mountains_snow_caps
[25Dec2025 17:14:42.395] [Render thread/INFO] [antiqueatlas/]: Loaded tile antiqueatlas:ravine_mid with texture set antiqueatlas:ravine
[25Dec2025 17:14:42.395] [Render thread/INFO] [antiqueatlas/]: Loaded tile minecraft:windswept_hills_peak with texture set antiqueatlas:hills
[25Dec2025 17:14:42.395] [Render thread/INFO] [antiqueatlas/]: Loaded tile minecraft:bamboo_jungle_hills_peak with texture set antiqueatlas:jungle_hills
[25Dec2025 17:14:42.395] [Render thread/INFO] [antiqueatlas/]: Loaded tile antiqueatlas:npc_village_well_peak with texture set antiqueatlas:well
[25Dec2025 17:14:42.395] [Render thread/INFO] [antiqueatlas/]: Loaded tile minecraft:wooded_hills_mid with texture set antiqueatlas:forest_hills
[25Dec2025 17:14:42.395] [Render thread/INFO] [antiqueatlas/]: Loaded tile minecraft:beach_low with texture set antiqueatlas:shore
[25Dec2025 17:14:42.395] [Render thread/INFO] [antiqueatlas/]: Loaded tile antiqueatlas:npc_village_farmland_large_mid with texture set antiqueatlas:farmland_large
[25Dec2025 17:14:42.395] [Render thread/INFO] [antiqueatlas/]: Loaded tile minecraft:shattered_savanna_peak with texture set antiqueatlas:savanna_cliffs
[25Dec2025 17:14:42.395] [Render thread/INFO] [antiqueatlas/]: Loaded tile minecraft:windswept_hills_low with texture set antiqueatlas:hills
[25Dec2025 17:14:42.395] [Render thread/INFO] [antiqueatlas/]: Loaded tile minecraft:desert_low with texture set antiqueatlas:desert
[25Dec2025 17:14:42.395] [Render thread/INFO] [antiqueatlas/]: Loaded tile antiqueatlas:npc_village_smithy_valley with texture set antiqueatlas:smithy
[25Dec2025 17:14:42.395] [Render thread/INFO] [antiqueatlas/]: Loaded tile antiqueatlas:swamp_water_low with texture set antiqueatlas:swamp_water
[25Dec2025 17:14:42.395] [Render thread/INFO] [antiqueatlas/]: Loaded tile minecraft:swamp with texture set antiqueatlas:swamp
[25Dec2025 17:14:42.395] [Render thread/INFO] [antiqueatlas/]: Loaded tile minecraft:windswept_forest_valley with texture set antiqueatlas:forest_hills
[25Dec2025 17:14:42.395] [Render thread/INFO] [antiqueatlas/]: Loaded tile minecraft:basalt_deltas with texture set antiqueatlas:basalt_deltas
[25Dec2025 17:14:42.395] [Render thread/INFO] [antiqueatlas/]: Loaded tile minecraft:mushroom_field_shore_mid with texture set antiqueatlas:shore
[25Dec2025 17:14:42.395] [Render thread/INFO] [antiqueatlas/]: Loaded tile antiqueatlas:nether_fort_stairs_peak with texture set antiqueatlas:nether_fort_stairs
[25Dec2025 17:14:42.395] [Render thread/INFO] [antiqueatlas/]: Loaded tile minecraft:snowy_tundra_high with texture set antiqueatlas:snow
[25Dec2025 17:14:42.395] [Render thread/INFO] [antiqueatlas/]: Loaded tile minecraft:modified_jungle_edge_peak with texture set antiqueatlas:jungle_cliffs
[25Dec2025 17:14:42.395] [Render thread/INFO] [antiqueatlas/]: Loaded tile antiqueatlas:nether_bridge_end_x_high with texture set antiqueatlas:nether_bridge_end_x
[25Dec2025 17:14:42.395] [Render thread/INFO] [antiqueatlas/]: Loaded tile minecraft:old_growth_pine_taiga_peak with texture set antiqueatlas:mountains
[25Dec2025 17:14:42.395] [Render thread/INFO] [antiqueatlas/]: Loaded tile minecraft:swamp_mid with texture set antiqueatlas:swamp
[25Dec2025 17:14:42.395] [Render thread/INFO] [antiqueatlas/]: Loaded tile minecraft:stony_shore_mid with texture set antiqueatlas:rock_shore
[25Dec2025 17:14:42.395] [Render thread/INFO] [antiqueatlas/]: Loaded tile antiqueatlas:end_island_valley with texture set antiqueatlas:end_island
[25Dec2025 17:14:42.395] [Render thread/INFO] [antiqueatlas/]: Loaded tile minecraft:frozen_river_valley with texture set antiqueatlas:ice
[25Dec2025 17:14:42.395] [Render thread/INFO] [antiqueatlas/]: Loaded tile minecraft:ice_spikes_mid with texture set antiqueatlas:ice_spikes
[25Dec2025 17:14:42.395] [Render thread/INFO] [antiqueatlas/]: Loaded tile minecraft:meadow_valley with texture set antiqueatlas:plains
[25Dec2025 17:14:42.395] [Render thread/INFO] [antiqueatlas/]: Loaded tile minecraft:mountain_edge_low with texture set antiqueatlas:mountains_all
[25Dec2025 17:14:42.395] [Render thread/INFO] [antiqueatlas/]: Loaded tile minecraft:dark_forest_hills_low with texture set antiqueatlas:forest_hills
[25Dec2025 17:14:42.395] [Render thread/INFO] [antiqueatlas/]: Loaded tile minecraft:meadow_mid with texture set antiqueatlas:hills
[25Dec2025 17:14:42.395] [Render thread/INFO] [antiqueatlas/]: Loaded tile antiqueatlas:ruined_portal_high with texture set antiqueatlas:ruined_portal
[25Dec2025 17:14:42.395] [Render thread/INFO] [antiqueatlas/]: Loaded tile minecraft:warped_forest_mid with texture set antiqueatlas:jungle
[25Dec2025 17:14:42.395] [Render thread/INFO] [antiqueatlas/]: Loaded tile minecraft:old_growth_birch_forest_mid with texture set antiqueatlas:birch_hills
[25Dec2025 17:14:42.395] [Render thread/INFO] [antiqueatlas/]: Loaded tile minecraft:tall_birch_forest_peak with texture set antiqueatlas:tall_birch
[25Dec2025 17:14:42.395] [Render thread/INFO] [antiqueatlas/]: Loaded tile minecraft:savanna_valley with texture set antiqueatlas:savanna
[25Dec2025 17:14:42.395] [Render thread/INFO] [antiqueatlas/]: Loaded tile minecraft:stony_peaks with texture set antiqueatlas:mountains_naked
[25Dec2025 17:14:42.395] [Render thread/INFO] [antiqueatlas/]: Loaded tile minecraft:mountains_mid with texture set antiqueatlas:mountains_all
[25Dec2025 17:14:42.395] [Render thread/INFO] [antiqueatlas/]: Loaded tile minecraft:deep_lukewarm_ocean with texture set antiqueatlas:water
[25Dec2025 17:14:42.395] [Render thread/INFO] [antiqueatlas/]: Loaded tile minecraft:modified_gravelly_mountains_low with texture set antiqueatlas:mountains
[25Dec2025 17:14:42.395] [Render thread/INFO] [antiqueatlas/]: Loaded tile antiqueatlas:end_island_plants_valley with texture set antiqueatlas:end_island_plants
[25Dec2025 17:14:42.395] [Render thread/INFO] [antiqueatlas/]: Loaded tile antiqueatlas:nether_fort_stairs_low with texture set antiqueatlas:nether_fort_stairs
[25Dec2025 17:14:42.395] [Render thread/INFO] [antiqueatlas/]: Loaded tile minecraft:end_midlands_high with texture set antiqueatlas:end_island
[25Dec2025 17:14:42.395] [Render thread/INFO] [antiqueatlas/]: Loaded tile antiqueatlas:nether_bridge_x_peak with texture set antiqueatlas:nether_bridge_x
[25Dec2025 17:14:42.395] [Render thread/INFO] [antiqueatlas/]: Loaded tile antiqueatlas:nether_hall with texture set antiqueatlas:nether_hall
[25Dec2025 17:14:42.395] [Render thread/INFO] [antiqueatlas/]: Loaded tile minecraft:sunflower_plains_peak with texture set antiqueatlas:sunflowers
[25Dec2025 17:14:42.395] [Render thread/INFO] [antiqueatlas/]: Loaded tile minecraft:modified_badlands_plateau_high with texture set antiqueatlas:plateau_mesa
[25Dec2025 17:14:42.395] [Render thread/INFO] [antiqueatlas/]: Loaded tile minecraft:old_growth_birch_forest_peak with texture set antiqueatlas:mountains
[25Dec2025 17:14:42.395] [Render thread/INFO] [antiqueatlas/]: Loaded tile minecraft:bamboo_jungle_hills with texture set antiqueatlas:jungle_hills
[25Dec2025 17:14:42.395] [Render thread/INFO] [antiqueatlas/]: Loaded tile minecraft:river_high with texture set antiqueatlas:water
[25Dec2025 17:14:42.395] [Render thread/INFO] [antiqueatlas/]: Loaded tile minecraft:frozen_ocean_peak with texture set antiqueatlas:ice
[25Dec2025 17:14:42.395] [Render thread/INFO] [antiqueatlas/]: Loaded tile minecraft:birch_forest_peak with texture set antiqueatlas:birch
[25Dec2025 17:14:42.395] [Render thread/INFO] [antiqueatlas/]: Loaded tile minecraft:modified_jungle_valley with texture set antiqueatlas:jungle_hills
[25Dec2025 17:14:42.395] [Render thread/INFO] [antiqueatlas/]: Loaded tile minecraft:jungle_hills_mid with texture set antiqueatlas:jungle_hills
[25Dec2025 17:14:42.395] [Render thread/INFO] [antiqueatlas/]: Loaded tile minecraft:river_valley with texture set antiqueatlas:water
[25Dec2025 17:14:42.395] [Render thread/INFO] [antiqueatlas/]: Loaded tile antiqueatlas:nether_bridge_end_z_low with texture set antiqueatlas:nether_bridge_end_z
[25Dec2025 17:14:42.395] [Render thread/INFO] [antiqueatlas/]: Loaded tile minecraft:giant_tree_taiga_hills_high with texture set antiqueatlas:mega_spruce
[25Dec2025 17:14:42.395] [Render thread/INFO] [antiqueatlas/]: Loaded tile minecraft:modified_jungle_mid with texture set antiqueatlas:jungle_hills
[25Dec2025 17:14:42.395] [Render thread/INFO] [antiqueatlas/]: Loaded tile minecraft:stony_peaks_mid with texture set antiqueatlas:mountains_naked
[25Dec2025 17:14:42.395] [Render thread/INFO] [antiqueatlas/]: Loaded tile minecraft:plains with texture set antiqueatlas:plains
[25Dec2025 17:14:42.395] [Render thread/INFO] [antiqueatlas/]: Loaded tile minecraft:old_growth_spruce_taiga_peak with texture set antiqueatlas:mountains
[25Dec2025 17:14:42.395] [Render thread/INFO] [antiqueatlas/]: Loaded tile minecraft:plains_peak with texture set antiqueatlas:mountains_naked
[25Dec2025 17:14:42.395] [Render thread/INFO] [antiqueatlas/]: Loaded tile antiqueatlas:lava_shore_peak with texture set antiqueatlas:lava_shore
[25Dec2025 17:14:42.395] [Render thread/INFO] [antiqueatlas/]: Loaded tile antiqueatlas:npc_village_torch_peak with texture set antiqueatlas:village_torch
[25Dec2025 17:14:42.395] [Render thread/INFO] [antiqueatlas/]: Loaded tile antiqueatlas:nether_hall_peak with texture set antiqueatlas:nether_hall
[25Dec2025 17:14:42.395] [Render thread/INFO] [antiqueatlas/]: Loaded tile minecraft:bamboo_jungle_mid with texture set antiqueatlas:jungle
[25Dec2025 17:14:42.395] [Render thread/INFO] [antiqueatlas/]: Loaded tile minecraft:desert_lakes_peak with texture set antiqueatlas:desert_hills
[25Dec2025 17:14:42.395] [Render thread/INFO] [antiqueatlas/]: Loaded tile minecraft:dark_forest_valley with texture set antiqueatlas:forest
[25Dec2025 17:14:42.395] [Render thread/INFO] [antiqueatlas/]: Loaded tile antiqueatlas:nether_throne_high with texture set antiqueatlas:nether_throne
[25Dec2025 17:14:42.395] [Render thread/INFO] [antiqueatlas/]: Loaded tile antiqueatlas:npc_village_smithy_low with texture set antiqueatlas:smithy
[25Dec2025 17:14:42.395] [Render thread/INFO] [antiqueatlas/]: Loaded tile minecraft:snowy_taiga_mountains_valley with texture set antiqueatlas:snow_pines_hills
[25Dec2025 17:14:42.395] [Render thread/INFO] [antiqueatlas/]: Loaded tile minecraft:sparse_jungle with texture set antiqueatlas:sparse_forest
[25Dec2025 17:14:42.395] [Render thread/INFO] [antiqueatlas/]: Loaded tile minecraft:warm_ocean_mid with texture set antiqueatlas:water
[25Dec2025 17:14:42.395] [Render thread/INFO] [antiqueatlas/]: Loaded tile antiqueatlas:npc_village_l_house_mid with texture set antiqueatlas:l_house
[25Dec2025 17:14:42.396] [Render thread/INFO] [antiqueatlas/]: Loaded tile antiqueatlas:lava with texture set antiqueatlas:lava
[25Dec2025 17:14:42.396] [Render thread/INFO] [antiqueatlas/]: Loaded tile minecraft:frozen_peaks_mid with texture set antiqueatlas:mountains_snow_caps
[25Dec2025 17:14:42.396] [Render thread/INFO] [antiqueatlas/]: Loaded tile minecraft:windswept_hills_valley with texture set antiqueatlas:hills
[25Dec2025 17:14:42.396] [Render thread/INFO] [antiqueatlas/]: Loaded tile minecraft:ocean with texture set antiqueatlas:water
[25Dec2025 17:14:42.396] [Render thread/INFO] [antiqueatlas/]: Loaded tile minecraft:modified_jungle_edge_low with texture set antiqueatlas:jungle_cliffs
[25Dec2025 17:14:42.396] [Render thread/INFO] [antiqueatlas/]: Loaded tile antiqueatlas:nether_hall_mid with texture set antiqueatlas:nether_hall
[25Dec2025 17:14:42.396] [Render thread/INFO] [antiqueatlas/]: Loaded tile antiqueatlas:npc_village_small_house_peak with texture set antiqueatlas:house_small
[25Dec2025 17:14:42.396] [Render thread/INFO] [antiqueatlas/]: Loaded tile minecraft:snowy_taiga_high with texture set antiqueatlas:snow_pines
[25Dec2025 17:14:42.396] [Render thread/INFO] [antiqueatlas/]: Loaded tile minecraft:gravelly_mountains_mid with texture set antiqueatlas:mountains
[25Dec2025 17:14:42.396] [Render thread/INFO] [antiqueatlas/]: Loaded tile minecraft:warped_forest with texture set antiqueatlas:jungle
[25Dec2025 17:14:42.396] [Render thread/INFO] [antiqueatlas/]: Loaded tile minecraft:giant_spruce_taiga_peak with texture set antiqueatlas:mega_spruce
[25Dec2025 17:14:42.396] [Render thread/INFO] [antiqueatlas/]: Loaded tile minecraft:modified_gravelly_mountains_high with texture set antiqueatlas:mountains
[25Dec2025 17:14:42.396] [Render thread/INFO] [antiqueatlas/]: Loaded tile minecraft:deep_warm_ocean_mid with texture set antiqueatlas:water
[25Dec2025 17:14:42.396] [Render thread/INFO] [antiqueatlas/]: Loaded tile minecraft:badlands with texture set antiqueatlas:mesa
[25Dec2025 17:14:42.396] [Render thread/INFO] [antiqueatlas/]: Loaded tile minecraft:wooded_badlands_plateau_peak with texture set antiqueatlas:plateau_mesa_trees
[25Dec2025 17:14:42.396] [Render thread/INFO] [antiqueatlas/]: Loaded tile minecraft:wooded_badlands_plateau with texture set antiqueatlas:plateau_mesa_trees
[25Dec2025 17:14:42.396] [Render thread/INFO] [antiqueatlas/]: Loaded tile minecraft:nether_wastes_high with texture set antiqueatlas:cave_walls
[25Dec2025 17:14:42.396] [Render thread/INFO] [antiqueatlas/]: Loaded tile antiqueatlas:nether_bridge_end_x_mid with texture set antiqueatlas:nether_bridge_end_x
[25Dec2025 17:14:42.396] [Render thread/INFO] [antiqueatlas/]: Loaded tile minecraft:birch_forest_mid with texture set antiqueatlas:birch
[25Dec2025 17:14:42.396] [Render thread/INFO] [antiqueatlas/]: Loaded tile antiqueatlas:npc_village_path_x_peak with texture set antiqueatlas:village_path_x
[25Dec2025 17:14:42.396] [Render thread/INFO] [antiqueatlas/]: Loaded tile minecraft:savanna_plateau_peak with texture set antiqueatlas:savanna_cliffs
[25Dec2025 17:14:42.396] [Render thread/INFO] [antiqueatlas/]: Loaded tile minecraft:giant_tree_taiga_hills with texture set antiqueatlas:mega_spruce
[25Dec2025 17:14:42.396] [Render thread/INFO] [antiqueatlas/]: Loaded tile minecraft:mountains_high with texture set antiqueatlas:mountains_all
[25Dec2025 17:14:42.396] [Render thread/INFO] [antiqueatlas/]: Loaded tile minecraft:giant_spruce_taiga_hills_peak with texture set antiqueatlas:mega_spruce_hills
[25Dec2025 17:14:42.396] [Render thread/INFO] [antiqueatlas/]: Loaded tile minecraft:snowy_plains_low with texture set antiqueatlas:snow
[25Dec2025 17:14:42.396] [Render thread/INFO] [antiqueatlas/]: Loaded tile minecraft:windswept_gravelly_hills_mid with texture set antiqueatlas:hills
[25Dec2025 17:14:42.396] [Render thread/INFO] [antiqueatlas/]: Loaded tile minecraft:deep_ocean_mid with texture set antiqueatlas:water
[25Dec2025 17:14:42.396] [Render thread/INFO] [antiqueatlas/]: Loaded tile minecraft:swamp_hills_mid with texture set antiqueatlas:swamp_hills
[25Dec2025 17:14:42.396] [Render thread/INFO] [antiqueatlas/]: Loaded tile minecraft:wooded_badlands_low with texture set antiqueatlas:sparse_forest
[25Dec2025 17:14:42.396] [Render thread/INFO] [antiqueatlas/]: Loaded tile antiqueatlas:nether_throne_mid with texture set antiqueatlas:nether_throne
[25Dec2025 17:14:42.396] [Render thread/INFO] [antiqueatlas/]: Loaded tile minecraft:giant_spruce_taiga_hills_mid with texture set antiqueatlas:mega_spruce_hills
[25Dec2025 17:14:42.396] [Render thread/INFO] [antiqueatlas/]: Loaded tile minecraft:jungle_valley with texture set antiqueatlas:jungle
[25Dec2025 17:14:42.396] [Render thread/INFO] [antiqueatlas/]: Loaded tile minecraft:snowy_tundra_valley with texture set antiqueatlas:snow
[25Dec2025 17:14:42.396] [Render thread/INFO] [antiqueatlas/]: Loaded tile minecraft:end_barrens_valley with texture set antiqueatlas:end_island
[25Dec2025 17:14:42.396] [Render thread/INFO] [antiqueatlas/]: Loaded tile minecraft:river_peak with texture set antiqueatlas:water
[25Dec2025 17:14:42.396] [Render thread/INFO] [antiqueatlas/]: Loaded tile minecraft:ice_spikes_high with texture set antiqueatlas:ice_spikes
[25Dec2025 17:14:42.396] [Render thread/INFO] [antiqueatlas/]: Loaded tile minecraft:giant_tree_taiga with texture set antiqueatlas:mega_taiga
[25Dec2025 17:14:42.396] [Render thread/INFO] [antiqueatlas/]: Loaded tile minecraft:grove_low with texture set antiqueatlas:snow_pines
[25Dec2025 17:14:42.396] [Render thread/INFO] [antiqueatlas/]: Loaded tile antiqueatlas:lava_shore_mid with texture set antiqueatlas:lava_shore
[25Dec2025 17:14:42.396] [Render thread/INFO] [antiqueatlas/]: Loaded tile minecraft:old_growth_spruce_taiga_high with texture set antiqueatlas:pines_hills
[25Dec2025 17:14:42.396] [Render thread/INFO] [antiqueatlas/]: Loaded tile antiqueatlas:npc_village_small_house_low with texture set antiqueatlas:house_small
[25Dec2025 17:14:42.396] [Render thread/INFO] [antiqueatlas/]: Loaded tile antiqueatlas:npc_village_path_x_mid with texture set antiqueatlas:village_path_x
[25Dec2025 17:14:42.396] [Render thread/INFO] [antiqueatlas/]: Loaded tile antiqueatlas:ruined_portal_valley with texture set antiqueatlas:ruined_portal
[25Dec2025 17:14:42.396] [Render thread/INFO] [antiqueatlas/]: Loaded tile minecraft:crimson_forest with texture set antiqueatlas:forest
[25Dec2025 17:14:42.396] [Render thread/INFO] [antiqueatlas/]: Loaded tile minecraft:crimson_forest_low with texture set antiqueatlas:forest
[25Dec2025 17:14:42.396] [Render thread/INFO] [antiqueatlas/]: Loaded tile minecraft:the_end_mid with texture set antiqueatlas:end_island
[25Dec2025 17:14:42.396] [Render thread/INFO] [antiqueatlas/]: Loaded tile minecraft:river_mid with texture set antiqueatlas:water
[25Dec2025 17:14:42.396] [Render thread/INFO] [antiqueatlas/]: Loaded tile minecraft:nether_wastes_low with texture set antiqueatlas:cave_walls
[25Dec2025 17:14:42.396] [Render thread/INFO] [antiqueatlas/]: Loaded tile minecraft:modified_badlands_plateau_low with texture set antiqueatlas:plateau_mesa
[25Dec2025 17:14:42.396] [Render thread/INFO] [antiqueatlas/]: Loaded tile minecraft:tall_birch_hills_mid with texture set antiqueatlas:tall_birch_hills
[25Dec2025 17:14:42.396] [Render thread/INFO] [antiqueatlas/]: Loaded tile antiqueatlas:nether_tower_peak with texture set antiqueatlas:nether_tower
[25Dec2025 17:14:42.396] [Render thread/INFO] [antiqueatlas/]: Loaded tile minecraft:end_highlands_mid with texture set antiqueatlas:end_island_plants
[25Dec2025 17:14:42.396] [Render thread/INFO] [antiqueatlas/]: Loaded tile minecraft:end_midlands with texture set antiqueatlas:end_island
[25Dec2025 17:14:42.396] [Render thread/INFO] [antiqueatlas/]: Loaded tile antiqueatlas:npc_village_hut_low with texture set antiqueatlas:hut
[25Dec2025 17:14:42.396] [Render thread/INFO] [antiqueatlas/]: Loaded tile minecraft:stony_peaks_peak with texture set antiqueatlas:mountains_naked
[25Dec2025 17:14:42.396] [Render thread/INFO] [antiqueatlas/]: Loaded tile minecraft:old_growth_spruce_taiga_low with texture set antiqueatlas:pines
[25Dec2025 17:14:42.396] [Render thread/INFO] [antiqueatlas/]: Loaded tile minecraft:plains_mid with texture set antiqueatlas:hills
[25Dec2025 17:14:42.396] [Render thread/INFO] [antiqueatlas/]: Loaded tile minecraft:snowy_plains_peak with texture set antiqueatlas:mountains_snow_caps
[25Dec2025 17:14:42.396] [Render thread/INFO] [antiqueatlas/]: Loaded tile minecraft:snowy_beach_mid with texture set antiqueatlas:shore
[25Dec2025 17:14:42.396] [Render thread/INFO] [antiqueatlas/]: Loaded tile minecraft:frozen_peaks_peak with texture set antiqueatlas:mountains_snow_caps
[25Dec2025 17:14:42.396] [Render thread/INFO] [antiqueatlas/]: Loaded tile minecraft:giant_tree_taiga_hills_mid with texture set antiqueatlas:mega_spruce
[25Dec2025 17:14:42.396] [Render thread/INFO] [antiqueatlas/]: Loaded tile antiqueatlas:nether_bridge_end_x_valley with texture set antiqueatlas:nether_bridge_end_x
[25Dec2025 17:14:42.396] [Render thread/INFO] [antiqueatlas/]: Loaded tile antiqueatlas:npc_village_library_high with texture set antiqueatlas:library
[25Dec2025 17:14:42.396] [Render thread/INFO] [antiqueatlas/]: Loaded tile minecraft:wooded_hills_valley with texture set antiqueatlas:forest_hills
[25Dec2025 17:14:42.396] [Render thread/INFO] [antiqueatlas/]: Loaded tile minecraft:taiga_hills_mid with texture set antiqueatlas:pines_hills
[25Dec2025 17:14:42.396] [Render thread/INFO] [antiqueatlas/]: Loaded tile antiqueatlas:npc_village_small_house_valley with texture set antiqueatlas:house_small
[25Dec2025 17:14:42.396] [Render thread/INFO] [antiqueatlas/]: Loaded tile minecraft:gravelly_mountains_peak with texture set antiqueatlas:mountains
[25Dec2025 17:14:42.396] [Render thread/INFO] [antiqueatlas/]: Loaded tile minecraft:deep_lukewarm_ocean_low with texture set antiqueatlas:water
[25Dec2025 17:14:42.396] [Render thread/INFO] [antiqueatlas/]: Loaded tile minecraft:warped_forest_peak with texture set antiqueatlas:jungle
[25Dec2025 17:14:42.396] [Render thread/INFO] [antiqueatlas/]: Loaded tile minecraft:windswept_gravelly_hills with texture set antiqueatlas:hills
[25Dec2025 17:14:42.396] [Render thread/INFO] [antiqueatlas/]: Loaded tile minecraft:wooded_mountains_peak with texture set antiqueatlas:mountains_all
[25Dec2025 17:14:42.396] [Render thread/INFO] [antiqueatlas/]: Loaded tile minecraft:deep_ocean_valley with texture set antiqueatlas:water
[25Dec2025 17:14:42.396] [Render thread/INFO] [antiqueatlas/]: Loaded tile minecraft:basalt_deltas_valley with texture set antiqueatlas:basalt_deltas
[25Dec2025 17:14:42.396] [Render thread/INFO] [antiqueatlas/]: Loaded tile minecraft:basalt_deltas_mid with texture set antiqueatlas:basalt_deltas
[25Dec2025 17:14:42.396] [Render thread/INFO] [antiqueatlas/]: Loaded tile antiqueatlas:end_island_plants_mid with texture set antiqueatlas:end_island_plants
[25Dec2025 17:14:42.396] [Render thread/INFO] [antiqueatlas/]: Loaded tile minecraft:modified_jungle_high with texture set antiqueatlas:jungle_hills
[25Dec2025 17:14:42.396] [Render thread/INFO] [antiqueatlas/]: Loaded tile antiqueatlas:nether_bridge_x_mid with texture set antiqueatlas:nether_bridge_x
[25Dec2025 17:14:42.396] [Render thread/INFO] [antiqueatlas/]: Loaded tile minecraft:giant_tree_taiga_mid with texture set antiqueatlas:mega_taiga
[25Dec2025 17:14:42.396] [Render thread/INFO] [antiqueatlas/]: Loaded tile antiqueatlas:nether_bridge_end_x_peak with texture set antiqueatlas:nether_bridge_end_x
[25Dec2025 17:14:42.396] [Render thread/INFO] [antiqueatlas/]: Loaded tile antiqueatlas:ruined_portal_low with texture set antiqueatlas:ruined_portal
[25Dec2025 17:14:42.396] [Render thread/INFO] [antiqueatlas/]: Loaded tile antiqueatlas:nether_bridge_z_low with texture set antiqueatlas:nether_bridge_z
[25Dec2025 17:14:42.396] [Render thread/INFO] [antiqueatlas/]: Loaded tile minecraft:old_growth_birch_forest_valley with texture set antiqueatlas:birch
[25Dec2025 17:14:42.396] [Render thread/INFO] [antiqueatlas/]: Loaded tile antiqueatlas:nether_wall_mid with texture set antiqueatlas:nether_wall
[25Dec2025 17:14:42.396] [Render thread/INFO] [antiqueatlas/]: Loaded tile minecraft:small_end_islands_peak with texture set antiqueatlas:end_island
[25Dec2025 17:14:42.396] [Render thread/INFO] [antiqueatlas/]: Loaded tile minecraft:snowy_plains_valley with texture set antiqueatlas:snow
[25Dec2025 17:14:42.396] [Render thread/INFO] [antiqueatlas/]: Loaded tile minecraft:desert_lakes with texture set antiqueatlas:desert_hills
[25Dec2025 17:14:42.396] [Render thread/INFO] [antiqueatlas/]: Loaded tile minecraft:badlands_plateau_valley with texture set antiqueatlas:plateau_mesa
[25Dec2025 17:14:42.396] [Render thread/INFO] [antiqueatlas/]: Loaded tile minecraft:swamp_hills_high with texture set antiqueatlas:swamp_hills
[25Dec2025 17:14:42.396] [Render thread/INFO] [antiqueatlas/]: Loaded tile antiqueatlas:nether_bridge_gate_mid with texture set antiqueatlas:nether_bridge_gate
[25Dec2025 17:14:42.396] [Render thread/INFO] [antiqueatlas/]: Loaded tile minecraft:dark_forest_hills with texture set antiqueatlas:forest_hills
[25Dec2025 17:14:42.396] [Render thread/INFO] [antiqueatlas/]: Loaded tile minecraft:sunflower_plains_mid with texture set antiqueatlas:sunflowers
[25Dec2025 17:14:42.396] [Render thread/INFO] [antiqueatlas/]: Loaded tile minecraft:snowy_taiga_hills_high with texture set antiqueatlas:snow_pines_hills
[25Dec2025 17:14:42.396] [Render thread/INFO] [antiqueatlas/]: Loaded tile minecraft:meadow with texture set antiqueatlas:plains
[25Dec2025 17:14:42.396] [Render thread/INFO] [antiqueatlas/]: Loaded tile minecraft:badlands_plateau_high with texture set antiqueatlas:plateau_mesa
[25Dec2025 17:14:42.396] [Render thread/INFO] [antiqueatlas/]: Loaded tile minecraft:modified_jungle_edge with texture set antiqueatlas:jungle_cliffs
[25Dec2025 17:14:42.396] [Render thread/INFO] [antiqueatlas/]: Loaded tile antiqueatlas:end_island_mid with texture set antiqueatlas:end_island
[25Dec2025 17:14:42.396] [Render thread/INFO] [antiqueatlas/]: Loaded tile minecraft:savanna_mid with texture set antiqueatlas:savanna
[25Dec2025 17:14:42.396] [Render thread/INFO] [antiqueatlas/]: Loaded tile minecraft:ocean_high with texture set antiqueatlas:water
[25Dec2025 17:14:42.396] [Render thread/INFO] [antiqueatlas/]: Loaded tile minecraft:giant_spruce_taiga_hills with texture set antiqueatlas:mega_spruce_hills
[25Dec2025 17:14:42.396] [Render thread/INFO] [antiqueatlas/]: Loaded tile minecraft:stony_shore_high with texture set antiqueatlas:rock_shore
[25Dec2025 17:14:42.396] [Render thread/INFO] [antiqueatlas/]: Loaded tile minecraft:taiga_mountains_valley with texture set antiqueatlas:pines_hills
[25Dec2025 17:14:42.396] [Render thread/INFO] [antiqueatlas/]: Loaded tile minecraft:badlands_low with texture set antiqueatlas:mesa
[25Dec2025 17:14:42.396] [Render thread/INFO] [antiqueatlas/]: Loaded tile minecraft:tall_birch_forest_low with texture set antiqueatlas:tall_birch
[25Dec2025 17:14:42.396] [Render thread/INFO] [antiqueatlas/]: Loaded tile minecraft:deep_frozen_ocean_high with texture set antiqueatlas:ice_spikes
[25Dec2025 17:14:42.396] [Render thread/INFO] [antiqueatlas/]: Loaded tile antiqueatlas:npc_village_path_z_low with texture set antiqueatlas:village_path_z
[25Dec2025 17:14:42.396] [Render thread/INFO] [antiqueatlas/]: Loaded tile antiqueatlas:ravine with texture set antiqueatlas:ravine
[25Dec2025 17:14:42.396] [Render thread/INFO] [antiqueatlas/]: Loaded tile minecraft:dark_forest_hills_valley with texture set antiqueatlas:forest_hills
[25Dec2025 17:14:42.396] [Render thread/INFO] [antiqueatlas/]: Loaded tile antiqueatlas:npc_village_torch with texture set antiqueatlas:village_torch
[25Dec2025 17:14:42.396] [Render thread/INFO] [antiqueatlas/]: Loaded tile minecraft:deep_frozen_ocean_low with texture set antiqueatlas:ice_spikes
[25Dec2025 17:14:42.396] [Render thread/INFO] [antiqueatlas/]: Loaded tile minecraft:bamboo_jungle_valley with texture set antiqueatlas:jungle
[25Dec2025 17:14:42.396] [Render thread/INFO] [antiqueatlas/]: Loaded tile minecraft:frozen_ocean_high with texture set antiqueatlas:ice
[25Dec2025 17:14:42.396] [Render thread/INFO] [antiqueatlas/]: Loaded tile minecraft:end_barrens_peak with texture set antiqueatlas:end_island
[25Dec2025 17:14:42.396] [Render thread/INFO] [antiqueatlas/]: Loaded tile antiqueatlas:nether_fort_stairs_mid with texture set antiqueatlas:nether_fort_stairs
[25Dec2025 17:14:42.396] [Render thread/INFO] [antiqueatlas/]: Loaded tile antiqueatlas:end_void_mid with texture set antiqueatlas:end_void
[25Dec2025 17:14:42.396] [Render thread/INFO] [antiqueatlas/]: Loaded tile minecraft:sparse_jungle_low with texture set antiqueatlas:sparse_forest
[25Dec2025 17:14:42.396] [Render thread/INFO] [antiqueatlas/]: Loaded tile minecraft:mountain_edge_mid with texture set antiqueatlas:mountains_all
[25Dec2025 17:14:42.396] [Render thread/INFO] [antiqueatlas/]: Loaded tile minecraft:beach_valley with texture set antiqueatlas:shore
[25Dec2025 17:14:42.396] [Render thread/INFO] [antiqueatlas/]: Loaded tile minecraft:end_highlands_peak with texture set antiqueatlas:end_island_plants
[25Dec2025 17:14:42.396] [Render thread/INFO] [antiqueatlas/]: Loaded tile minecraft:modified_gravelly_mountains with texture set antiqueatlas:mountains
[25Dec2025 17:14:42.396] [Render thread/INFO] [antiqueatlas/]: Loaded tile minecraft:frozen_peaks_valley with texture set antiqueatlas:mountains_snow_caps
[25Dec2025 17:14:42.396] [Render thread/INFO] [antiqueatlas/]: Loaded tile minecraft:forest_low with texture set antiqueatlas:forest
[25Dec2025 17:14:42.396] [Render thread/INFO] [antiqueatlas/]: Loaded tile minecraft:giant_tree_taiga_hills_valley with texture set antiqueatlas:mega_spruce
[25Dec2025 17:14:42.396] [Render thread/INFO] [antiqueatlas/]: Loaded tile minecraft:windswept_gravelly_hills_valley with texture set antiqueatlas:hills
[25Dec2025 17:14:42.396] [Render thread/INFO] [antiqueatlas/]: Loaded tile minecraft:meadow_low with texture set antiqueatlas:plains
[25Dec2025 17:14:42.396] [Render thread/INFO] [antiqueatlas/]: Loaded tile minecraft:windswept_hills_mid with texture set antiqueatlas:hills
[25Dec2025 17:14:42.396] [Render thread/INFO] [antiqueatlas/]: Loaded tile minecraft:cold_ocean_high with texture set antiqueatlas:water
[25Dec2025 17:14:42.396] [Render thread/INFO] [antiqueatlas/]: Loaded tile minecraft:desert_hills with texture set antiqueatlas:desert_hills
[25Dec2025 17:14:42.396] [Render thread/INFO] [antiqueatlas/]: Loaded tile minecraft:dark_forest_hills_mid with texture set antiqueatlas:forest_hills
[25Dec2025 17:14:42.396] [Render thread/INFO] [antiqueatlas/]: Loaded tile minecraft:wooded_badlands_plateau_low with texture set antiqueatlas:plateau_mesa_trees
[25Dec2025 17:14:42.396] [Render thread/INFO] [antiqueatlas/]: Loaded tile minecraft:snowy_mountains_high with texture set antiqueatlas:mountains_snow_caps
[25Dec2025 17:14:42.396] [Render thread/INFO] [antiqueatlas/]: Loaded tile minecraft:mushroom_field_shore with texture set antiqueatlas:shore
[25Dec2025 17:14:42.396] [Render thread/INFO] [antiqueatlas/]: Loaded tile antiqueatlas:npc_village_library_low with texture set antiqueatlas:library
[25Dec2025 17:14:42.396] [Render thread/INFO] [antiqueatlas/]: Loaded tile minecraft:snowy_tundra with texture set antiqueatlas:snow
[25Dec2025 17:14:42.396] [Render thread/INFO] [antiqueatlas/]: Loaded tile antiqueatlas:end_island_plants_high with texture set antiqueatlas:end_island_plants
[25Dec2025 17:14:42.396] [Render thread/INFO] [antiqueatlas/]: Loaded tile minecraft:ice_spikes_low with texture set antiqueatlas:ice_spikes
[25Dec2025 17:14:42.396] [Render thread/INFO] [antiqueatlas/]: Loaded tile minecraft:mountains_low with texture set antiqueatlas:mountains_all
[25Dec2025 17:14:42.396] [Render thread/INFO] [antiqueatlas/]: Loaded tile minecraft:sunflower_plains_low with texture set antiqueatlas:sunflowers
[25Dec2025 17:14:42.396] [Render thread/INFO] [antiqueatlas/]: Loaded tile minecraft:modified_gravelly_mountains_mid with texture set antiqueatlas:mountains
[25Dec2025 17:14:42.396] [Render thread/INFO] [antiqueatlas/]: Loaded tile minecraft:deep_ocean with texture set antiqueatlas:water
[25Dec2025 17:14:42.396] [Render thread/INFO] [antiqueatlas/]: Loaded tile antiqueatlas:nether_bridge_end_z_peak with texture set antiqueatlas:nether_bridge_end_z
[25Dec2025 17:14:42.396] [Render thread/INFO] [antiqueatlas/]: Loaded tile minecraft:swamp_low with texture set antiqueatlas:swamp
[25Dec2025 17:14:42.396] [Render thread/INFO] [antiqueatlas/]: Loaded tile minecraft:snowy_beach_valley with texture set antiqueatlas:shore
[25Dec2025 17:14:42.396] [Render thread/INFO] [antiqueatlas/]: Loaded tile minecraft:the_end_peak with texture set antiqueatlas:end_island
[25Dec2025 17:14:42.396] [Render thread/INFO] [antiqueatlas/]: Loaded tile minecraft:stony_shore with texture set antiqueatlas:rock_shore
[25Dec2025 17:14:42.396] [Render thread/INFO] [antiqueatlas/]: Loaded tile minecraft:cold_ocean_low with texture set antiqueatlas:water
[25Dec2025 17:14:42.396] [Render thread/INFO] [antiqueatlas/]: Loaded tile minecraft:deep_warm_ocean_peak with texture set antiqueatlas:water
[25Dec2025 17:14:42.396] [Render thread/INFO] [antiqueatlas/]: Loaded tile antiqueatlas:npc_village_church_low with texture set antiqueatlas:church
[25Dec2025 17:14:42.396] [Render thread/INFO] [antiqueatlas/]: Loaded tile minecraft:old_growth_pine_taiga_low with texture set antiqueatlas:pines
[25Dec2025 17:14:42.397] [Render thread/INFO] [antiqueatlas/]: Loaded tile minecraft:mountain_edge with texture set antiqueatlas:mountains_all
[25Dec2025 17:14:42.397] [Render thread/INFO] [antiqueatlas/]: Loaded tile minecraft:river with texture set antiqueatlas:water
[25Dec2025 17:14:42.397] [Render thread/INFO] [antiqueatlas/]: Loaded tile minecraft:soul_sand_valley_mid with texture set antiqueatlas:soul_sand_valley
[25Dec2025 17:14:42.397] [Render thread/INFO] [antiqueatlas/]: Loaded tile antiqueatlas:npc_village_farmland_small_low with texture set antiqueatlas:farmland_small
[25Dec2025 17:14:42.397] [Render thread/INFO] [antiqueatlas/]: Loaded tile minecraft:modified_jungle_peak with texture set antiqueatlas:jungle_hills
[25Dec2025 17:14:42.397] [Render thread/INFO] [antiqueatlas/]: Loaded tile minecraft:snowy_tundra_mid with texture set antiqueatlas:snow
[25Dec2025 17:14:42.397] [Render thread/INFO] [antiqueatlas/]: Loaded tile minecraft:wooded_hills_low with texture set antiqueatlas:forest_hills
[25Dec2025 17:14:42.397] [Render thread/INFO] [antiqueatlas/]: Loaded tile minecraft:deep_lukewarm_ocean_valley with texture set antiqueatlas:water
[25Dec2025 17:14:42.397] [Render thread/INFO] [antiqueatlas/]: Loaded tile minecraft:flower_forest_mid with texture set antiqueatlas:forest_flowers
[25Dec2025 17:14:42.397] [Render thread/INFO] [antiqueatlas/]: Loaded tile minecraft:wooded_hills with texture set antiqueatlas:forest_hills
[25Dec2025 17:14:42.397] [Render thread/INFO] [antiqueatlas/]: Loaded tile minecraft:deep_cold_ocean with texture set antiqueatlas:water
[25Dec2025 17:14:42.397] [Render thread/INFO] [antiqueatlas/]: Loaded tile minecraft:shattered_savanna_high with texture set antiqueatlas:savanna_cliffs
[25Dec2025 17:14:42.397] [Render thread/INFO] [antiqueatlas/]: Loaded tile minecraft:warped_forest_high with texture set antiqueatlas:jungle
[25Dec2025 17:14:42.397] [Render thread/INFO] [antiqueatlas/]: Loaded tile minecraft:modified_jungle_low with texture set antiqueatlas:jungle_hills
[25Dec2025 17:14:42.397] [Render thread/INFO] [antiqueatlas/]: Loaded tile antiqueatlas:npc_village_path_z_valley with texture set antiqueatlas:village_path_z
[25Dec2025 17:14:42.397] [Render thread/INFO] [antiqueatlas/]: Loaded tile antiqueatlas:npc_village_farmland_small_valley with texture set antiqueatlas:farmland_small
[25Dec2025 17:14:42.397] [Render thread/INFO] [antiqueatlas/]: Loaded tile minecraft:eroded_badlands with texture set antiqueatlas:mesa
[25Dec2025 17:14:42.397] [Render thread/INFO] [antiqueatlas/]: Loaded tile minecraft:shattered_savanna_plateau_valley with texture set antiqueatlas:savanna_cliffs
[25Dec2025 17:14:42.397] [Render thread/INFO] [antiqueatlas/]: Loaded tile minecraft:bamboo_jungle_hills_high with texture set antiqueatlas:jungle_hills
[25Dec2025 17:14:42.397] [Render thread/INFO] [antiqueatlas/]: Loaded tile minecraft:stony_peaks_low with texture set antiqueatlas:mountains_naked
[25Dec2025 17:14:42.397] [Render thread/INFO] [antiqueatlas/]: Loaded tile antiqueatlas:nether_fort_stairs_high with texture set antiqueatlas:nether_fort_stairs
[25Dec2025 17:14:42.397] [Render thread/INFO] [antiqueatlas/]: Loaded tile minecraft:mountains_valley with texture set antiqueatlas:mountains_all
[25Dec2025 17:14:42.397] [Render thread/INFO] [antiqueatlas/]: Loaded tile antiqueatlas:npc_village_small_house with texture set antiqueatlas:house_small
[25Dec2025 17:14:42.397] [Render thread/INFO] [antiqueatlas/]: Loaded tile antiqueatlas:nether_fort_stairs_valley with texture set antiqueatlas:nether_fort_stairs
[25Dec2025 17:14:42.397] [Render thread/INFO] [antiqueatlas/]: Loaded tile minecraft:shattered_savanna_valley with texture set antiqueatlas:savanna_cliffs
[25Dec2025 17:14:42.397] [Render thread/INFO] [antiqueatlas/]: Loaded tile minecraft:shattered_savanna_plateau_high with texture set antiqueatlas:savanna_cliffs
[25Dec2025 17:14:42.397] [Render thread/INFO] [antiqueatlas/]: Loaded tile minecraft:sunflower_plains_valley with texture set antiqueatlas:sunflowers
[25Dec2025 17:14:42.397] [Render thread/INFO] [antiqueatlas/]: Loaded tile minecraft:birch_forest_hills with texture set antiqueatlas:birch_hills
[25Dec2025 17:14:42.397] [Render thread/INFO] [antiqueatlas/]: Loaded tile minecraft:old_growth_pine_taiga_high with texture set antiqueatlas:pines_hills
[25Dec2025 17:14:42.397] [Render thread/INFO] [antiqueatlas/]: Loaded tile antiqueatlas:npc_village_l_house_low with texture set antiqueatlas:l_house
[25Dec2025 17:14:42.397] [Render thread/INFO] [antiqueatlas/]: Loaded tile antiqueatlas:nether_bridge_end_z_mid with texture set antiqueatlas:nether_bridge_end_z
[25Dec2025 17:14:42.397] [Render thread/INFO] [antiqueatlas/]: Loaded tile minecraft:windswept_forest_mid with texture set antiqueatlas:forest_hills
[25Dec2025 17:14:42.397] [Render thread/INFO] [antiqueatlas/]: Loaded tile minecraft:birch_forest_low with texture set antiqueatlas:birch
[25Dec2025 17:14:42.397] [Render thread/INFO] [antiqueatlas/]: Loaded tile minecraft:windswept_forest_high with texture set antiqueatlas:forest_hills
[25Dec2025 17:14:42.397] [Render thread/INFO] [antiqueatlas/]: Loaded tile minecraft:crimson_forest_mid with texture set antiqueatlas:forest
[25Dec2025 17:14:42.397] [Render thread/INFO] [antiqueatlas/]: Loaded tile minecraft:frozen_peaks_low with texture set antiqueatlas:mountains_snow_caps
[25Dec2025 17:14:42.397] [Render thread/INFO] [antiqueatlas/]: Loaded tile minecraft:nether_wastes_valley with texture set antiqueatlas:cave_walls
[25Dec2025 17:14:42.397] [Render thread/INFO] [antiqueatlas/]: Loaded tile minecraft:desert_hills_mid with texture set antiqueatlas:desert_hills
[25Dec2025 17:14:42.397] [Render thread/INFO] [antiqueatlas/]: Loaded tile minecraft:jungle with texture set antiqueatlas:jungle
[25Dec2025 17:14:42.397] [Render thread/INFO] [antiqueatlas/]: Loaded tile minecraft:taiga_mountains_high with texture set antiqueatlas:pines_hills
[25Dec2025 17:14:42.397] [Render thread/INFO] [antiqueatlas/]: Loaded tile minecraft:jungle_peak with texture set antiqueatlas:jungle
[25Dec2025 17:14:42.397] [Render thread/INFO] [antiqueatlas/]: Loaded tile minecraft:stony_shore_valley with texture set antiqueatlas:rock_shore
[25Dec2025 17:14:42.397] [Render thread/INFO] [antiqueatlas/]: Loaded tile minecraft:small_end_islands_high with texture set antiqueatlas:end_island
[25Dec2025 17:14:42.397] [Render thread/INFO] [antiqueatlas/]: Loaded tile minecraft:warm_ocean_low with texture set antiqueatlas:water
[25Dec2025 17:14:42.397] [Render thread/INFO] [antiqueatlas/]: Loaded tile antiqueatlas:npc_village_l_house_high with texture set antiqueatlas:l_house
[25Dec2025 17:14:42.397] [Render thread/INFO] [antiqueatlas/]: Loaded tile minecraft:birch_forest_hills_peak with texture set antiqueatlas:birch_hills
[25Dec2025 17:14:42.397] [Render thread/INFO] [antiqueatlas/]: Loaded tile antiqueatlas:npc_village_smithy_mid with texture set antiqueatlas:smithy
[25Dec2025 17:14:42.397] [Render thread/INFO] [antiqueatlas/]: Loaded tile minecraft:sunflower_plains_high with texture set antiqueatlas:sunflowers
[25Dec2025 17:14:42.397] [Render thread/INFO] [antiqueatlas/]: Loaded tile antiqueatlas:swamp_water_mid with texture set antiqueatlas:swamp_water
[25Dec2025 17:14:42.397] [Render thread/INFO] [antiqueatlas/]: Loaded tile minecraft:windswept_hills_high with texture set antiqueatlas:hills
[25Dec2025 17:14:42.397] [Render thread/INFO] [antiqueatlas/]: Loaded tile minecraft:lukewarm_ocean_mid with texture set antiqueatlas:water
[25Dec2025 17:14:42.397] [Render thread/INFO] [antiqueatlas/]: Loaded tile minecraft:snowy_taiga_valley with texture set antiqueatlas:snow_pines
[25Dec2025 17:14:42.397] [Render thread/INFO] [antiqueatlas/]: Loaded tile minecraft:wooded_mountains_mid with texture set antiqueatlas:mountains_all
[25Dec2025 17:14:42.397] [Render thread/INFO] [antiqueatlas/]: Loaded tile minecraft:desert_hills_high with texture set antiqueatlas:desert_hills
[25Dec2025 17:14:42.397] [Render thread/INFO] [antiqueatlas/]: Loaded tile minecraft:badlands_plateau_low with texture set antiqueatlas:plateau_mesa
[25Dec2025 17:14:42.397] [Render thread/INFO] [antiqueatlas/]: Loaded tile minecraft:gravelly_mountains_high with texture set antiqueatlas:mountains
[25Dec2025 17:14:42.397] [Render thread/INFO] [antiqueatlas/]: Loaded tile minecraft:modified_badlands_plateau_peak with texture set antiqueatlas:plateau_mesa
[25Dec2025 17:14:42.397] [Render thread/INFO] [antiqueatlas/]: Loaded tile minecraft:tall_birch_hills with texture set antiqueatlas:tall_birch_hills
[25Dec2025 17:14:42.397] [Render thread/INFO] [antiqueatlas/]: Loaded tile minecraft:modified_jungle_edge_mid with texture set antiqueatlas:jungle_cliffs
[25Dec2025 17:14:42.397] [Render thread/INFO] [antiqueatlas/]: Loaded tile minecraft:giant_tree_taiga_hills_low with texture set antiqueatlas:mega_spruce
[25Dec2025 17:14:42.397] [Render thread/INFO] [antiqueatlas/]: Loaded tile antiqueatlas:npc_village_path_x_low with texture set antiqueatlas:village_path_x
[25Dec2025 17:14:42.397] [Render thread/INFO] [antiqueatlas/]: Loaded tile minecraft:taiga_peak with texture set antiqueatlas:pines
[25Dec2025 17:14:42.397] [Render thread/INFO] [antiqueatlas/]: Loaded tile minecraft:grove_mid with texture set antiqueatlas:snow_pines_hills
[25Dec2025 17:14:42.397] [Render thread/INFO] [antiqueatlas/]: Loaded tile minecraft:giant_spruce_taiga_hills_low with texture set antiqueatlas:mega_spruce_hills
[25Dec2025 17:14:42.397] [Render thread/INFO] [antiqueatlas/]: Loaded tile minecraft:savanna_plateau with texture set antiqueatlas:savanna_cliffs
[25Dec2025 17:14:42.397] [Render thread/INFO] [antiqueatlas/]: Loaded tile minecraft:dark_forest_hills_peak with texture set antiqueatlas:forest_hills
[25Dec2025 17:14:42.397] [Render thread/INFO] [antiqueatlas/]: Loaded tile minecraft:taiga with texture set antiqueatlas:pines
[25Dec2025 17:14:42.397] [Render thread/INFO] [antiqueatlas/]: Loaded tile minecraft:soul_sand_valley_high with texture set antiqueatlas:soul_sand_valley
[25Dec2025 17:14:42.397] [Render thread/INFO] [antiqueatlas/]: Loaded tile minecraft:wooded_badlands_mid with texture set antiqueatlas:sparse_forest_hills
[25Dec2025 17:14:42.397] [Render thread/INFO] [antiqueatlas/]: Loaded tile minecraft:wooded_mountains with texture set antiqueatlas:mountains_all
[25Dec2025 17:14:42.397] [Render thread/INFO] [antiqueatlas/]: Loaded tile minecraft:jungle_edge with texture set antiqueatlas:jungle_edge
[25Dec2025 17:14:42.397] [Render thread/INFO] [antiqueatlas/]: Loaded tile antiqueatlas:lava_shore_low with texture set antiqueatlas:lava_shore
[25Dec2025 17:14:42.397] [Render thread/INFO] [antiqueatlas/]: Loaded tile minecraft:giant_spruce_taiga_high with texture set antiqueatlas:mega_spruce
[25Dec2025 17:14:42.397] [Render thread/INFO] [antiqueatlas/]: Loaded tile minecraft:taiga_mountains_mid with texture set antiqueatlas:pines_hills
[25Dec2025 17:14:42.397] [Render thread/INFO] [antiqueatlas/]: Loaded tile minecraft:the_void_mid with texture set antiqueatlas:end_void
[25Dec2025 17:14:42.397] [Render thread/INFO] [antiqueatlas/]: Loaded tile minecraft:jagged_peaks_high with texture set antiqueatlas:mountains_snow_caps
[25Dec2025 17:14:42.397] [Render thread/INFO] [antiqueatlas/]: Loaded tile minecraft:swamp_hills_low with texture set antiqueatlas:swamp_hills
[25Dec2025 17:14:42.397] [Render thread/INFO] [antiqueatlas/]: Loaded tile minecraft:modified_badlands_plateau_mid with texture set antiqueatlas:plateau_mesa
[25Dec2025 17:14:42.397] [Render thread/INFO] [antiqueatlas/]: Loaded tile antiqueatlas:end_island_low with texture set antiqueatlas:end_island
[25Dec2025 17:14:42.397] [Render thread/INFO] [antiqueatlas/]: Loaded tile minecraft:jungle_edge_mid with texture set antiqueatlas:jungle_edge
[25Dec2025 17:14:42.397] [Render thread/INFO] [antiqueatlas/]: Loaded tile antiqueatlas:npc_village_torch_high with texture set antiqueatlas:village_torch
[25Dec2025 17:14:42.397] [Render thread/INFO] [antiqueatlas/]: Loaded tile minecraft:snowy_taiga_hills_peak with texture set antiqueatlas:snow_pines_hills
[25Dec2025 17:14:42.397] [Render thread/INFO] [antiqueatlas/]: Loaded tile minecraft:frozen_peaks with texture set antiqueatlas:mountains_snow_caps
[25Dec2025 17:14:42.397] [Render thread/INFO] [antiqueatlas/]: Loaded tile antiqueatlas:nether_bridge_gate_peak with texture set antiqueatlas:nether_bridge_gate
[25Dec2025 17:14:42.397] [Render thread/INFO] [antiqueatlas/]: Loaded tile antiqueatlas:nether_throne_low with texture set antiqueatlas:nether_throne
[25Dec2025 17:14:42.397] [Render thread/INFO] [antiqueatlas/]: Loaded tile minecraft:desert_valley with texture set antiqueatlas:desert
[25Dec2025 17:14:42.397] [Render thread/INFO] [antiqueatlas/]: Loaded tile antiqueatlas:npc_village_hut with texture set antiqueatlas:hut
[25Dec2025 17:14:42.397] [Render thread/INFO] [antiqueatlas/]: Loaded tile minecraft:warm_ocean with texture set antiqueatlas:water
[25Dec2025 17:14:42.397] [Render thread/INFO] [antiqueatlas/]: Loaded tile minecraft:flower_forest_high with texture set antiqueatlas:forest_flowers
[25Dec2025 17:14:42.397] [Render thread/INFO] [antiqueatlas/]: Loaded tile minecraft:taiga_low with texture set antiqueatlas:pines
[25Dec2025 17:14:42.397] [Render thread/INFO] [antiqueatlas/]: Loaded tile minecraft:desert_hills_valley with texture set antiqueatlas:desert_hills
[25Dec2025 17:14:42.397] [Render thread/INFO] [antiqueatlas/]: Loaded tile minecraft:jagged_peaks_low with texture set antiqueatlas:mountains_snow_caps
[25Dec2025 17:14:42.397] [Render thread/INFO] [antiqueatlas/]: Loaded tile antiqueatlas:npc_village_torch_valley with texture set antiqueatlas:village_torch
[25Dec2025 17:14:42.397] [Render thread/INFO] [antiqueatlas/]: Loaded tile minecraft:stony_shore_peak with texture set antiqueatlas:rock_shore
[25Dec2025 17:14:42.397] [Render thread/INFO] [antiqueatlas/]: Loaded tile antiqueatlas:npc_village_hut_mid with texture set antiqueatlas:hut
[25Dec2025 17:14:42.397] [Render thread/INFO] [antiqueatlas/]: Loaded tile minecraft:modified_wooded_badlands_plateau_high with texture set antiqueatlas:plateau_mesa
[25Dec2025 17:14:42.397] [Render thread/INFO] [antiqueatlas/]: Loaded tile minecraft:snowy_taiga_peak with texture set antiqueatlas:snow_pines
[25Dec2025 17:14:42.397] [Render thread/INFO] [antiqueatlas/]: Loaded tile minecraft:bamboo_jungle_hills_low with texture set antiqueatlas:jungle_hills
[25Dec2025 17:14:42.397] [Render thread/INFO] [antiqueatlas/]: Loaded tile minecraft:giant_tree_taiga_hills_peak with texture set antiqueatlas:mega_spruce
[25Dec2025 17:14:42.397] [Render thread/INFO] [antiqueatlas/]: Loaded tile minecraft:jungle_high with texture set antiqueatlas:jungle
[25Dec2025 17:14:42.397] [Render thread/INFO] [antiqueatlas/]: Loaded tile minecraft:jungle_low with texture set antiqueatlas:jungle
[25Dec2025 17:14:42.397] [Render thread/INFO] [antiqueatlas/]: Loaded tile minecraft:ice_spikes_peak with texture set antiqueatlas:ice_spikes
[25Dec2025 17:14:42.397] [Render thread/INFO] [antiqueatlas/]: Loaded tile minecraft:old_growth_birch_forest with texture set antiqueatlas:birch
[25Dec2025 17:14:42.397] [Render thread/INFO] [antiqueatlas/]: Loaded tile minecraft:shattered_savanna_plateau with texture set antiqueatlas:savanna_cliffs
[25Dec2025 17:14:42.397] [Render thread/INFO] [antiqueatlas/]: Loaded tile minecraft:tall_birch_hills_low with texture set antiqueatlas:tall_birch_hills
[25Dec2025 17:14:42.397] [Render thread/INFO] [antiqueatlas/]: Loaded tile minecraft:mushroom_fields_low with texture set antiqueatlas:mushroom
[25Dec2025 17:14:42.397] [Render thread/INFO] [antiqueatlas/]: Loaded tile minecraft:sparse_jungle_high with texture set antiqueatlas:sparse_forest_hills
[25Dec2025 17:14:42.397] [Render thread/INFO] [antiqueatlas/]: Loaded tile minecraft:birch_forest_high with texture set antiqueatlas:birch
[25Dec2025 17:14:42.397] [Render thread/INFO] [antiqueatlas/]: Loaded tile minecraft:birch_forest_hills_high with texture set antiqueatlas:birch_hills
[25Dec2025 17:14:42.397] [Render thread/INFO] [antiqueatlas/]: Loaded tile antiqueatlas:npc_village_l_house with texture set antiqueatlas:l_house
[25Dec2025 17:14:42.397] [Render thread/INFO] [antiqueatlas/]: Loaded tile minecraft:snowy_slopes_valley with texture set antiqueatlas:mountains_snow_caps
[25Dec2025 17:14:42.397] [Render thread/INFO] [antiqueatlas/]: Loaded tile minecraft:plains_low with texture set antiqueatlas:plains
[25Dec2025 17:14:42.397] [Render thread/INFO] [antiqueatlas/]: Loaded tile minecraft:desert_hills_peak with texture set antiqueatlas:desert_hills
[25Dec2025 17:14:42.397] [Render thread/INFO] [antiqueatlas/]: Loaded tile minecraft:eroded_badlands_low with texture set antiqueatlas:mesa
[25Dec2025 17:14:42.397] [Render thread/INFO] [antiqueatlas/]: Loaded tile minecraft:savanna_plateau_valley with texture set antiqueatlas:savanna_cliffs
[25Dec2025 17:14:42.397] [Render thread/INFO] [antiqueatlas/]: Loaded tile antiqueatlas:nether_bridge_end_z_valley with texture set antiqueatlas:nether_bridge_end_z
[25Dec2025 17:14:42.397] [Render thread/INFO] [antiqueatlas/]: Loaded tile minecraft:deep_cold_ocean_low with texture set antiqueatlas:water
[25Dec2025 17:14:42.397] [Render thread/INFO] [antiqueatlas/]: Loaded tile minecraft:savanna_plateau_high with texture set antiqueatlas:savanna_cliffs
[25Dec2025 17:14:42.397] [Render thread/INFO] [antiqueatlas/]: Loaded tile antiqueatlas:npc_village_torch_mid with texture set antiqueatlas:village_torch
[25Dec2025 17:14:42.397] [Render thread/INFO] [antiqueatlas/]: Loaded tile minecraft:shattered_savanna with texture set antiqueatlas:savanna_cliffs
[25Dec2025 17:14:42.397] [Render thread/INFO] [antiqueatlas/]: Loaded tile minecraft:snowy_plains with texture set antiqueatlas:snow
[25Dec2025 17:14:42.397] [Render thread/INFO] [antiqueatlas/]: Loaded tile minecraft:savanna_plateau_low with texture set antiqueatlas:savanna_cliffs
[25Dec2025 17:14:42.397] [Render thread/INFO] [antiqueatlas/]: Loaded tile minecraft:end_midlands_mid with texture set antiqueatlas:end_island
[25Dec2025 17:14:42.397] [Render thread/INFO] [antiqueatlas/]: Loaded tile minecraft:forest_valley with texture set antiqueatlas:forest
[25Dec2025 17:14:42.397] [Render thread/INFO] [antiqueatlas/]: Loaded tile minecraft:bamboo_jungle with texture set antiqueatlas:jungle
[25Dec2025 17:14:42.397] [Render thread/INFO] [antiqueatlas/]: Loaded tile antiqueatlas:nether_bridge_x_low with texture set antiqueatlas:nether_bridge_x
[25Dec2025 17:14:42.397] [Render thread/INFO] [antiqueatlas/]: Loaded tile minecraft:forest_peak with texture set antiqueatlas:mountains
[25Dec2025 17:14:42.397] [Render thread/INFO] [antiqueatlas/]: Loaded tile minecraft:ocean_mid with texture set antiqueatlas:water
[25Dec2025 17:14:42.397] [Render thread/INFO] [antiqueatlas/]: Loaded tile minecraft:end_barrens with texture set antiqueatlas:end_island
[25Dec2025 17:14:42.397] [Render thread/INFO] [antiqueatlas/]: Loaded tile minecraft:small_end_islands with texture set antiqueatlas:end_island
[25Dec2025 17:14:42.397] [Render thread/INFO] [antiqueatlas/]: Loaded tile minecraft:warm_ocean_peak with texture set antiqueatlas:water
[25Dec2025 17:14:42.397] [Render thread/INFO] [antiqueatlas/]: Loaded tile minecraft:badlands_plateau with texture set antiqueatlas:plateau_mesa
[25Dec2025 17:14:42.397] [Render thread/INFO] [antiqueatlas/]: Loaded tile antiqueatlas:nether_wall_low with texture set antiqueatlas:nether_wall
[25Dec2025 17:14:42.397] [Render thread/INFO] [antiqueatlas/]: Loaded tile minecraft:the_end with texture set antiqueatlas:end_island
[25Dec2025 17:14:42.397] [Render thread/INFO] [antiqueatlas/]: Loaded tile antiqueatlas:end_island_plants_low with texture set antiqueatlas:end_island_plants
[25Dec2025 17:14:42.397] [Render thread/INFO] [antiqueatlas/]: Loaded tile minecraft:giant_tree_taiga_low with texture set antiqueatlas:mega_taiga
[25Dec2025 17:14:42.397] [Render thread/INFO] [antiqueatlas/]: Loaded tile antiqueatlas:npc_village_library with texture set antiqueatlas:library
[25Dec2025 17:14:42.397] [Render thread/INFO] [antiqueatlas/]: Loaded tile antiqueatlas:end_void_valley with texture set antiqueatlas:end_void
[25Dec2025 17:14:42.397] [Render thread/INFO] [antiqueatlas/]: Loaded tile minecraft:dark_forest_mid with texture set antiqueatlas:forest
[25Dec2025 17:14:42.397] [Render thread/INFO] [antiqueatlas/]: Loaded tile antiqueatlas:nether_bridge_z_valley with texture set antiqueatlas:nether_bridge_z
[25Dec2025 17:14:42.397] [Render thread/INFO] [antiqueatlas/]: Loaded tile antiqueatlas:npc_village_small_house_mid with texture set antiqueatlas:house_small
[25Dec2025 17:14:42.398] [Render thread/INFO] [antiqueatlas/]: Loaded tile minecraft:stony_peaks_high with texture set antiqueatlas:mountains_naked
[25Dec2025 17:14:42.398] [Render thread/INFO] [antiqueatlas/]: Loaded tile minecraft:end_midlands_peak with texture set antiqueatlas:end_island
[25Dec2025 17:14:42.398] [Render thread/INFO] [antiqueatlas/]: Loaded tile minecraft:jungle_hills_high with texture set antiqueatlas:jungle_hills
[25Dec2025 17:14:42.398] [Render thread/INFO] [antiqueatlas/]: Loaded tile minecraft:shattered_savanna_plateau_peak with texture set antiqueatlas:savanna_cliffs
[25Dec2025 17:14:42.398] [Render thread/INFO] [antiqueatlas/]: Loaded tile antiqueatlas:swamp_water_peak with texture set antiqueatlas:swamp_water
[25Dec2025 17:14:42.398] [Render thread/INFO] [antiqueatlas/]: Loaded tile antiqueatlas:nether_bridge_gate_low with texture set antiqueatlas:nether_bridge_gate
[25Dec2025 17:14:42.398] [Render thread/INFO] [antiqueatlas/]: Loaded tile antiqueatlas:end_island with texture set antiqueatlas:end_island
[25Dec2025 17:14:42.398] [Render thread/INFO] [antiqueatlas/]: Loaded tile antiqueatlas:npc_village_hut_valley with texture set antiqueatlas:hut
[25Dec2025 17:14:42.398] [Render thread/INFO] [antiqueatlas/]: Loaded tile antiqueatlas:end_void_peak with texture set antiqueatlas:end_void
[25Dec2025 17:14:42.398] [Render thread/INFO] [antiqueatlas/]: Loaded tile minecraft:wooded_badlands_valley with texture set antiqueatlas:sparse_forest
[25Dec2025 17:14:42.398] [Render thread/INFO] [antiqueatlas/]: Loaded tile minecraft:savanna_low with texture set antiqueatlas:savanna
[25Dec2025 17:14:42.398] [Render thread/INFO] [antiqueatlas/]: Loaded tile minecraft:wooded_badlands_high with texture set antiqueatlas:sparse_forest_hills
[25Dec2025 17:14:42.398] [Render thread/INFO] [antiqueatlas/]: Loaded tile minecraft:windswept_savanna_high with texture set antiqueatlas:savanna
[25Dec2025 17:14:42.398] [Render thread/INFO] [antiqueatlas/]: Loaded tile minecraft:deep_warm_ocean_high with texture set antiqueatlas:water
[25Dec2025 17:14:42.398] [Render thread/INFO] [antiqueatlas/]: Loaded tile minecraft:mushroom_field_shore_low with texture set antiqueatlas:shore
[25Dec2025 17:14:42.398] [Render thread/INFO] [antiqueatlas/]: Loaded tile minecraft:wooded_mountains_high with texture set antiqueatlas:mountains_all
[25Dec2025 17:14:42.398] [Render thread/INFO] [antiqueatlas/]: Loaded tile minecraft:taiga_valley with texture set antiqueatlas:pines
[25Dec2025 17:14:42.398] [Render thread/INFO] [antiqueatlas/]: Loaded tile antiqueatlas:nether_tower_high with texture set antiqueatlas:nether_tower
[25Dec2025 17:14:42.398] [Render thread/INFO] [antiqueatlas/]: Loaded tile antiqueatlas:npc_village_library_peak with texture set antiqueatlas:library
[25Dec2025 17:14:42.967] [Render thread/INFO] [DistantHorizons-DistantHorizons-com.seibel.distanthorizons.core.jar.updater.SelfUpdater/]: Checking for Distant Horizons update
[25Dec2025 17:14:43.484] [Render thread/INFO] [DistantHorizons-DistantHorizons-com.seibel.distanthorizons.core.jar.updater.SelfUpdater/]: New version (2.4.5-b) of Distant Horizons is available
[25Dec2025 17:14:43.484] [Render thread/INFO] [DistantHorizons-DistantHorizons-com.seibel.distanthorizons.core.jar.updater.SelfUpdater/]: Download link: https://cdn.modrinth.com/data/uCdwusMi/versions/bLPLghy9/DistantHorizons-2.4.5-b-1.21.1-fabric-neoforge.jar
[25Dec2025 17:14:48.206] [Render thread/INFO] [DistantHorizons-DistantHorizons-com.seibel.distanthorizons.core.jar.updater.SelfUpdater/]: Attempting to auto update Distant Horizons
[25Dec2025 17:14:48.299] [Render thread/INFO] [DistantHorizons-DistantHorizons-com.seibel.distanthorizons.core.jar.installer.WebDownloader/]: 0% downloaded
[25Dec2025 17:14:48.323] [Render thread/INFO] [DistantHorizons-DistantHorizons-com.seibel.distanthorizons.core.jar.installer.WebDownloader/]: 1% downloaded
[25Dec2025 17:14:48.335] [Render thread/INFO] [DistantHorizons-DistantHorizons-com.seibel.distanthorizons.core.jar.installer.WebDownloader/]: 2% downloaded
[25Dec2025 17:14:48.341] [Render thread/INFO] [DistantHorizons-DistantHorizons-com.seibel.distanthorizons.core.jar.installer.WebDownloader/]: 3% downloaded
[25Dec2025 17:14:48.347] [Render thread/INFO] [DistantHorizons-DistantHorizons-com.seibel.distanthorizons.core.jar.installer.WebDownloader/]: 4% downloaded
[25Dec2025 17:14:48.354] [Render thread/INFO] [DistantHorizons-DistantHorizons-com.seibel.distanthorizons.core.jar.installer.WebDownloader/]: 5% downloaded
[25Dec2025 17:14:48.360] [Render thread/INFO] [DistantHorizons-DistantHorizons-com.seibel.distanthorizons.core.jar.installer.WebDownloader/]: 6% downloaded
[25Dec2025 17:14:48.366] [Render thread/INFO] [DistantHorizons-DistantHorizons-com.seibel.distanthorizons.core.jar.installer.WebDownloader/]: 7% downloaded
[25Dec2025 17:14:48.373] [Render thread/INFO] [DistantHorizons-DistantHorizons-com.seibel.distanthorizons.core.jar.installer.WebDownloader/]: 8% downloaded
[25Dec2025 17:14:48.379] [Render thread/INFO] [DistantHorizons-DistantHorizons-com.seibel.distanthorizons.core.jar.installer.WebDownloader/]: 9% downloaded
[25Dec2025 17:14:48.385] [Render thread/INFO] [DistantHorizons-DistantHorizons-com.seibel.distanthorizons.core.jar.installer.WebDownloader/]: 10% downloaded
[25Dec2025 17:14:48.391] [Render thread/INFO] [DistantHorizons-DistantHorizons-com.seibel.distanthorizons.core.jar.installer.WebDownloader/]: 11% downloaded
[25Dec2025 17:14:48.398] [Render thread/INFO] [DistantHorizons-DistantHorizons-com.seibel.distanthorizons.core.jar.installer.WebDownloader/]: 12% downloaded
[25Dec2025 17:14:48.404] [Render thread/INFO] [DistantHorizons-DistantHorizons-com.seibel.distanthorizons.core.jar.installer.WebDownloader/]: 13% downloaded
[25Dec2025 17:14:48.411] [Render thread/INFO] [DistantHorizons-DistantHorizons-com.seibel.distanthorizons.core.jar.installer.WebDownloader/]: 14% downloaded
[25Dec2025 17:14:48.417] [Render thread/INFO] [DistantHorizons-DistantHorizons-com.seibel.distanthorizons.core.jar.installer.WebDownloader/]: 15% downloaded
[25Dec2025 17:14:48.423] [Render thread/INFO] [DistantHorizons-DistantHorizons-com.seibel.distanthorizons.core.jar.installer.WebDownloader/]: 16% downloaded
[25Dec2025 17:14:48.429] [Render thread/INFO] [DistantHorizons-DistantHorizons-com.seibel.distanthorizons.core.jar.installer.WebDownloader/]: 17% downloaded
[25Dec2025 17:14:48.436] [Render thread/INFO] [DistantHorizons-DistantHorizons-com.seibel.distanthorizons.core.jar.installer.WebDownloader/]: 18% downloaded
[25Dec2025 17:14:48.442] [Render thread/INFO] [DistantHorizons-DistantHorizons-com.seibel.distanthorizons.core.jar.installer.WebDownloader/]: 19% downloaded
[25Dec2025 17:14:48.448] [Render thread/INFO] [DistantHorizons-DistantHorizons-com.seibel.distanthorizons.core.jar.installer.WebDownloader/]: 20% downloaded
[25Dec2025 17:14:48.455] [Render thread/INFO] [DistantHorizons-DistantHorizons-com.seibel.distanthorizons.core.jar.installer.WebDownloader/]: 21% downloaded
[25Dec2025 17:14:48.461] [Render thread/INFO] [DistantHorizons-DistantHorizons-com.seibel.distanthorizons.core.jar.installer.WebDownloader/]: 22% downloaded
[25Dec2025 17:14:48.467] [Render thread/INFO] [DistantHorizons-DistantHorizons-com.seibel.distanthorizons.core.jar.installer.WebDownloader/]: 23% downloaded
[25Dec2025 17:14:48.474] [Render thread/INFO] [DistantHorizons-DistantHorizons-com.seibel.distanthorizons.core.jar.installer.WebDownloader/]: 24% downloaded
[25Dec2025 17:14:48.480] [Render thread/INFO] [DistantHorizons-DistantHorizons-com.seibel.distanthorizons.core.jar.installer.WebDownloader/]: 25% downloaded
[25Dec2025 17:14:48.486] [Render thread/INFO] [DistantHorizons-DistantHorizons-com.seibel.distanthorizons.core.jar.installer.WebDownloader/]: 26% downloaded
[25Dec2025 17:14:48.493] [Render thread/INFO] [DistantHorizons-DistantHorizons-com.seibel.distanthorizons.core.jar.installer.WebDownloader/]: 27% downloaded
[25Dec2025 17:14:48.499] [Render thread/INFO] [DistantHorizons-DistantHorizons-com.seibel.distanthorizons.core.jar.installer.WebDownloader/]: 28% downloaded
[25Dec2025 17:14:48.505] [Render thread/INFO] [DistantHorizons-DistantHorizons-com.seibel.distanthorizons.core.jar.installer.WebDownloader/]: 29% downloaded
[25Dec2025 17:14:48.512] [Render thread/INFO] [DistantHorizons-DistantHorizons-com.seibel.distanthorizons.core.jar.installer.WebDownloader/]: 30% downloaded
[25Dec2025 17:14:48.518] [Render thread/INFO] [DistantHorizons-DistantHorizons-com.seibel.distanthorizons.core.jar.installer.WebDownloader/]: 31% downloaded
[25Dec2025 17:14:48.524] [Render thread/INFO] [DistantHorizons-DistantHorizons-com.seibel.distanthorizons.core.jar.installer.WebDownloader/]: 32% downloaded
[25Dec2025 17:14:48.531] [Render thread/INFO] [DistantHorizons-DistantHorizons-com.seibel.distanthorizons.core.jar.installer.WebDownloader/]: 33% downloaded
[25Dec2025 17:14:48.537] [Render thread/INFO] [DistantHorizons-DistantHorizons-com.seibel.distanthorizons.core.jar.installer.WebDownloader/]: 34% downloaded
[25Dec2025 17:14:48.543] [Render thread/INFO] [DistantHorizons-DistantHorizons-com.seibel.distanthorizons.core.jar.installer.WebDownloader/]: 35% downloaded
[25Dec2025 17:14:48.550] [Render thread/INFO] [DistantHorizons-DistantHorizons-com.seibel.distanthorizons.core.jar.installer.WebDownloader/]: 36% downloaded
[25Dec2025 17:14:48.556] [Render thread/INFO] [DistantHorizons-DistantHorizons-com.seibel.distanthorizons.core.jar.installer.WebDownloader/]: 37% downloaded
[25Dec2025 17:14:48.562] [Render thread/INFO] [DistantHorizons-DistantHorizons-com.seibel.distanthorizons.core.jar.installer.WebDownloader/]: 38% downloaded
[25Dec2025 17:14:48.569] [Render thread/INFO] [DistantHorizons-DistantHorizons-com.seibel.distanthorizons.core.jar.installer.WebDownloader/]: 39% downloaded
[25Dec2025 17:14:48.575] [Render thread/INFO] [DistantHorizons-DistantHorizons-com.seibel.distanthorizons.core.jar.installer.WebDownloader/]: 40% downloaded
[25Dec2025 17:14:48.581] [Render thread/INFO] [DistantHorizons-DistantHorizons-com.seibel.distanthorizons.core.jar.installer.WebDownloader/]: 41% downloaded
[25Dec2025 17:14:48.588] [Render thread/INFO] [DistantHorizons-DistantHorizons-com.seibel.distanthorizons.core.jar.installer.WebDownloader/]: 42% downloaded
[25Dec2025 17:14:48.594] [Render thread/INFO] [DistantHorizons-DistantHorizons-com.seibel.distanthorizons.core.jar.installer.WebDownloader/]: 43% downloaded
[25Dec2025 17:14:48.600] [Render thread/INFO] [DistantHorizons-DistantHorizons-com.seibel.distanthorizons.core.jar.installer.WebDownloader/]: 44% downloaded
[25Dec2025 17:14:48.606] [Render thread/INFO] [DistantHorizons-DistantHorizons-com.seibel.distanthorizons.core.jar.installer.WebDownloader/]: 45% downloaded
[25Dec2025 17:14:48.613] [Render thread/INFO] [DistantHorizons-DistantHorizons-com.seibel.distanthorizons.core.jar.installer.WebDownloader/]: 46% downloaded
[25Dec2025 17:14:48.619] [Render thread/INFO] [DistantHorizons-DistantHorizons-com.seibel.distanthorizons.core.jar.installer.WebDownloader/]: 47% downloaded
[25Dec2025 17:14:48.625] [Render thread/INFO] [DistantHorizons-DistantHorizons-com.seibel.distanthorizons.core.jar.installer.WebDownloader/]: 48% downloaded
[25Dec2025 17:14:48.632] [Render thread/INFO] [DistantHorizons-DistantHorizons-com.seibel.distanthorizons.core.jar.installer.WebDownloader/]: 49% downloaded
[25Dec2025 17:14:48.638] [Render thread/INFO] [DistantHorizons-DistantHorizons-com.seibel.distanthorizons.core.jar.installer.WebDownloader/]: 50% downloaded
[25Dec2025 17:14:48.644] [Render thread/INFO] [DistantHorizons-DistantHorizons-com.seibel.distanthorizons.core.jar.installer.WebDownloader/]: 51% downloaded
[25Dec2025 17:14:48.651] [Render thread/INFO] [DistantHorizons-DistantHorizons-com.seibel.distanthorizons.core.jar.installer.WebDownloader/]: 52% downloaded
[25Dec2025 17:14:48.657] [Render thread/INFO] [DistantHorizons-DistantHorizons-com.seibel.distanthorizons.core.jar.installer.WebDownloader/]: 53% downloaded
[25Dec2025 17:14:48.663] [Render thread/INFO] [DistantHorizons-DistantHorizons-com.seibel.distanthorizons.core.jar.installer.WebDownloader/]: 54% downloaded
[25Dec2025 17:14:48.669] [Render thread/INFO] [DistantHorizons-DistantHorizons-com.seibel.distanthorizons.core.jar.installer.WebDownloader/]: 55% downloaded
[25Dec2025 17:14:48.676] [Render thread/INFO] [DistantHorizons-DistantHorizons-com.seibel.distanthorizons.core.jar.installer.WebDownloader/]: 56% downloaded
[25Dec2025 17:14:48.682] [Render thread/INFO] [DistantHorizons-DistantHorizons-com.seibel.distanthorizons.core.jar.installer.WebDownloader/]: 57% downloaded
[25Dec2025 17:14:48.689] [Render thread/INFO] [DistantHorizons-DistantHorizons-com.seibel.distanthorizons.core.jar.installer.WebDownloader/]: 58% downloaded
[25Dec2025 17:14:48.695] [Render thread/INFO] [DistantHorizons-DistantHorizons-com.seibel.distanthorizons.core.jar.installer.WebDownloader/]: 59% downloaded
[25Dec2025 17:14:48.701] [Render thread/INFO] [DistantHorizons-DistantHorizons-com.seibel.distanthorizons.core.jar.installer.WebDownloader/]: 60% downloaded
[25Dec2025 17:14:48.708] [Render thread/INFO] [DistantHorizons-DistantHorizons-com.seibel.distanthorizons.core.jar.installer.WebDownloader/]: 61% downloaded
[25Dec2025 17:14:48.714] [Render thread/INFO] [DistantHorizons-DistantHorizons-com.seibel.distanthorizons.core.jar.installer.WebDownloader/]: 62% downloaded
[25Dec2025 17:14:48.720] [Render thread/INFO] [DistantHorizons-DistantHorizons-com.seibel.distanthorizons.core.jar.installer.WebDownloader/]: 63% downloaded
[25Dec2025 17:14:48.726] [Render thread/INFO] [DistantHorizons-DistantHorizons-com.seibel.distanthorizons.core.jar.installer.WebDownloader/]: 64% downloaded
[25Dec2025 17:14:48.733] [Render thread/INFO] [DistantHorizons-DistantHorizons-com.seibel.distanthorizons.core.jar.installer.WebDownloader/]: 65% downloaded
[25Dec2025 17:14:48.739] [Render thread/INFO] [DistantHorizons-DistantHorizons-com.seibel.distanthorizons.core.jar.installer.WebDownloader/]: 66% downloaded
[25Dec2025 17:14:48.745] [Render thread/INFO] [DistantHorizons-DistantHorizons-com.seibel.distanthorizons.core.jar.installer.WebDownloader/]: 67% downloaded
[25Dec2025 17:14:48.752] [Render thread/INFO] [DistantHorizons-DistantHorizons-com.seibel.distanthorizons.core.jar.installer.WebDownloader/]: 68% downloaded
[25Dec2025 17:14:48.758] [Render thread/INFO] [DistantHorizons-DistantHorizons-com.seibel.distanthorizons.core.jar.installer.WebDownloader/]: 69% downloaded
[25Dec2025 17:14:48.764] [Render thread/INFO] [DistantHorizons-DistantHorizons-com.seibel.distanthorizons.core.jar.installer.WebDownloader/]: 70% downloaded
[25Dec2025 17:14:48.771] [Render thread/INFO] [DistantHorizons-DistantHorizons-com.seibel.distanthorizons.core.jar.installer.WebDownloader/]: 71% downloaded
[25Dec2025 17:14:48.777] [Render thread/INFO] [DistantHorizons-DistantHorizons-com.seibel.distanthorizons.core.jar.installer.WebDownloader/]: 72% downloaded
[25Dec2025 17:14:48.783] [Render thread/INFO] [DistantHorizons-DistantHorizons-com.seibel.distanthorizons.core.jar.installer.WebDownloader/]: 73% downloaded
[25Dec2025 17:14:48.789] [Render thread/INFO] [DistantHorizons-DistantHorizons-com.seibel.distanthorizons.core.jar.installer.WebDownloader/]: 74% downloaded
[25Dec2025 17:14:48.796] [Render thread/INFO] [DistantHorizons-DistantHorizons-com.seibel.distanthorizons.core.jar.installer.WebDownloader/]: 75% downloaded
[25Dec2025 17:14:48.802] [Render thread/INFO] [DistantHorizons-DistantHorizons-com.seibel.distanthorizons.core.jar.installer.WebDownloader/]: 76% downloaded
[25Dec2025 17:14:48.808] [Render thread/INFO] [DistantHorizons-DistantHorizons-com.seibel.distanthorizons.core.jar.installer.WebDownloader/]: 77% downloaded
[25Dec2025 17:14:48.815] [Render thread/INFO] [DistantHorizons-DistantHorizons-com.seibel.distanthorizons.core.jar.installer.WebDownloader/]: 78% downloaded
[25Dec2025 17:14:48.821] [Render thread/INFO] [DistantHorizons-DistantHorizons-com.seibel.distanthorizons.core.jar.installer.WebDownloader/]: 79% downloaded
[25Dec2025 17:14:48.827] [Render thread/INFO] [DistantHorizons-DistantHorizons-com.seibel.distanthorizons.core.jar.installer.WebDownloader/]: 80% downloaded
[25Dec2025 17:14:48.834] [Render thread/INFO] [DistantHorizons-DistantHorizons-com.seibel.distanthorizons.core.jar.installer.WebDownloader/]: 81% downloaded
[25Dec2025 17:14:48.840] [Render thread/INFO] [DistantHorizons-DistantHorizons-com.seibel.distanthorizons.core.jar.installer.WebDownloader/]: 82% downloaded
[25Dec2025 17:14:48.846] [Render thread/INFO] [DistantHorizons-DistantHorizons-com.seibel.distanthorizons.core.jar.installer.WebDownloader/]: 83% downloaded
[25Dec2025 17:14:48.852] [Render thread/INFO] [DistantHorizons-DistantHorizons-com.seibel.distanthorizons.core.jar.installer.WebDownloader/]: 84% downloaded
[25Dec2025 17:14:48.859] [Render thread/INFO] [DistantHorizons-DistantHorizons-com.seibel.distanthorizons.core.jar.installer.WebDownloader/]: 85% downloaded
[25Dec2025 17:14:48.865] [Render thread/INFO] [DistantHorizons-DistantHorizons-com.seibel.distanthorizons.core.jar.installer.WebDownloader/]: 86% downloaded
[25Dec2025 17:14:48.872] [Render thread/INFO] [DistantHorizons-DistantHorizons-com.seibel.distanthorizons.core.jar.installer.WebDownloader/]: 87% downloaded
[25Dec2025 17:14:48.878] [Render thread/INFO] [DistantHorizons-DistantHorizons-com.seibel.distanthorizons.core.jar.installer.WebDownloader/]: 88% downloaded
[25Dec2025 17:14:48.884] [Render thread/INFO] [DistantHorizons-DistantHorizons-com.seibel.distanthorizons.core.jar.installer.WebDownloader/]: 89% downloaded
[25Dec2025 17:14:48.891] [Render thread/INFO] [DistantHorizons-DistantHorizons-com.seibel.distanthorizons.core.jar.installer.WebDownloader/]: 90% downloaded
[25Dec2025 17:14:48.897] [Render thread/INFO] [DistantHorizons-DistantHorizons-com.seibel.distanthorizons.core.jar.installer.WebDownloader/]: 91% downloaded
[25Dec2025 17:14:48.903] [Render thread/INFO] [DistantHorizons-DistantHorizons-com.seibel.distanthorizons.core.jar.installer.WebDownloader/]: 92% downloaded
[25Dec2025 17:14:48.910] [Render thread/INFO] [DistantHorizons-DistantHorizons-com.seibel.distanthorizons.core.jar.installer.WebDownloader/]: 93% downloaded
[25Dec2025 17:14:48.916] [Render thread/INFO] [DistantHorizons-DistantHorizons-com.seibel.distanthorizons.core.jar.installer.WebDownloader/]: 94% downloaded
[25Dec2025 17:14:48.922] [Render thread/INFO] [DistantHorizons-DistantHorizons-com.seibel.distanthorizons.core.jar.installer.WebDownloader/]: 95% downloaded
[25Dec2025 17:14:48.928] [Render thread/INFO] [DistantHorizons-DistantHorizons-com.seibel.distanthorizons.core.jar.installer.WebDownloader/]: 96% downloaded
[25Dec2025 17:14:48.935] [Render thread/INFO] [DistantHorizons-DistantHorizons-com.seibel.distanthorizons.core.jar.installer.WebDownloader/]: 97% downloaded
[25Dec2025 17:14:48.941] [Render thread/INFO] [DistantHorizons-DistantHorizons-com.seibel.distanthorizons.core.jar.installer.WebDownloader/]: 98% downloaded
[25Dec2025 17:14:48.947] [Render thread/INFO] [DistantHorizons-DistantHorizons-com.seibel.distanthorizons.core.jar.installer.WebDownloader/]: 99% downloaded
[25Dec2025 17:14:48.953] [Render thread/INFO] [DistantHorizons-DistantHorizons-com.seibel.distanthorizons.core.jar.installer.WebDownloader/]: 100% downloaded
[25Dec2025 17:14:48.979] [Render thread/INFO] [DistantHorizons-DistantHorizons-com.seibel.distanthorizons.core.jar.updater.SelfUpdater/]: Distant Horizons successfully updated. It will apply on game`s relaunch
[25Dec2025 17:14:49.175] [IO-Worker-1/INFO] [com.mojang.realmsclient.client.RealmsClient/]: Could not authorize you against Realms server: java.lang.RuntimeException: Failed to parse into SignedJWT: 806d9652f5ea93dbf2bd3339d4ba4a99
[25Dec2025 17:14:49.176] [IO-Worker-1/ERROR] [com.mojang.realmsclient.RealmsAvailability/]: Couldn't connect to realms
com.mojang.realmsclient.exception.RealmsServiceException: Realms authentication error with message 'java.lang.RuntimeException: Failed to parse into SignedJWT: 806d9652f5ea93dbf2bd3339d4ba4a99'
	at TRANSFORMER/minecraft@1.21.1/com.mojang.realmsclient.client.RealmsClient.execute(RealmsClient.java:447) ~[client-1.21.1-20240808.144430-srg.jar%23234!/:?]
	at TRANSFORMER/minecraft@1.21.1/com.mojang.realmsclient.client.RealmsClient.clientCompatible(RealmsClient.java:232) ~[client-1.21.1-20240808.144430-srg.jar%23234!/:?]
	at TRANSFORMER/minecraft@1.21.1/com.mojang.realmsclient.RealmsAvailability.lambda$check$0(RealmsAvailability.java:51) ~[client-1.21.1-20240808.144430-srg.jar%23234!/:?]
	at java.base/java.util.concurrent.CompletableFuture$AsyncSupply.run(CompletableFuture.java:1768) ~[?:?]
	at java.base/java.util.concurrent.ThreadPoolExecutor.runWorker(ThreadPoolExecutor.java:1144) ~[?:?]
	at java.base/java.util.concurrent.ThreadPoolExecutor$Worker.run(ThreadPoolExecutor.java:642) ~[?:?]
	at java.base/java.lang.Thread.run(Thread.java:1583) [?:?]
[25Dec2025 17:14:54.664] [Worker-Main-18/ERROR] [net.minecraft.world.level.storage.loot.LootDataType/]: Couldn't parse element ResourceKey[minecraft:root / minecraft:loot_table]:beautify:blocks/crimson_trellis - No key value in MapLike[{"type":"minecraft:loot_table","name":"beautify:blocks/crimson_lichen_trellis","conditions":[{"condition":"minecraft:block_state_property","block":"beautify:crimson_trellis","properties":{"flowers":"8"}}]}]; No key value in MapLike[{"type":"minecraft:loot_table","name":"beautify:blocks/crimson_twisting_vines_trellis","conditions":[{"condition":"minecraft:block_state_property","block":"beautify:crimson_trellis","properties":{"flowers":"7"}}]}]; No key value in MapLike[{"type":"minecraft:loot_table","name":"beautify:blocks/crimson_weeping_vines_trellis","conditions":[{"condition":"minecraft:block_state_property","block":"beautify:crimson_trellis","properties":{"flowers":"6"}}]}]; No key value in MapLike[{"type":"minecraft:loot_table","name":"beautify:blocks/crimson_vine_trellis","conditions":[{"condition":"minecraft:block_state_property","block":"beautify:crimson_trellis","properties":{"flowers":"5"}}]}]; No key value in MapLike[{"type":"minecraft:loot_table","name":"beautify:blocks/crimson_lilac_trellis","conditions":[{"condition":"minecraft:block_state_property","block":"beautify:crimson_trellis","properties":{"flowers":"4"}}]}]; No key value in MapLike[{"type":"minecraft:loot_table","name":"beautify:blocks/crimson_peony_trellis","conditions":[{"condition":"minecraft:block_state_property","block":"beautify:crimson_trellis","properties":{"flowers":"3"}}]}]; No key value in MapLike[{"type":"minecraft:loot_table","name":"beautify:blocks/crimson_sunflower_trellis","conditions":[{"condition":"minecraft:block_state_property","block":"beautify:crimson_trellis","properties":{"flowers":"2"}}]}]; No key value in MapLike[{"type":"minecraft:loot_table","name":"beautify:blocks/crimson_rose_trellis","conditions":[{"condition":"minecraft:block_state_property","block":"beautify:crimson_trellis","properties":{"flowers":"1"}}]}]
[25Dec2025 17:14:54.672] [Worker-Main-18/ERROR] [net.minecraft.world.level.storage.loot.LootDataType/]: Couldn't parse element ResourceKey[minecraft:root / minecraft:loot_table]:beautify:blocks/dark_oak_trellis - No key value in MapLike[{"type":"minecraft:loot_table","name":"beautify:blocks/dark_oak_lichen_trellis","conditions":[{"condition":"minecraft:block_state_property","block":"beautify:dark_oak_trellis","properties":{"flowers":"8"}}]}]; No key value in MapLike[{"type":"minecraft:loot_table","name":"beautify:blocks/dark_oak_twisting_vines_trellis","conditions":[{"condition":"minecraft:block_state_property","block":"beautify:dark_oak_trellis","properties":{"flowers":"7"}}]}]; No key value in MapLike[{"type":"minecraft:loot_table","name":"beautify:blocks/dark_oak_weeping_vines_trellis","conditions":[{"condition":"minecraft:block_state_property","block":"beautify:dark_oak_trellis","properties":{"flowers":"6"}}]}]; No key value in MapLike[{"type":"minecraft:loot_table","name":"beautify:blocks/dark_oak_vine_trellis","conditions":[{"condition":"minecraft:block_state_property","block":"beautify:dark_oak_trellis","properties":{"flowers":"5"}}]}]; No key value in MapLike[{"type":"minecraft:loot_table","name":"beautify:blocks/dark_oak_lilac_trellis","conditions":[{"condition":"minecraft:block_state_property","block":"beautify:dark_oak_trellis","properties":{"flowers":"4"}}]}]; No key value in MapLike[{"type":"minecraft:loot_table","name":"beautify:blocks/dark_oak_peony_trellis","conditions":[{"condition":"minecraft:block_state_property","block":"beautify:dark_oak_trellis","properties":{"flowers":"3"}}]}]; No key value in MapLike[{"type":"minecraft:loot_table","name":"beautify:blocks/dark_oak_sunflower_trellis","conditions":[{"condition":"minecraft:block_state_property","block":"beautify:dark_oak_trellis","properties":{"flowers":"2"}}]}]; No key value in MapLike[{"type":"minecraft:loot_table","name":"beautify:blocks/dark_oak_rose_trellis","conditions":[{"condition":"minecraft:block_state_property","block":"beautify:dark_oak_trellis","properties":{"flowers":"1"}}]}]
[25Dec2025 17:14:54.690] [Worker-Main-18/ERROR] [net.minecraft.world.level.storage.loot.LootDataType/]: Couldn't parse element ResourceKey[minecraft:root / minecraft:loot_table]:beautify:blocks/birch_trellis - No key value in MapLike[{"type":"minecraft:loot_table","name":"beautify:blocks/birch_lichen_trellis","conditions":[{"condition":"minecraft:block_state_property","block":"beautify:birch_trellis","properties":{"flowers":"8"}}]}]; No key value in MapLike[{"type":"minecraft:loot_table","name":"beautify:blocks/birch_twisting_vines_trellis","conditions":[{"condition":"minecraft:block_state_property","block":"beautify:birch_trellis","properties":{"flowers":"7"}}]}]; No key value in MapLike[{"type":"minecraft:loot_table","name":"beautify:blocks/birch_weeping_vines_trellis","conditions":[{"condition":"minecraft:block_state_property","block":"beautify:birch_trellis","properties":{"flowers":"6"}}]}]; No key value in MapLike[{"type":"minecraft:loot_table","name":"beautify:blocks/birch_vine_trellis","conditions":[{"condition":"minecraft:block_state_property","block":"beautify:birch_trellis","properties":{"flowers":"5"}}]}]; No key value in MapLike[{"type":"minecraft:loot_table","name":"beautify:blocks/birch_lilac_trellis","conditions":[{"condition":"minecraft:block_state_property","block":"beautify:birch_trellis","properties":{"flowers":"4"}}]}]; No key value in MapLike[{"type":"minecraft:loot_table","name":"beautify:blocks/birch_peony_trellis","conditions":[{"condition":"minecraft:block_state_property","block":"beautify:birch_trellis","properties":{"flowers":"3"}}]}]; No key value in MapLike[{"type":"minecraft:loot_table","name":"beautify:blocks/birch_sunflower_trellis","conditions":[{"condition":"minecraft:block_state_property","block":"beautify:birch_trellis","properties":{"flowers":"2"}}]}]; No key value in MapLike[{"type":"minecraft:loot_table","name":"beautify:blocks/birch_rose_trellis","conditions":[{"condition":"minecraft:block_state_property","block":"beautify:birch_trellis","properties":{"flowers":"1"}}]}]
[25Dec2025 17:14:54.690] [Worker-Main-18/ERROR] [net.minecraft.world.level.storage.loot.LootDataType/]: Couldn't parse element ResourceKey[minecraft:root / minecraft:loot_table]:beautify:blocks/oak_trellis - No key value in MapLike[{"type":"minecraft:loot_table","name":"beautify:blocks/oak_lichen_trellis","conditions":[{"condition":"minecraft:block_state_property","block":"beautify:oak_trellis","properties":{"flowers":"8"}}]}]; No key value in MapLike[{"type":"minecraft:loot_table","name":"beautify:blocks/oak_twisting_vines_trellis","conditions":[{"condition":"minecraft:block_state_property","block":"beautify:oak_trellis","properties":{"flowers":"7"}}]}]; No key value in MapLike[{"type":"minecraft:loot_table","name":"beautify:blocks/oak_weeping_vines_trellis","conditions":[{"condition":"minecraft:block_state_property","block":"beautify:oak_trellis","properties":{"flowers":"6"}}]}]; No key value in MapLike[{"type":"minecraft:loot_table","name":"beautify:blocks/oak_vine_trellis","conditions":[{"condition":"minecraft:block_state_property","block":"beautify:oak_trellis","properties":{"flowers":"5"}}]}]; No key value in MapLike[{"type":"minecraft:loot_table","name":"beautify:blocks/oak_lilac_trellis","conditions":[{"condition":"minecraft:block_state_property","block":"beautify:oak_trellis","properties":{"flowers":"4"}}]}]; No key value in MapLike[{"type":"minecraft:loot_table","name":"beautify:blocks/oak_peony_trellis","conditions":[{"condition":"minecraft:block_state_property","block":"beautify:oak_trellis","properties":{"flowers":"3"}}]}]; No key value in MapLike[{"type":"minecraft:loot_table","name":"beautify:blocks/oak_sunflower_trellis","conditions":[{"condition":"minecraft:block_state_property","block":"beautify:oak_trellis","properties":{"flowers":"2"}}]}]; No key value in MapLike[{"type":"minecraft:loot_table","name":"beautify:blocks/oak_rose_trellis","conditions":[{"condition":"minecraft:block_state_property","block":"beautify:oak_trellis","properties":{"flowers":"1"}}]}]
[25Dec2025 17:14:54.702] [Worker-Main-18/ERROR] [net.minecraft.world.level.storage.loot.LootDataType/]: Couldn't parse element ResourceKey[minecraft:root / minecraft:loot_table]:beautify:blocks/warped_trellis - No key value in MapLike[{"type":"minecraft:loot_table","name":"beautify:blocks/warped_lichen_trellis","conditions":[{"condition":"minecraft:block_state_property","block":"beautify:warped_trellis","properties":{"flowers":"8"}}]}]; No key value in MapLike[{"type":"minecraft:loot_table","name":"beautify:blocks/warped_twisting_vines_trellis","conditions":[{"condition":"minecraft:block_state_property","block":"beautify:warped_trellis","properties":{"flowers":"7"}}]}]; No key value in MapLike[{"type":"minecraft:loot_table","name":"beautify:blocks/warped_weeping_vines_trellis","conditions":[{"condition":"minecraft:block_state_property","block":"beautify:warped_trellis","properties":{"flowers":"6"}}]}]; No key value in MapLike[{"type":"minecraft:loot_table","name":"beautify:blocks/warped_vine_trellis","conditions":[{"condition":"minecraft:block_state_property","block":"beautify:warped_trellis","properties":{"flowers":"5"}}]}]; No key value in MapLike[{"type":"minecraft:loot_table","name":"beautify:blocks/warped_lilac_trellis","conditions":[{"condition":"minecraft:block_state_property","block":"beautify:warped_trellis","properties":{"flowers":"4"}}]}]; No key value in MapLike[{"type":"minecraft:loot_table","name":"beautify:blocks/warped_peony_trellis","conditions":[{"condition":"minecraft:block_state_property","block":"beautify:warped_trellis","properties":{"flowers":"3"}}]}]; No key value in MapLike[{"type":"minecraft:loot_table","name":"beautify:blocks/warped_sunflower_trellis","conditions":[{"condition":"minecraft:block_state_property","block":"beautify:warped_trellis","properties":{"flowers":"2"}}]}]; No key value in MapLike[{"type":"minecraft:loot_table","name":"beautify:blocks/warped_rose_trellis","conditions":[{"condition":"minecraft:block_state_property","block":"beautify:warped_trellis","properties":{"flowers":"1"}}]}]
[25Dec2025 17:14:54.708] [Worker-Main-18/ERROR] [net.minecraft.world.level.storage.loot.LootDataType/]: Couldn't parse element ResourceKey[minecraft:root / minecraft:loot_table]:beautify:blocks/jungle_trellis - No key value in MapLike[{"type":"minecraft:loot_table","name":"beautify:blocks/jungle_lichen_trellis","conditions":[{"condition":"minecraft:block_state_property","block":"beautify:jungle_trellis","properties":{"flowers":"8"}}]}]; No key value in MapLike[{"type":"minecraft:loot_table","name":"beautify:blocks/jungle_twisting_vines_trellis","conditions":[{"condition":"minecraft:block_state_property","block":"beautify:jungle_trellis","properties":{"flowers":"7"}}]}]; No key value in MapLike[{"type":"minecraft:loot_table","name":"beautify:blocks/jungle_weeping_vines_trellis","conditions":[{"condition":"minecraft:block_state_property","block":"beautify:jungle_trellis","properties":{"flowers":"6"}}]}]; No key value in MapLike[{"type":"minecraft:loot_table","name":"beautify:blocks/jungle_vine_trellis","conditions":[{"condition":"minecraft:block_state_property","block":"beautify:jungle_trellis","properties":{"flowers":"5"}}]}]; No key value in MapLike[{"type":"minecraft:loot_table","name":"beautify:blocks/jungle_lilac_trellis","conditions":[{"condition":"minecraft:block_state_property","block":"beautify:jungle_trellis","properties":{"flowers":"4"}}]}]; No key value in MapLike[{"type":"minecraft:loot_table","name":"beautify:blocks/jungle_peony_trellis","conditions":[{"condition":"minecraft:block_state_property","block":"beautify:jungle_trellis","properties":{"flowers":"3"}}]}]; No key value in MapLike[{"type":"minecraft:loot_table","name":"beautify:blocks/jungle_sunflower_trellis","conditions":[{"condition":"minecraft:block_state_property","block":"beautify:jungle_trellis","properties":{"flowers":"2"}}]}]; No key value in MapLike[{"type":"minecraft:loot_table","name":"beautify:blocks/jungle_rose_trellis","conditions":[{"condition":"minecraft:block_state_property","block":"beautify:jungle_trellis","properties":{"flowers":"1"}}]}]
[25Dec2025 17:14:54.712] [Worker-Main-18/ERROR] [net.minecraft.world.level.storage.loot.LootDataType/]: Couldn't parse element ResourceKey[minecraft:root / minecraft:loot_table]:beautify:blocks/acacia_trellis - No key value in MapLike[{"type":"minecraft:loot_table","name":"beautify:blocks/acacia_lichen_trellis","conditions":[{"condition":"minecraft:block_state_property","block":"beautify:acacia_trellis","properties":{"flowers":"8"}}]}]; No key value in MapLike[{"type":"minecraft:loot_table","name":"beautify:blocks/acacia_twisting_vines_trellis","conditions":[{"condition":"minecraft:block_state_property","block":"beautify:acacia_trellis","properties":{"flowers":"7"}}]}]; No key value in MapLike[{"type":"minecraft:loot_table","name":"beautify:blocks/acacia_weeping_vines_trellis","conditions":[{"condition":"minecraft:block_state_property","block":"beautify:acacia_trellis","properties":{"flowers":"6"}}]}]; No key value in MapLike[{"type":"minecraft:loot_table","name":"beautify:blocks/acacia_vine_trellis","conditions":[{"condition":"minecraft:block_state_property","block":"beautify:acacia_trellis","properties":{"flowers":"5"}}]}]; No key value in MapLike[{"type":"minecraft:loot_table","name":"beautify:blocks/acacia_lilac_trellis","conditions":[{"condition":"minecraft:block_state_property","block":"beautify:acacia_trellis","properties":{"flowers":"4"}}]}]; No key value in MapLike[{"type":"minecraft:loot_table","name":"beautify:blocks/acacia_peony_trellis","conditions":[{"condition":"minecraft:block_state_property","block":"beautify:acacia_trellis","properties":{"flowers":"3"}}]}]; No key value in MapLike[{"type":"minecraft:loot_table","name":"beautify:blocks/acacia_sunflower_trellis","conditions":[{"condition":"minecraft:block_state_property","block":"beautify:acacia_trellis","properties":{"flowers":"2"}}]}]; No key value in MapLike[{"type":"minecraft:loot_table","name":"beautify:blocks/acacia_rose_trellis","conditions":[{"condition":"minecraft:block_state_property","block":"beautify:acacia_trellis","properties":{"flowers":"1"}}]}]
[25Dec2025 17:14:54.721] [Worker-Main-18/ERROR] [net.minecraft.world.level.storage.loot.LootDataType/]: Couldn't parse element ResourceKey[minecraft:root / minecraft:loot_table]:beautify:blocks/lamp_jar - No key value in MapLike[{"type":"minecraft:loot_table","name":"beautify:blocks/lamp_jar3","conditions":[{"condition":"minecraft:block_state_property","block":"beautify:lamp_jar","properties":{"fill_level":"15"}}]}]; No key value in MapLike[{"type":"minecraft:loot_table","name":"beautify:blocks/lamp_jar2","conditions":[{"condition":"minecraft:block_state_property","block":"beautify:lamp_jar","properties":{"fill_level":"10"}}]}]; No key value in MapLike[{"type":"minecraft:loot_table","name":"beautify:blocks/lamp_jar1","conditions":[{"condition":"minecraft:block_state_property","block":"beautify:lamp_jar","properties":{"fill_level":"5"}}]}]
[25Dec2025 17:14:54.725] [Worker-Main-18/ERROR] [net.minecraft.world.level.storage.loot.LootDataType/]: Couldn't parse element ResourceKey[minecraft:root / minecraft:loot_table]:beautify:blocks/mangrove_trellis - No key value in MapLike[{"type":"minecraft:loot_table","name":"beautify:blocks/mangrove_lichen_trellis","conditions":[{"condition":"minecraft:block_state_property","block":"beautify:mangrove_trellis","properties":{"flowers":"8"}}]}]; No key value in MapLike[{"type":"minecraft:loot_table","name":"beautify:blocks/mangrove_twisting_vines_trellis","conditions":[{"condition":"minecraft:block_state_property","block":"beautify:mangrove_trellis","properties":{"flowers":"7"}}]}]; No key value in MapLike[{"type":"minecraft:loot_table","name":"beautify:blocks/mangrove_weeping_vines_trellis","conditions":[{"condition":"minecraft:block_state_property","block":"beautify:mangrove_trellis","properties":{"flowers":"6"}}]}]; No key value in MapLike[{"type":"minecraft:loot_table","name":"beautify:blocks/mangrove_vine_trellis","conditions":[{"condition":"minecraft:block_state_property","block":"beautify:mangrove_trellis","properties":{"flowers":"5"}}]}]; No key value in MapLike[{"type":"minecraft:loot_table","name":"beautify:blocks/mangrove_lilac_trellis","conditions":[{"condition":"minecraft:block_state_property","block":"beautify:mangrove_trellis","properties":{"flowers":"4"}}]}]; No key value in MapLike[{"type":"minecraft:loot_table","name":"beautify:blocks/mangrove_peony_trellis","conditions":[{"condition":"minecraft:block_state_property","block":"beautify:mangrove_trellis","properties":{"flowers":"3"}}]}]; No key value in MapLike[{"type":"minecraft:loot_table","name":"beautify:blocks/mangrove_sunflower_trellis","conditions":[{"condition":"minecraft:block_state_property","block":"beautify:mangrove_trellis","properties":{"flowers":"2"}}]}]; No key value in MapLike[{"type":"minecraft:loot_table","name":"beautify:blocks/mangrove_rose_trellis","conditions":[{"condition":"minecraft:block_state_property","block":"beautify:mangrove_trellis","properties":{"flowers":"1"}}]}]
[25Dec2025 17:14:54.738] [Worker-Main-18/ERROR] [net.minecraft.world.level.storage.loot.LootDataType/]: Couldn't parse element ResourceKey[minecraft:root / minecraft:loot_table]:beautify:blocks/spruce_trellis - No key value in MapLike[{"type":"minecraft:loot_table","name":"beautify:blocks/spruce_lichen_trellis","conditions":[{"condition":"minecraft:block_state_property","block":"beautify:spruce_trellis","properties":{"flowers":"8"}}]}]; No key value in MapLike[{"type":"minecraft:loot_table","name":"beautify:blocks/spruce_twisting_vines_trellis","conditions":[{"condition":"minecraft:block_state_property","block":"beautify:spruce_trellis","properties":{"flowers":"7"}}]}]; No key value in MapLike[{"type":"minecraft:loot_table","name":"beautify:blocks/spruce_weeping_vines_trellis","conditions":[{"condition":"minecraft:block_state_property","block":"beautify:spruce_trellis","properties":{"flowers":"6"}}]}]; No key value in MapLike[{"type":"minecraft:loot_table","name":"beautify:blocks/spruce_vine_trellis","conditions":[{"condition":"minecraft:block_state_property","block":"beautify:spruce_trellis","properties":{"flowers":"5"}}]}]; No key value in MapLike[{"type":"minecraft:loot_table","name":"beautify:blocks/spruce_lilac_trellis","conditions":[{"condition":"minecraft:block_state_property","block":"beautify:spruce_trellis","properties":{"flowers":"4"}}]}]; No key value in MapLike[{"type":"minecraft:loot_table","name":"beautify:blocks/spruce_peony_trellis","conditions":[{"condition":"minecraft:block_state_property","block":"beautify:spruce_trellis","properties":{"flowers":"3"}}]}]; No key value in MapLike[{"type":"minecraft:loot_table","name":"beautify:blocks/spruce_sunflower_trellis","conditions":[{"condition":"minecraft:block_state_property","block":"beautify:spruce_trellis","properties":{"flowers":"2"}}]}]; No key value in MapLike[{"type":"minecraft:loot_table","name":"beautify:blocks/spruce_rose_trellis","conditions":[{"condition":"minecraft:block_state_property","block":"beautify:spruce_trellis","properties":{"flowers":"1"}}]}]
[25Dec2025 17:14:54.745] [Worker-Main-18/ERROR] [net.minecraft.world.level.storage.loot.LootDataType/]: Couldn't parse element ResourceKey[minecraft:root / minecraft:loot_table]:beautify:blocks/hanging_pot - No key value in MapLike[{"type":"minecraft:loot_table","name":"beautify:blocks/fern_pot","conditions":[{"condition":"minecraft:block_state_property","block":"beautify:hanging_pot","properties":{"potflower":"25"}}]}]; No key value in MapLike[{"type":"minecraft:loot_table","name":"beautify:blocks/grass_pot","conditions":[{"condition":"minecraft:block_state_property","block":"beautify:hanging_pot","properties":{"potflower":"24"}}]}]; No key value in MapLike[{"type":"minecraft:loot_table","name":"beautify:blocks/berry_pot","conditions":[{"condition":"minecraft:block_state_property","block":"beautify:hanging_pot","properties":{"potflower":"23"}}]}]; No key value in MapLike[{"type":"minecraft:loot_table","name":"beautify:blocks/glowberry_pot","conditions":[{"condition":"minecraft:block_state_property","block":"beautify:hanging_pot","properties":{"potflower":"22"}}]}]; No key value in MapLike[{"type":"minecraft:loot_table","name":"beautify:blocks/wither_rose_pot","conditions":[{"condition":"minecraft:block_state_property","block":"beautify:hanging_pot","properties":{"potflower":"21"}}]}]; No key value in MapLike[{"type":"minecraft:loot_table","name":"beautify:blocks/twisting_vines_pot","conditions":[{"condition":"minecraft:block_state_property","block":"beautify:hanging_pot","properties":{"potflower":"20"}}]}]; No key value in MapLike[{"type":"minecraft:loot_table","name":"beautify:blocks/weeping_vines_pot","conditions":[{"condition":"minecraft:block_state_property","block":"beautify:hanging_pot","properties":{"potflower":"19"}}]}]; No key value in MapLike[{"type":"minecraft:loot_table","name":"beautify:blocks/cornflower_pot","conditions":[{"condition":"minecraft:block_state_property","block":"beautify:hanging_pot","properties":{"potflower":"18"}}]}]; No key value in MapLike[{"type":"minecraft:loot_table","name":"beautify:blocks/lily_pot","conditions":[{"condition":"minecraft:block_state_property","block":"beautify:hanging_pot","properties":{"potflower":"17"}}]}]; No key value in MapLike[{"type":"minecraft:loot_table","name":"beautify:blocks/oxeye_daisy_pot","conditions":[{"condition":"minecraft:block_state_property","block":"beautify:hanging_pot","properties":{"potflower":"16"}}]}]; No key value in MapLike[{"type":"minecraft:loot_table","name":"beautify:blocks/glow_lichen_pot","conditions":[{"condition":"minecraft:block_state_property","block":"beautify:hanging_pot","properties":{"potflower":"15"}}]}]; No key value in MapLike[{"type":"minecraft:loot_table","name":"beautify:blocks/poppy_pot","conditions":[{"condition":"minecraft:block_state_property","block":"beautify:hanging_pot","properties":{"potflower":"14"}}]}]; No key value in MapLike[{"type":"minecraft:loot_table","name":"beautify:blocks/poppy_pot","conditions":[{"condition":"minecraft:block_state_property","block":"beautify:hanging_pot","properties":{"potflower":"14"}}]}]; No key value in MapLike[{"type":"minecraft:loot_table","name":"beautify:blocks/dandelion_pot","conditions":[{"condition":"minecraft:block_state_property","block":"beautify:hanging_pot","properties":{"potflower":"13"}}]}]; No key value in MapLike[{"type":"minecraft:loot_table","name":"beautify:blocks/allium_pot","conditions":[{"condition":"minecraft:block_state_property","block":"beautify:hanging_pot","properties":{"potflower":"12"}}]}]; No key value in MapLike[{"type":"minecraft:loot_table","name":"beautify:blocks/pink_tulip_pot","conditions":[{"condition":"minecraft:block_state_property","block":"beautify:hanging_pot","properties":{"potflower":"11"}}]}]; No key value in MapLike[{"type":"minecraft:loot_table","name":"beautify:blocks/white_tulip_pot","conditions":[{"condition":"minecraft:block_state_property","block":"beautify:hanging_pot","properties":{"potflower":"10"}}]}]; No key value in MapLike[{"type":"minecraft:loot_table","name":"beautify:blocks/orange_tulip_pot","conditions":[{"condition":"minecraft:block_state_property","block":"beautify:hanging_pot","properties":{"potflower":"9"}}]}]; No key value in MapLike[{"type":"minecraft:loot_table","name":"beautify:blocks/red_tulip_pot","conditions":[{"condition":"minecraft:block_state_property","block":"beautify:hanging_pot","properties":{"potflower":"8"}}]}]; No key value in MapLike[{"type":"minecraft:loot_table","name":"beautify:blocks/azure_bluet_pot","conditions":[{"condition":"minecraft:block_state_property","block":"beautify:hanging_pot","properties":{"potflower":"7"}}]}]; No key value in MapLike[{"type":"minecraft:loot_table","name":"beautify:blocks/peony_pot","conditions":[{"condition":"minecraft:block_state_property","block":"beautify:hanging_pot","properties":{"potflower":"6"}}]}]; No key value in MapLike[{"type":"minecraft:loot_table","name":"beautify:blocks/sunflower_pot","conditions":[{"condition":"minecraft:block_state_property","block":"beautify:hanging_pot","properties":{"potflower":"5"}}]}]; No key value in MapLike[{"type":"minecraft:loot_table","name":"beautify:blocks/vines_pot","conditions":[{"condition":"minecraft:block_state_property","block":"beautify:hanging_pot","properties":{"potflower":"4"}}]}]; No key value in MapLike[{"type":"minecraft:loot_table","name":"beautify:blocks/orchid_pot","conditions":[{"condition":"minecraft:block_state_property","block":"beautify:hanging_pot","properties":{"potflower":"3"}}]}]; No key value in MapLike[{"type":"minecraft:loot_table","name":"beautify:blocks/lilac_pot","conditions":[{"condition":"minecraft:block_state_property","block":"beautify:hanging_pot","properties":{"potflower":"2"}}]}]; No key value in MapLike[{"type":"minecraft:loot_table","name":"beautify:blocks/rose_pot","conditions":[{"condition":"minecraft:block_state_property","block":"beautify:hanging_pot","properties":{"potflower":"1"}}]}]
[25Dec2025 17:14:54.899] [Worker-Main-18/INFO] [AE2:C/]: Scanning class appeng.server.testplots.AutoCraftingTestPlots for plots
[25Dec2025 17:14:54.900] [Worker-Main-18/INFO] [AE2:C/]: Scanning class appeng.server.testplots.SpawnExtraGridTestTools for plots
[25Dec2025 17:14:54.900] [Worker-Main-18/INFO] [AE2:C/]: Scanning class appeng.server.testplots.PatternProviderPlots for plots
[25Dec2025 17:14:54.900] [Worker-Main-18/INFO] [AE2:C/]: Scanning class appeng.server.testplots.CrystalResonanceGeneratorTestPlots for plots
[25Dec2025 17:14:54.900] [Worker-Main-18/INFO] [AE2:C/]: Scanning class appeng.server.testplots.InterfaceTestPlots for plots
[25Dec2025 17:14:54.900] [Worker-Main-18/INFO] [AE2:C/]: Scanning class appeng.server.testplots.PatternProviderLockModePlots for plots
[25Dec2025 17:14:54.900] [Worker-Main-18/INFO] [AE2:C/]: Scanning class appeng.server.testplots.ItemP2PTestPlots for plots
[25Dec2025 17:14:54.900] [Worker-Main-18/INFO] [AE2:C/]: Scanning class appeng.server.testplots.InvalidPatternTestPlot for plots
[25Dec2025 17:14:54.900] [Worker-Main-18/INFO] [AE2:C/]: Scanning class appeng.server.testplots.MemoryCardTestPlots for plots
[25Dec2025 17:14:54.900] [Worker-Main-18/INFO] [AE2:C/]: Scanning class appeng.server.testplots.AnnihilationPlaneTests for plots
[25Dec2025 17:14:54.900] [Worker-Main-18/INFO] [AE2:C/]: Scanning class appeng.server.testplots.InscriberTestPlots for plots
[25Dec2025 17:14:54.903] [Worker-Main-18/INFO] [AE2:C/]: Scanning class appeng.server.testplots.GuidebookPlot for plots
[25Dec2025 17:14:54.903] [Worker-Main-18/INFO] [AE2:C/]: Scanning class appeng.server.testplots.SubnetPlots for plots
[25Dec2025 17:14:54.903] [Worker-Main-18/INFO] [AE2:C/]: Scanning class appeng.server.testplots.P2PTestPlots for plots
[25Dec2025 17:14:54.903] [Worker-Main-18/INFO] [AE2:C/]: Scanning class appeng.server.testplots.QnbTestPlots for plots
[25Dec2025 17:14:54.903] [Worker-Main-18/INFO] [AE2:C/]: Scanning class appeng.server.testplots.ExternalEnergyTestPlots for plots
[25Dec2025 17:14:54.903] [Worker-Main-18/INFO] [AE2:C/]: Scanning class appeng.server.testplots.ChannelTests for plots
[25Dec2025 17:14:54.903] [Worker-Main-18/INFO] [AE2:C/]: Scanning class appeng.server.testplots.TestPlots for plots
[25Dec2025 17:14:54.903] [Worker-Main-18/INFO] [AE2:C/]: Scanning class appeng.server.testplots.SpatialTestPlots for plots
[25Dec2025 17:14:54.903] [Worker-Main-18/INFO] [AE2:C/]: Scanning class de.mari_023.ae2wtlib.AE2wtlibTestPlots for plots
[25Dec2025 17:14:54.923] [Worker-Main-21/INFO] [Antique Atlas/]: Found structure piece config: minecraft:atlas/structures/village/desert/desert_lamp_1.json
[25Dec2025 17:14:54.923] [Worker-Main-21/INFO] [Antique Atlas/]: Found structure piece config: minecraft:atlas/structures/village/desert/houses/desert_animal_pen_1.json
[25Dec2025 17:14:54.923] [Worker-Main-21/INFO] [Antique Atlas/]: Found structure piece config: minecraft:atlas/structures/village/desert/houses/desert_animal_pen_2.json
[25Dec2025 17:14:54.923] [Worker-Main-21/INFO] [Antique Atlas/]: Found structure piece config: minecraft:atlas/structures/village/desert/houses/desert_armorer_1.json
[25Dec2025 17:14:54.923] [Worker-Main-21/INFO] [Antique Atlas/]: Found structure piece config: minecraft:atlas/structures/village/desert/houses/desert_butcher_shop_1.json
[25Dec2025 17:14:54.923] [Worker-Main-21/INFO] [Antique Atlas/]: Found structure piece config: minecraft:atlas/structures/village/desert/houses/desert_cartographer_house_1.json
[25Dec2025 17:14:54.923] [Worker-Main-21/INFO] [Antique Atlas/]: Found structure piece config: minecraft:atlas/structures/village/desert/houses/desert_farm_1.json
[25Dec2025 17:14:54.923] [Worker-Main-21/INFO] [Antique Atlas/]: Found structure piece config: minecraft:atlas/structures/village/desert/houses/desert_farm_2.json
[25Dec2025 17:14:54.923] [Worker-Main-21/INFO] [Antique Atlas/]: Found structure piece config: minecraft:atlas/structures/village/desert/houses/desert_fisher_1.json
[25Dec2025 17:14:54.923] [Worker-Main-21/INFO] [Antique Atlas/]: Found structure piece config: minecraft:atlas/structures/village/desert/houses/desert_fletcher_house_1.json
[25Dec2025 17:14:54.923] [Worker-Main-21/INFO] [Antique Atlas/]: Found structure piece config: minecraft:atlas/structures/village/desert/houses/desert_large_farm_1.json
[25Dec2025 17:14:54.923] [Worker-Main-21/INFO] [Antique Atlas/]: Found structure piece config: minecraft:atlas/structures/village/desert/houses/desert_library_1.json
[25Dec2025 17:14:54.923] [Worker-Main-21/INFO] [Antique Atlas/]: Found structure piece config: minecraft:atlas/structures/village/desert/houses/desert_mason_1.json
[25Dec2025 17:14:54.923] [Worker-Main-21/INFO] [Antique Atlas/]: Found structure piece config: minecraft:atlas/structures/village/desert/houses/desert_medium_house_1.json
[25Dec2025 17:14:54.923] [Worker-Main-21/INFO] [Antique Atlas/]: Found structure piece config: minecraft:atlas/structures/village/desert/houses/desert_medium_house_2.json
[25Dec2025 17:14:54.923] [Worker-Main-21/INFO] [Antique Atlas/]: Found structure piece config: minecraft:atlas/structures/village/desert/houses/desert_shepherd_house_1.json
[25Dec2025 17:14:54.923] [Worker-Main-21/INFO] [Antique Atlas/]: Found structure piece config: minecraft:atlas/structures/village/desert/houses/desert_small_house_1.json
[25Dec2025 17:14:54.923] [Worker-Main-21/INFO] [Antique Atlas/]: Found structure piece config: minecraft:atlas/structures/village/desert/houses/desert_small_house_2.json
[25Dec2025 17:14:54.923] [Worker-Main-21/INFO] [Antique Atlas/]: Found structure piece config: minecraft:atlas/structures/village/desert/houses/desert_small_house_3.json
[25Dec2025 17:14:54.923] [Worker-Main-21/INFO] [Antique Atlas/]: Found structure piece config: minecraft:atlas/structures/village/desert/houses/desert_small_house_4.json
[25Dec2025 17:14:54.923] [Worker-Main-21/INFO] [Antique Atlas/]: Found structure piece config: minecraft:atlas/structures/village/desert/houses/desert_small_house_5.json
[25Dec2025 17:14:54.923] [Worker-Main-21/INFO] [Antique Atlas/]: Found structure piece config: minecraft:atlas/structures/village/desert/houses/desert_small_house_6.json
[25Dec2025 17:14:54.923] [Worker-Main-21/INFO] [Antique Atlas/]: Found structure piece config: minecraft:atlas/structures/village/desert/houses/desert_small_house_7.json
[25Dec2025 17:14:54.923] [Worker-Main-21/INFO] [Antique Atlas/]: Found structure piece config: minecraft:atlas/structures/village/desert/houses/desert_small_house_8.json
[25Dec2025 17:14:54.923] [Worker-Main-21/INFO] [Antique Atlas/]: Found structure piece config: minecraft:atlas/structures/village/desert/houses/desert_tannery_1.json
[25Dec2025 17:14:54.923] [Worker-Main-21/INFO] [Antique Atlas/]: Found structure piece config: minecraft:atlas/structures/village/desert/houses/desert_temple_1.json
[25Dec2025 17:14:54.923] [Worker-Main-21/INFO] [Antique Atlas/]: Found structure piece config: minecraft:atlas/structures/village/desert/houses/desert_temple_2.json
[25Dec2025 17:14:54.923] [Worker-Main-21/INFO] [Antique Atlas/]: Found structure piece config: minecraft:atlas/structures/village/desert/houses/desert_tool_smith_1.json
[25Dec2025 17:14:54.923] [Worker-Main-21/INFO] [Antique Atlas/]: Found structure piece config: minecraft:atlas/structures/village/desert/houses/desert_weaponsmith_1.json
[25Dec2025 17:14:54.923] [Worker-Main-21/INFO] [Antique Atlas/]: Found structure piece config: minecraft:atlas/structures/village/desert/streets/corner_01.json
[25Dec2025 17:14:54.923] [Worker-Main-21/INFO] [Antique Atlas/]: Found structure piece config: minecraft:atlas/structures/village/desert/streets/corner_02.json
[25Dec2025 17:14:54.923] [Worker-Main-21/INFO] [Antique Atlas/]: Found structure piece config: minecraft:atlas/structures/village/desert/streets/crossroad_01.json
[25Dec2025 17:14:54.923] [Worker-Main-21/INFO] [Antique Atlas/]: Found structure piece config: minecraft:atlas/structures/village/desert/streets/crossroad_02.json
[25Dec2025 17:14:54.924] [Worker-Main-21/INFO] [Antique Atlas/]: Found structure piece config: minecraft:atlas/structures/village/desert/streets/crossroad_03.json
[25Dec2025 17:14:54.924] [Worker-Main-21/INFO] [Antique Atlas/]: Found structure piece config: minecraft:atlas/structures/village/desert/streets/square_01.json
[25Dec2025 17:14:54.924] [Worker-Main-21/INFO] [Antique Atlas/]: Found structure piece config: minecraft:atlas/structures/village/desert/streets/square_02.json
[25Dec2025 17:14:54.924] [Worker-Main-21/INFO] [Antique Atlas/]: Found structure piece config: minecraft:atlas/structures/village/desert/streets/straight_01.json
[25Dec2025 17:14:54.924] [Worker-Main-21/INFO] [Antique Atlas/]: Found structure piece config: minecraft:atlas/structures/village/desert/streets/straight_02.json
[25Dec2025 17:14:54.924] [Worker-Main-21/INFO] [Antique Atlas/]: Found structure piece config: minecraft:atlas/structures/village/desert/streets/straight_03.json
[25Dec2025 17:14:54.924] [Worker-Main-21/INFO] [Antique Atlas/]: Found structure piece config: minecraft:atlas/structures/village/desert/streets/turn_01.json
[25Dec2025 17:14:54.924] [Worker-Main-21/INFO] [Antique Atlas/]: Found structure piece config: minecraft:atlas/structures/village/desert/town_centers/desert_meeting_point_1.json
[25Dec2025 17:14:54.924] [Worker-Main-21/INFO] [Antique Atlas/]: Found structure piece config: minecraft:atlas/structures/village/desert/town_centers/desert_meeting_point_2.json
[25Dec2025 17:14:54.924] [Worker-Main-21/INFO] [Antique Atlas/]: Found structure piece config: minecraft:atlas/structures/village/desert/town_centers/desert_meeting_point_3.json
[25Dec2025 17:14:54.924] [Worker-Main-21/INFO] [Antique Atlas/]: Found structure piece config: minecraft:atlas/structures/village/desert/zombie/houses/desert_medium_house_1.json
[25Dec2025 17:14:54.924] [Worker-Main-21/INFO] [Antique Atlas/]: Found structure piece config: minecraft:atlas/structures/village/desert/zombie/houses/desert_medium_house_2.json
[25Dec2025 17:14:54.924] [Worker-Main-21/INFO] [Antique Atlas/]: Found structure piece config: minecraft:atlas/structures/village/desert/zombie/houses/desert_small_house_1.json
[25Dec2025 17:14:54.924] [Worker-Main-21/INFO] [Antique Atlas/]: Found structure piece config: minecraft:atlas/structures/village/desert/zombie/houses/desert_small_house_2.json
[25Dec2025 17:14:54.924] [Worker-Main-21/INFO] [Antique Atlas/]: Found structure piece config: minecraft:atlas/structures/village/desert/zombie/houses/desert_small_house_3.json
[25Dec2025 17:14:54.924] [Worker-Main-21/INFO] [Antique Atlas/]: Found structure piece config: minecraft:atlas/structures/village/desert/zombie/houses/desert_small_house_4.json
[25Dec2025 17:14:54.924] [Worker-Main-21/INFO] [Antique Atlas/]: Found structure piece config: minecraft:atlas/structures/village/desert/zombie/houses/desert_small_house_5.json
[25Dec2025 17:14:54.924] [Worker-Main-21/INFO] [Antique Atlas/]: Found structure piece config: minecraft:atlas/structures/village/desert/zombie/houses/desert_small_house_6.json
[25Dec2025 17:14:54.924] [Worker-Main-21/INFO] [Antique Atlas/]: Found structure piece config: minecraft:atlas/structures/village/desert/zombie/houses/desert_small_house_7.json
[25Dec2025 17:14:54.924] [Worker-Main-21/INFO] [Antique Atlas/]: Found structure piece config: minecraft:atlas/structures/village/desert/zombie/houses/desert_small_house_8.json
[25Dec2025 17:14:54.924] [Worker-Main-21/INFO] [Antique Atlas/]: Found structure piece config: minecraft:atlas/structures/village/desert/zombie/streets/corner_01.json
[25Dec2025 17:14:54.924] [Worker-Main-21/INFO] [Antique Atlas/]: Found structure piece config: minecraft:atlas/structures/village/desert/zombie/streets/corner_02.json
[25Dec2025 17:14:54.924] [Worker-Main-21/INFO] [Antique Atlas/]: Found structure piece config: minecraft:atlas/structures/village/desert/zombie/streets/crossroad_01.json
[25Dec2025 17:14:54.924] [Worker-Main-21/INFO] [Antique Atlas/]: Found structure piece config: minecraft:atlas/structures/village/desert/zombie/streets/crossroad_02.json
[25Dec2025 17:14:54.924] [Worker-Main-21/INFO] [Antique Atlas/]: Found structure piece config: minecraft:atlas/structures/village/desert/zombie/streets/crossroad_03.json
[25Dec2025 17:14:54.924] [Worker-Main-21/INFO] [Antique Atlas/]: Found structure piece config: minecraft:atlas/structures/village/desert/zombie/streets/square_01.json
[25Dec2025 17:14:54.924] [Worker-Main-21/INFO] [Antique Atlas/]: Found structure piece config: minecraft:atlas/structures/village/desert/zombie/streets/square_02.json
[25Dec2025 17:14:54.924] [Worker-Main-21/INFO] [Antique Atlas/]: Found structure piece config: minecraft:atlas/structures/village/desert/zombie/streets/straight_01.json
[25Dec2025 17:14:54.924] [Worker-Main-21/INFO] [Antique Atlas/]: Found structure piece config: minecraft:atlas/structures/village/desert/zombie/streets/straight_02.json
[25Dec2025 17:14:54.924] [Worker-Main-21/INFO] [Antique Atlas/]: Found structure piece config: minecraft:atlas/structures/village/desert/zombie/streets/straight_03.json
[25Dec2025 17:14:54.924] [Worker-Main-21/INFO] [Antique Atlas/]: Found structure piece config: minecraft:atlas/structures/village/desert/zombie/streets/turn_01.json
[25Dec2025 17:14:54.924] [Worker-Main-21/INFO] [Antique Atlas/]: Found structure piece config: minecraft:atlas/structures/village/desert/zombie/town_centers/desert_meeting_point_1.json
[25Dec2025 17:14:54.924] [Worker-Main-21/INFO] [Antique Atlas/]: Found structure piece config: minecraft:atlas/structures/village/desert/zombie/town_centers/desert_meeting_point_2.json
[25Dec2025 17:14:54.924] [Worker-Main-21/INFO] [Antique Atlas/]: Found structure piece config: minecraft:atlas/structures/village/desert/zombie/town_centers/desert_meeting_point_3.json
[25Dec2025 17:14:54.924] [Worker-Main-21/INFO] [Antique Atlas/]: Found structure piece config: minecraft:atlas/structures/village/plains/houses/plains_accessory_1.json
[25Dec2025 17:14:54.924] [Worker-Main-21/INFO] [Antique Atlas/]: Found structure piece config: minecraft:atlas/structures/village/plains/houses/plains_animal_pen_1.json
[25Dec2025 17:14:54.924] [Worker-Main-21/INFO] [Antique Atlas/]: Found structure piece config: minecraft:atlas/structures/village/plains/houses/plains_animal_pen_2.json
[25Dec2025 17:14:54.924] [Worker-Main-21/INFO] [Antique Atlas/]: Found structure piece config: minecraft:atlas/structures/village/plains/houses/plains_animal_pen_3.json
[25Dec2025 17:14:54.924] [Worker-Main-21/INFO] [Antique Atlas/]: Found structure piece config: minecraft:atlas/structures/village/plains/houses/plains_armorer_house_1.json
[25Dec2025 17:14:54.924] [Worker-Main-21/INFO] [Antique Atlas/]: Found structure piece config: minecraft:atlas/structures/village/plains/houses/plains_big_house_1.json
[25Dec2025 17:14:54.924] [Worker-Main-21/INFO] [Antique Atlas/]: Found structure piece config: minecraft:atlas/structures/village/plains/houses/plains_butcher_shop_1.json
[25Dec2025 17:14:54.924] [Worker-Main-21/INFO] [Antique Atlas/]: Found structure piece config: minecraft:atlas/structures/village/plains/houses/plains_butcher_shop_2.json
[25Dec2025 17:14:54.924] [Worker-Main-21/INFO] [Antique Atlas/]: Found structure piece config: minecraft:atlas/structures/village/plains/houses/plains_cartographer_1.json
[25Dec2025 17:14:54.924] [Worker-Main-21/INFO] [Antique Atlas/]: Found structure piece config: minecraft:atlas/structures/village/plains/houses/plains_fisher_cottage_1.json
[25Dec2025 17:14:54.924] [Worker-Main-21/INFO] [Antique Atlas/]: Found structure piece config: minecraft:atlas/structures/village/plains/houses/plains_fletcher_house_1.json
[25Dec2025 17:14:54.924] [Worker-Main-21/INFO] [Antique Atlas/]: Found structure piece config: minecraft:atlas/structures/village/plains/houses/plains_large_farm_1.json
[25Dec2025 17:14:54.924] [Worker-Main-21/INFO] [Antique Atlas/]: Found structure piece config: minecraft:atlas/structures/village/plains/houses/plains_library_1.json
[25Dec2025 17:14:54.925] [Worker-Main-21/INFO] [Antique Atlas/]: Found structure piece config: minecraft:atlas/structures/village/plains/houses/plains_library_2.json
[25Dec2025 17:14:54.925] [Worker-Main-21/INFO] [Antique Atlas/]: Found structure piece config: minecraft:atlas/structures/village/plains/houses/plains_masons_house_1.json
[25Dec2025 17:14:54.925] [Worker-Main-21/INFO] [Antique Atlas/]: Found structure piece config: minecraft:atlas/structures/village/plains/houses/plains_medium_house_1.json
[25Dec2025 17:14:54.925] [Worker-Main-21/INFO] [Antique Atlas/]: Found structure piece config: minecraft:atlas/structures/village/plains/houses/plains_medium_house_2.json
[25Dec2025 17:14:54.925] [Worker-Main-21/INFO] [Antique Atlas/]: Found structure piece config: minecraft:atlas/structures/village/plains/houses/plains_meeting_point_4.json
[25Dec2025 17:14:54.925] [Worker-Main-21/INFO] [Antique Atlas/]: Found structure piece config: minecraft:atlas/structures/village/plains/houses/plains_meeting_point_5.json
[25Dec2025 17:14:54.925] [Worker-Main-21/INFO] [Antique Atlas/]: Found structure piece config: minecraft:atlas/structures/village/plains/houses/plains_shepherds_house_1.json
[25Dec2025 17:14:54.925] [Worker-Main-21/INFO] [Antique Atlas/]: Found structure piece config: minecraft:atlas/structures/village/plains/houses/plains_small_farm_1.json
[25Dec2025 17:14:54.925] [Worker-Main-21/INFO] [Antique Atlas/]: Found structure piece config: minecraft:atlas/structures/village/plains/houses/plains_small_house_1.json
[25Dec2025 17:14:54.925] [Worker-Main-21/INFO] [Antique Atlas/]: Found structure piece config: minecraft:atlas/structures/village/plains/houses/plains_small_house_2.json
[25Dec2025 17:14:54.925] [Worker-Main-21/INFO] [Antique Atlas/]: Found structure piece config: minecraft:atlas/structures/village/plains/houses/plains_small_house_3.json
[25Dec2025 17:14:54.925] [Worker-Main-21/INFO] [Antique Atlas/]: Found structure piece config: minecraft:atlas/structures/village/plains/houses/plains_small_house_4.json
[25Dec2025 17:14:54.925] [Worker-Main-21/INFO] [Antique Atlas/]: Found structure piece config: minecraft:atlas/structures/village/plains/houses/plains_small_house_5.json
[25Dec2025 17:14:54.925] [Worker-Main-21/INFO] [Antique Atlas/]: Found structure piece config: minecraft:atlas/structures/village/plains/houses/plains_small_house_6.json
[25Dec2025 17:14:54.925] [Worker-Main-21/INFO] [Antique Atlas/]: Found structure piece config: minecraft:atlas/structures/village/plains/houses/plains_small_house_7.json
[25Dec2025 17:14:54.925] [Worker-Main-21/INFO] [Antique Atlas/]: Found structure piece config: minecraft:atlas/structures/village/plains/houses/plains_small_house_8.json
[25Dec2025 17:14:54.925] [Worker-Main-21/INFO] [Antique Atlas/]: Found structure piece config: minecraft:atlas/structures/village/plains/houses/plains_stable_1.json
[25Dec2025 17:14:54.925] [Worker-Main-21/INFO] [Antique Atlas/]: Found structure piece config: minecraft:atlas/structures/village/plains/houses/plains_stable_2.json
[25Dec2025 17:14:54.925] [Worker-Main-21/INFO] [Antique Atlas/]: Found structure piece config: minecraft:atlas/structures/village/plains/houses/plains_tannery_1.json
[25Dec2025 17:14:54.925] [Worker-Main-21/INFO] [Antique Atlas/]: Found structure piece config: minecraft:atlas/structures/village/plains/houses/plains_temple_3.json
[25Dec2025 17:14:54.925] [Worker-Main-21/INFO] [Antique Atlas/]: Found structure piece config: minecraft:atlas/structures/village/plains/houses/plains_temple_4.json
[25Dec2025 17:14:54.925] [Worker-Main-21/INFO] [Antique Atlas/]: Found structure piece config: minecraft:atlas/structures/village/plains/houses/plains_tool_smith_1.json
[25Dec2025 17:14:54.925] [Worker-Main-21/INFO] [Antique Atlas/]: Found structure piece config: minecraft:atlas/structures/village/plains/houses/plains_weaponsmith_1.json
[25Dec2025 17:14:54.925] [Worker-Main-21/INFO] [Antique Atlas/]: Found structure piece config: minecraft:atlas/structures/village/plains/plains_lamp_1.json
[25Dec2025 17:14:54.925] [Worker-Main-21/INFO] [Antique Atlas/]: Found structure piece config: minecraft:atlas/structures/village/plains/streets/corner_01.json
[25Dec2025 17:14:54.925] [Worker-Main-21/INFO] [Antique Atlas/]: Found structure piece config: minecraft:atlas/structures/village/plains/streets/corner_02.json
[25Dec2025 17:14:54.925] [Worker-Main-21/INFO] [Antique Atlas/]: Found structure piece config: minecraft:atlas/structures/village/plains/streets/corner_03.json
[25Dec2025 17:14:54.925] [Worker-Main-21/INFO] [Antique Atlas/]: Found structure piece config: minecraft:atlas/structures/village/plains/streets/crossroad_01.json
[25Dec2025 17:14:54.925] [Worker-Main-21/INFO] [Antique Atlas/]: Found structure piece config: minecraft:atlas/structures/village/plains/streets/crossroad_02.json
[25Dec2025 17:14:54.925] [Worker-Main-21/INFO] [Antique Atlas/]: Found structure piece config: minecraft:atlas/structures/village/plains/streets/crossroad_03.json
[25Dec2025 17:14:54.925] [Worker-Main-21/INFO] [Antique Atlas/]: Found structure piece config: minecraft:atlas/structures/village/plains/streets/crossroad_04.json
[25Dec2025 17:14:54.925] [Worker-Main-21/INFO] [Antique Atlas/]: Found structure piece config: minecraft:atlas/structures/village/plains/streets/crossroad_05.json
[25Dec2025 17:14:54.925] [Worker-Main-21/INFO] [Antique Atlas/]: Found structure piece config: minecraft:atlas/structures/village/plains/streets/crossroad_06.json
[25Dec2025 17:14:54.925] [Worker-Main-21/INFO] [Antique Atlas/]: Found structure piece config: minecraft:atlas/structures/village/plains/streets/straight_01.json
[25Dec2025 17:14:54.925] [Worker-Main-21/INFO] [Antique Atlas/]: Found structure piece config: minecraft:atlas/structures/village/plains/streets/straight_02.json
[25Dec2025 17:14:54.925] [Worker-Main-21/INFO] [Antique Atlas/]: Found structure piece config: minecraft:atlas/structures/village/plains/streets/straight_03.json
[25Dec2025 17:14:54.925] [Worker-Main-21/INFO] [Antique Atlas/]: Found structure piece config: minecraft:atlas/structures/village/plains/streets/straight_04.json
[25Dec2025 17:14:54.925] [Worker-Main-21/INFO] [Antique Atlas/]: Found structure piece config: minecraft:atlas/structures/village/plains/streets/straight_05.json
[25Dec2025 17:14:54.925] [Worker-Main-21/INFO] [Antique Atlas/]: Found structure piece config: minecraft:atlas/structures/village/plains/streets/straight_06.json
[25Dec2025 17:14:54.925] [Worker-Main-21/INFO] [Antique Atlas/]: Found structure piece config: minecraft:atlas/structures/village/plains/streets/turn_01.json
[25Dec2025 17:14:54.925] [Worker-Main-21/INFO] [Antique Atlas/]: Found structure piece config: minecraft:atlas/structures/village/plains/town_centers/plains_fountain_01.json
[25Dec2025 17:14:54.925] [Worker-Main-21/INFO] [Antique Atlas/]: Found structure piece config: minecraft:atlas/structures/village/plains/town_centers/plains_meeting_point_1.json
[25Dec2025 17:14:54.925] [Worker-Main-21/INFO] [Antique Atlas/]: Found structure piece config: minecraft:atlas/structures/village/plains/town_centers/plains_meeting_point_2.json
[25Dec2025 17:14:54.925] [Worker-Main-21/INFO] [Antique Atlas/]: Found structure piece config: minecraft:atlas/structures/village/plains/town_centers/plains_meeting_point_3.json
[25Dec2025 17:14:54.925] [Worker-Main-21/INFO] [Antique Atlas/]: Found structure piece config: minecraft:atlas/structures/village/plains/zombie/houses/plains_animal_pen_3.json
[25Dec2025 17:14:54.926] [Worker-Main-21/INFO] [Antique Atlas/]: Found structure piece config: minecraft:atlas/structures/village/plains/zombie/houses/plains_big_house_1.json
[25Dec2025 17:14:54.926] [Worker-Main-21/INFO] [Antique Atlas/]: Found structure piece config: minecraft:atlas/structures/village/plains/zombie/houses/plains_butcher_shop_2.json
[25Dec2025 17:14:54.926] [Worker-Main-21/INFO] [Antique Atlas/]: Found structure piece config: minecraft:atlas/structures/village/plains/zombie/houses/plains_fletcher_house_1.json
[25Dec2025 17:14:54.926] [Worker-Main-21/INFO] [Antique Atlas/]: Found structure piece config: minecraft:atlas/structures/village/plains/zombie/houses/plains_medium_house_1.json
[25Dec2025 17:14:54.926] [Worker-Main-21/INFO] [Antique Atlas/]: Found structure piece config: minecraft:atlas/structures/village/plains/zombie/houses/plains_medium_house_2.json
[25Dec2025 17:14:54.926] [Worker-Main-21/INFO] [Antique Atlas/]: Found structure piece config: minecraft:atlas/structures/village/plains/zombie/houses/plains_meeting_point_4.json
[25Dec2025 17:14:54.926] [Worker-Main-21/INFO] [Antique Atlas/]: Found structure piece config: minecraft:atlas/structures/village/plains/zombie/houses/plains_meeting_point_5.json
[25Dec2025 17:14:54.926] [Worker-Main-21/INFO] [Antique Atlas/]: Found structure piece config: minecraft:atlas/structures/village/plains/zombie/houses/plains_shepherds_house_1.json
[25Dec2025 17:14:54.926] [Worker-Main-21/INFO] [Antique Atlas/]: Found structure piece config: minecraft:atlas/structures/village/plains/zombie/houses/plains_small_house_1.json
[25Dec2025 17:14:54.926] [Worker-Main-21/INFO] [Antique Atlas/]: Found structure piece config: minecraft:atlas/structures/village/plains/zombie/houses/plains_small_house_2.json
[25Dec2025 17:14:54.926] [Worker-Main-21/INFO] [Antique Atlas/]: Found structure piece config: minecraft:atlas/structures/village/plains/zombie/houses/plains_small_house_3.json
[25Dec2025 17:14:54.926] [Worker-Main-21/INFO] [Antique Atlas/]: Found structure piece config: minecraft:atlas/structures/village/plains/zombie/houses/plains_small_house_4.json
[25Dec2025 17:14:54.926] [Worker-Main-21/INFO] [Antique Atlas/]: Found structure piece config: minecraft:atlas/structures/village/plains/zombie/houses/plains_small_house_5.json
[25Dec2025 17:14:54.926] [Worker-Main-21/INFO] [Antique Atlas/]: Found structure piece config: minecraft:atlas/structures/village/plains/zombie/houses/plains_small_house_6.json
[25Dec2025 17:14:54.926] [Worker-Main-21/INFO] [Antique Atlas/]: Found structure piece config: minecraft:atlas/structures/village/plains/zombie/houses/plains_small_house_7.json
[25Dec2025 17:14:54.926] [Worker-Main-21/INFO] [Antique Atlas/]: Found structure piece config: minecraft:atlas/structures/village/plains/zombie/houses/plains_small_house_8.json
[25Dec2025 17:14:54.926] [Worker-Main-21/INFO] [Antique Atlas/]: Found structure piece config: minecraft:atlas/structures/village/plains/zombie/houses/plains_stable_1.json
[25Dec2025 17:14:54.926] [Worker-Main-21/INFO] [Antique Atlas/]: Found structure piece config: minecraft:atlas/structures/village/plains/zombie/streets/corner_01.json
[25Dec2025 17:14:54.926] [Worker-Main-21/INFO] [Antique Atlas/]: Found structure piece config: minecraft:atlas/structures/village/plains/zombie/streets/corner_02.json
[25Dec2025 17:14:54.926] [Worker-Main-21/INFO] [Antique Atlas/]: Found structure piece config: minecraft:atlas/structures/village/plains/zombie/streets/corner_03.json
[25Dec2025 17:14:54.926] [Worker-Main-21/INFO] [Antique Atlas/]: Found structure piece config: minecraft:atlas/structures/village/plains/zombie/streets/crossroad_01.json
[25Dec2025 17:14:54.926] [Worker-Main-21/INFO] [Antique Atlas/]: Found structure piece config: minecraft:atlas/structures/village/plains/zombie/streets/crossroad_02.json
[25Dec2025 17:14:54.926] [Worker-Main-21/INFO] [Antique Atlas/]: Found structure piece config: minecraft:atlas/structures/village/plains/zombie/streets/crossroad_03.json
[25Dec2025 17:14:54.926] [Worker-Main-21/INFO] [Antique Atlas/]: Found structure piece config: minecraft:atlas/structures/village/plains/zombie/streets/crossroad_04.json
[25Dec2025 17:14:54.926] [Worker-Main-21/INFO] [Antique Atlas/]: Found structure piece config: minecraft:atlas/structures/village/plains/zombie/streets/crossroad_05.json
[25Dec2025 17:14:54.926] [Worker-Main-21/INFO] [Antique Atlas/]: Found structure piece config: minecraft:atlas/structures/village/plains/zombie/streets/crossroad_06.json
[25Dec2025 17:14:54.926] [Worker-Main-21/INFO] [Antique Atlas/]: Found structure piece config: minecraft:atlas/structures/village/plains/zombie/streets/straight_01.json
[25Dec2025 17:14:54.926] [Worker-Main-21/INFO] [Antique Atlas/]: Found structure piece config: minecraft:atlas/structures/village/plains/zombie/streets/straight_02.json
[25Dec2025 17:14:54.926] [Worker-Main-21/INFO] [Antique Atlas/]: Found structure piece config: minecraft:atlas/structures/village/plains/zombie/streets/straight_03.json
[25Dec2025 17:14:54.926] [Worker-Main-21/INFO] [Antique Atlas/]: Found structure piece config: minecraft:atlas/structures/village/plains/zombie/streets/straight_04.json
[25Dec2025 17:14:54.926] [Worker-Main-21/INFO] [Antique Atlas/]: Found structure piece config: minecraft:atlas/structures/village/plains/zombie/streets/straight_05.json
[25Dec2025 17:14:54.926] [Worker-Main-21/INFO] [Antique Atlas/]: Found structure piece config: minecraft:atlas/structures/village/plains/zombie/streets/straight_06.json
[25Dec2025 17:14:54.926] [Worker-Main-21/INFO] [Antique Atlas/]: Found structure piece config: minecraft:atlas/structures/village/plains/zombie/streets/turn_01.json
[25Dec2025 17:14:54.926] [Worker-Main-21/INFO] [Antique Atlas/]: Found structure piece config: minecraft:atlas/structures/village/plains/zombie/town_centers/plains_fountain_01.json
[25Dec2025 17:14:54.926] [Worker-Main-21/INFO] [Antique Atlas/]: Found structure piece config: minecraft:atlas/structures/village/plains/zombie/town_centers/plains_meeting_point_1.json
[25Dec2025 17:14:54.926] [Worker-Main-21/INFO] [Antique Atlas/]: Found structure piece config: minecraft:atlas/structures/village/plains/zombie/town_centers/plains_meeting_point_2.json
[25Dec2025 17:14:54.926] [Worker-Main-21/INFO] [Antique Atlas/]: Found structure piece config: minecraft:atlas/structures/village/plains/zombie/town_centers/plains_meeting_point_3.json
[25Dec2025 17:14:54.926] [Worker-Main-21/INFO] [Antique Atlas/]: Found structure piece config: minecraft:atlas/structures/village/savanna/houses/savanna_animal_pen_1.json
[25Dec2025 17:14:54.926] [Worker-Main-21/INFO] [Antique Atlas/]: Found structure piece config: minecraft:atlas/structures/village/savanna/houses/savanna_animal_pen_2.json
[25Dec2025 17:14:54.926] [Worker-Main-21/INFO] [Antique Atlas/]: Found structure piece config: minecraft:atlas/structures/village/savanna/houses/savanna_animal_pen_3.json
[25Dec2025 17:14:54.926] [Worker-Main-21/INFO] [Antique Atlas/]: Found structure piece config: minecraft:atlas/structures/village/savanna/houses/savanna_armorer_1.json
[25Dec2025 17:14:54.926] [Worker-Main-21/INFO] [Antique Atlas/]: Found structure piece config: minecraft:atlas/structures/village/savanna/houses/savanna_butchers_shop_1.json
[25Dec2025 17:14:54.926] [Worker-Main-21/INFO] [Antique Atlas/]: Found structure piece config: minecraft:atlas/structures/village/savanna/houses/savanna_butchers_shop_2.json
[25Dec2025 17:14:54.926] [Worker-Main-21/INFO] [Antique Atlas/]: Found structure piece config: minecraft:atlas/structures/village/savanna/houses/savanna_cartographer_1.json
[25Dec2025 17:14:54.926] [Worker-Main-21/INFO] [Antique Atlas/]: Found structure piece config: minecraft:atlas/structures/village/savanna/houses/savanna_fisher_cottage_1.json
[25Dec2025 17:14:54.926] [Worker-Main-21/INFO] [Antique Atlas/]: Found structure piece config: minecraft:atlas/structures/village/savanna/houses/savanna_fletcher_house_1.json
[25Dec2025 17:14:54.926] [Worker-Main-21/INFO] [Antique Atlas/]: Found structure piece config: minecraft:atlas/structures/village/savanna/houses/savanna_large_farm_1.json
[25Dec2025 17:14:54.926] [Worker-Main-21/INFO] [Antique Atlas/]: Found structure piece config: minecraft:atlas/structures/village/savanna/houses/savanna_large_farm_2.json
[25Dec2025 17:14:54.926] [Worker-Main-21/INFO] [Antique Atlas/]: Found structure piece config: minecraft:atlas/structures/village/savanna/houses/savanna_library_1.json
[25Dec2025 17:14:54.927] [Worker-Main-21/INFO] [Antique Atlas/]: Found structure piece config: minecraft:atlas/structures/village/savanna/houses/savanna_mason_1.json
[25Dec2025 17:14:54.927] [Worker-Main-21/INFO] [Antique Atlas/]: Found structure piece config: minecraft:atlas/structures/village/savanna/houses/savanna_medium_house_1.json
[25Dec2025 17:14:54.927] [Worker-Main-21/INFO] [Antique Atlas/]: Found structure piece config: minecraft:atlas/structures/village/savanna/houses/savanna_medium_house_2.json
[25Dec2025 17:14:54.927] [Worker-Main-21/INFO] [Antique Atlas/]: Found structure piece config: minecraft:atlas/structures/village/savanna/houses/savanna_shepherd_1.json
[25Dec2025 17:14:54.927] [Worker-Main-21/INFO] [Antique Atlas/]: Found structure piece config: minecraft:atlas/structures/village/savanna/houses/savanna_small_farm.json
[25Dec2025 17:14:54.927] [Worker-Main-21/INFO] [Antique Atlas/]: Found structure piece config: minecraft:atlas/structures/village/savanna/houses/savanna_small_house_1.json
[25Dec2025 17:14:54.927] [Worker-Main-21/INFO] [Antique Atlas/]: Found structure piece config: minecraft:atlas/structures/village/savanna/houses/savanna_small_house_2.json
[25Dec2025 17:14:54.927] [Worker-Main-21/INFO] [Antique Atlas/]: Found structure piece config: minecraft:atlas/structures/village/savanna/houses/savanna_small_house_3.json
[25Dec2025 17:14:54.927] [Worker-Main-21/INFO] [Antique Atlas/]: Found structure piece config: minecraft:atlas/structures/village/savanna/houses/savanna_small_house_4.json
[25Dec2025 17:14:54.927] [Worker-Main-21/INFO] [Antique Atlas/]: Found structure piece config: minecraft:atlas/structures/village/savanna/houses/savanna_small_house_5.json
[25Dec2025 17:14:54.927] [Worker-Main-21/INFO] [Antique Atlas/]: Found structure piece config: minecraft:atlas/structures/village/savanna/houses/savanna_small_house_6.json
[25Dec2025 17:14:54.927] [Worker-Main-21/INFO] [Antique Atlas/]: Found structure piece config: minecraft:atlas/structures/village/savanna/houses/savanna_small_house_7.json
[25Dec2025 17:14:54.927] [Worker-Main-21/INFO] [Antique Atlas/]: Found structure piece config: minecraft:atlas/structures/village/savanna/houses/savanna_small_house_8.json
[25Dec2025 17:14:54.927] [Worker-Main-21/INFO] [Antique Atlas/]: Found structure piece config: minecraft:atlas/structures/village/savanna/houses/savanna_tannery_1.json
[25Dec2025 17:14:54.927] [Worker-Main-21/INFO] [Antique Atlas/]: Found structure piece config: minecraft:atlas/structures/village/savanna/houses/savanna_temple_1.json
[25Dec2025 17:14:54.927] [Worker-Main-21/INFO] [Antique Atlas/]: Found structure piece config: minecraft:atlas/structures/village/savanna/houses/savanna_temple_2.json
[25Dec2025 17:14:54.927] [Worker-Main-21/INFO] [Antique Atlas/]: Found structure piece config: minecraft:atlas/structures/village/savanna/houses/savanna_tool_smith_1.json
[25Dec2025 17:14:54.927] [Worker-Main-21/INFO] [Antique Atlas/]: Found structure piece config: minecraft:atlas/structures/village/savanna/houses/savanna_weaponsmith_1.json
[25Dec2025 17:14:54.927] [Worker-Main-21/INFO] [Antique Atlas/]: Found structure piece config: minecraft:atlas/structures/village/savanna/houses/savanna_weaponsmith_2.json
[25Dec2025 17:14:54.927] [Worker-Main-21/INFO] [Antique Atlas/]: Found structure piece config: minecraft:atlas/structures/village/savanna/savanna_lamp_post_01.json
[25Dec2025 17:14:54.927] [Worker-Main-21/INFO] [Antique Atlas/]: Found structure piece config: minecraft:atlas/structures/village/savanna/streets/corner_01.json
[25Dec2025 17:14:54.927] [Worker-Main-21/INFO] [Antique Atlas/]: Found structure piece config: minecraft:atlas/structures/village/savanna/streets/corner_03.json
[25Dec2025 17:14:54.927] [Worker-Main-21/INFO] [Antique Atlas/]: Found structure piece config: minecraft:atlas/structures/village/savanna/streets/crossroad_02.json
[25Dec2025 17:14:54.927] [Worker-Main-21/INFO] [Antique Atlas/]: Found structure piece config: minecraft:atlas/structures/village/savanna/streets/crossroad_03.json
[25Dec2025 17:14:54.927] [Worker-Main-21/INFO] [Antique Atlas/]: Found structure piece config: minecraft:atlas/structures/village/savanna/streets/crossroad_04.json
[25Dec2025 17:14:54.927] [Worker-Main-21/INFO] [Antique Atlas/]: Found structure piece config: minecraft:atlas/structures/village/savanna/streets/crossroad_05.json
[25Dec2025 17:14:54.927] [Worker-Main-21/INFO] [Antique Atlas/]: Found structure piece config: minecraft:atlas/structures/village/savanna/streets/crossroad_06.json
[25Dec2025 17:14:54.927] [Worker-Main-21/INFO] [Antique Atlas/]: Found structure piece config: minecraft:atlas/structures/village/savanna/streets/crossroad_07.json
[25Dec2025 17:14:54.927] [Worker-Main-21/INFO] [Antique Atlas/]: Found structure piece config: minecraft:atlas/structures/village/savanna/streets/split_01.json
[25Dec2025 17:14:54.927] [Worker-Main-21/INFO] [Antique Atlas/]: Found structure piece config: minecraft:atlas/structures/village/savanna/streets/split_02.json
[25Dec2025 17:14:54.927] [Worker-Main-21/INFO] [Antique Atlas/]: Found structure piece config: minecraft:atlas/structures/village/savanna/streets/straight_02.json
[25Dec2025 17:14:54.927] [Worker-Main-21/INFO] [Antique Atlas/]: Found structure piece config: minecraft:atlas/structures/village/savanna/streets/straight_04.json
[25Dec2025 17:14:54.927] [Worker-Main-21/INFO] [Antique Atlas/]: Found structure piece config: minecraft:atlas/structures/village/savanna/streets/straight_05.json
[25Dec2025 17:14:54.927] [Worker-Main-21/INFO] [Antique Atlas/]: Found structure piece config: minecraft:atlas/structures/village/savanna/streets/straight_06.json
[25Dec2025 17:14:54.927] [Worker-Main-21/INFO] [Antique Atlas/]: Found structure piece config: minecraft:atlas/structures/village/savanna/streets/straight_08.json
[25Dec2025 17:14:54.927] [Worker-Main-21/INFO] [Antique Atlas/]: Found structure piece config: minecraft:atlas/structures/village/savanna/streets/straight_09.json
[25Dec2025 17:14:54.928] [Worker-Main-21/INFO] [Antique Atlas/]: Found structure piece config: minecraft:atlas/structures/village/savanna/streets/straight_10.json
[25Dec2025 17:14:54.928] [Worker-Main-21/INFO] [Antique Atlas/]: Found structure piece config: minecraft:atlas/structures/village/savanna/streets/straight_11.json
[25Dec2025 17:14:54.928] [Worker-Main-21/INFO] [Antique Atlas/]: Found structure piece config: minecraft:atlas/structures/village/savanna/streets/turn_01.json
[25Dec2025 17:14:54.928] [Worker-Main-21/INFO] [Antique Atlas/]: Found structure piece config: minecraft:atlas/structures/village/savanna/town_centers/savanna_meeting_point_1.json
[25Dec2025 17:14:54.928] [Worker-Main-21/INFO] [Antique Atlas/]: Found structure piece config: minecraft:atlas/structures/village/savanna/town_centers/savanna_meeting_point_2.json
[25Dec2025 17:14:54.928] [Worker-Main-21/INFO] [Antique Atlas/]: Found structure piece config: minecraft:atlas/structures/village/savanna/town_centers/savanna_meeting_point_3.json
[25Dec2025 17:14:54.928] [Worker-Main-21/INFO] [Antique Atlas/]: Found structure piece config: minecraft:atlas/structures/village/savanna/town_centers/savanna_meeting_point_4.json
[25Dec2025 17:14:54.928] [Worker-Main-21/INFO] [Antique Atlas/]: Found structure piece config: minecraft:atlas/structures/village/savanna/zombie/houses/savanna_animal_pen_2.json
[25Dec2025 17:14:54.928] [Worker-Main-21/INFO] [Antique Atlas/]: Found structure piece config: minecraft:atlas/structures/village/savanna/zombie/houses/savanna_animal_pen_3.json
[25Dec2025 17:14:54.928] [Worker-Main-21/INFO] [Antique Atlas/]: Found structure piece config: minecraft:atlas/structures/village/savanna/zombie/houses/savanna_large_farm_2.json
[25Dec2025 17:14:54.928] [Worker-Main-21/INFO] [Antique Atlas/]: Found structure piece config: minecraft:atlas/structures/village/savanna/zombie/houses/savanna_medium_house_1.json
[25Dec2025 17:14:54.928] [Worker-Main-21/INFO] [Antique Atlas/]: Found structure piece config: minecraft:atlas/structures/village/savanna/zombie/houses/savanna_medium_house_2.json
[25Dec2025 17:14:54.928] [Worker-Main-21/INFO] [Antique Atlas/]: Found structure piece config: minecraft:atlas/structures/village/savanna/zombie/houses/savanna_small_house_1.json
[25Dec2025 17:14:54.928] [Worker-Main-21/INFO] [Antique Atlas/]: Found structure piece config: minecraft:atlas/structures/village/savanna/zombie/houses/savanna_small_house_2.json
[25Dec2025 17:14:54.928] [Worker-Main-21/INFO] [Antique Atlas/]: Found structure piece config: minecraft:atlas/structures/village/savanna/zombie/houses/savanna_small_house_3.json
[25Dec2025 17:14:54.928] [Worker-Main-21/INFO] [Antique Atlas/]: Found structure piece config: minecraft:atlas/structures/village/savanna/zombie/houses/savanna_small_house_4.json
[25Dec2025 17:14:54.928] [Worker-Main-21/INFO] [Antique Atlas/]: Found structure piece config: minecraft:atlas/structures/village/savanna/zombie/houses/savanna_small_house_5.json
[25Dec2025 17:14:54.928] [Worker-Main-21/INFO] [Antique Atlas/]: Found structure piece config: minecraft:atlas/structures/village/savanna/zombie/houses/savanna_small_house_6.json
[25Dec2025 17:14:54.928] [Worker-Main-21/INFO] [Antique Atlas/]: Found structure piece config: minecraft:atlas/structures/village/savanna/zombie/houses/savanna_small_house_7.json
[25Dec2025 17:14:54.928] [Worker-Main-21/INFO] [Antique Atlas/]: Found structure piece config: minecraft:atlas/structures/village/savanna/zombie/houses/savanna_small_house_8.json
[25Dec2025 17:14:54.928] [Worker-Main-21/INFO] [Antique Atlas/]: Found structure piece config: minecraft:atlas/structures/village/savanna/zombie/streets/corner_01.json
[25Dec2025 17:14:54.928] [Worker-Main-21/INFO] [Antique Atlas/]: Found structure piece config: minecraft:atlas/structures/village/savanna/zombie/streets/corner_03.json
[25Dec2025 17:14:54.928] [Worker-Main-21/INFO] [Antique Atlas/]: Found structure piece config: minecraft:atlas/structures/village/savanna/zombie/streets/crossroad_02.json
[25Dec2025 17:14:54.928] [Worker-Main-21/INFO] [Antique Atlas/]: Found structure piece config: minecraft:atlas/structures/village/savanna/zombie/streets/crossroad_03.json
[25Dec2025 17:14:54.928] [Worker-Main-21/INFO] [Antique Atlas/]: Found structure piece config: minecraft:atlas/structures/village/savanna/zombie/streets/crossroad_04.json
[25Dec2025 17:14:54.928] [Worker-Main-21/INFO] [Antique Atlas/]: Found structure piece config: minecraft:atlas/structures/village/savanna/zombie/streets/crossroad_05.json
[25Dec2025 17:14:54.928] [Worker-Main-21/INFO] [Antique Atlas/]: Found structure piece config: minecraft:atlas/structures/village/savanna/zombie/streets/crossroad_06.json
[25Dec2025 17:14:54.928] [Worker-Main-21/INFO] [Antique Atlas/]: Found structure piece config: minecraft:atlas/structures/village/savanna/zombie/streets/crossroad_07.json
[25Dec2025 17:14:54.928] [Worker-Main-21/INFO] [Antique Atlas/]: Found structure piece config: minecraft:atlas/structures/village/savanna/zombie/streets/split_01.json
[25Dec2025 17:14:54.928] [Worker-Main-21/INFO] [Antique Atlas/]: Found structure piece config: minecraft:atlas/structures/village/savanna/zombie/streets/split_02.json
[25Dec2025 17:14:54.928] [Worker-Main-21/INFO] [Antique Atlas/]: Found structure piece config: minecraft:atlas/structures/village/savanna/zombie/streets/straight_02.json
[25Dec2025 17:14:54.928] [Worker-Main-21/INFO] [Antique Atlas/]: Found structure piece config: minecraft:atlas/structures/village/savanna/zombie/streets/straight_04.json
[25Dec2025 17:14:54.928] [Worker-Main-21/INFO] [Antique Atlas/]: Found structure piece config: minecraft:atlas/structures/village/savanna/zombie/streets/straight_05.json
[25Dec2025 17:14:54.928] [Worker-Main-21/INFO] [Antique Atlas/]: Found structure piece config: minecraft:atlas/structures/village/savanna/zombie/streets/straight_06.json
[25Dec2025 17:14:54.928] [Worker-Main-21/INFO] [Antique Atlas/]: Found structure piece config: minecraft:atlas/structures/village/savanna/zombie/streets/straight_08.json
[25Dec2025 17:14:54.928] [Worker-Main-21/INFO] [Antique Atlas/]: Found structure piece config: minecraft:atlas/structures/village/savanna/zombie/streets/straight_09.json
[25Dec2025 17:14:54.928] [Worker-Main-21/INFO] [Antique Atlas/]: Found structure piece config: minecraft:atlas/structures/village/savanna/zombie/streets/straight_10.json
[25Dec2025 17:14:54.928] [Worker-Main-21/INFO] [Antique Atlas/]: Found structure piece config: minecraft:atlas/structures/village/savanna/zombie/streets/straight_11.json
[25Dec2025 17:14:54.928] [Worker-Main-21/INFO] [Antique Atlas/]: Found structure piece config: minecraft:atlas/structures/village/savanna/zombie/streets/turn_01.json
[25Dec2025 17:14:54.928] [Worker-Main-21/INFO] [Antique Atlas/]: Found structure piece config: minecraft:atlas/structures/village/savanna/zombie/town_centers/savanna_meeting_point_1.json
[25Dec2025 17:14:54.928] [Worker-Main-21/INFO] [Antique Atlas/]: Found structure piece config: minecraft:atlas/structures/village/savanna/zombie/town_centers/savanna_meeting_point_2.json
[25Dec2025 17:14:54.928] [Worker-Main-21/INFO] [Antique Atlas/]: Found structure piece config: minecraft:atlas/structures/village/savanna/zombie/town_centers/savanna_meeting_point_3.json
[25Dec2025 17:14:54.928] [Worker-Main-21/INFO] [Antique Atlas/]: Found structure piece config: minecraft:atlas/structures/village/savanna/zombie/town_centers/savanna_meeting_point_4.json
[25Dec2025 17:14:54.928] [Worker-Main-21/INFO] [Antique Atlas/]: Found structure piece config: minecraft:atlas/structures/village/snowy/houses/snowy_animal_pen_1.json
[25Dec2025 17:14:54.928] [Worker-Main-21/INFO] [Antique Atlas/]: Found structure piece config: minecraft:atlas/structures/village/snowy/houses/snowy_animal_pen_2.json
[25Dec2025 17:14:54.928] [Worker-Main-21/INFO] [Antique Atlas/]: Found structure piece config: minecraft:atlas/structures/village/snowy/houses/snowy_armorer_house_1.json
[25Dec2025 17:14:54.928] [Worker-Main-21/INFO] [Antique Atlas/]: Found structure piece config: minecraft:atlas/structures/village/snowy/houses/snowy_armorer_house_2.json
[25Dec2025 17:14:54.928] [Worker-Main-21/INFO] [Antique Atlas/]: Found structure piece config: minecraft:atlas/structures/village/snowy/houses/snowy_butchers_shop_1.json
[25Dec2025 17:14:54.928] [Worker-Main-21/INFO] [Antique Atlas/]: Found structure piece config: minecraft:atlas/structures/village/snowy/houses/snowy_butchers_shop_2.json
[25Dec2025 17:14:54.929] [Worker-Main-21/INFO] [Antique Atlas/]: Found structure piece config: minecraft:atlas/structures/village/snowy/houses/snowy_cartographer_house_1.json
[25Dec2025 17:14:54.929] [Worker-Main-21/INFO] [Antique Atlas/]: Found structure piece config: minecraft:atlas/structures/village/snowy/houses/snowy_farm_1.json
[25Dec2025 17:14:54.929] [Worker-Main-21/INFO] [Antique Atlas/]: Found structure piece config: minecraft:atlas/structures/village/snowy/houses/snowy_farm_2.json
[25Dec2025 17:14:54.929] [Worker-Main-21/INFO] [Antique Atlas/]: Found structure piece config: minecraft:atlas/structures/village/snowy/houses/snowy_fisher_cottage.json
[25Dec2025 17:14:54.929] [Worker-Main-21/INFO] [Antique Atlas/]: Found structure piece config: minecraft:atlas/structures/village/snowy/houses/snowy_fletcher_house_1.json
[25Dec2025 17:14:54.929] [Worker-Main-21/INFO] [Antique Atlas/]: Found structure piece config: minecraft:atlas/structures/village/snowy/houses/snowy_library_1.json
[25Dec2025 17:14:54.929] [Worker-Main-21/INFO] [Antique Atlas/]: Found structure piece config: minecraft:atlas/structures/village/snowy/houses/snowy_masons_house_1.json
[25Dec2025 17:14:54.929] [Worker-Main-21/INFO] [Antique Atlas/]: Found structure piece config: minecraft:atlas/structures/village/snowy/houses/snowy_masons_house_2.json
[25Dec2025 17:14:54.929] [Worker-Main-21/INFO] [Antique Atlas/]: Found structure piece config: minecraft:atlas/structures/village/snowy/houses/snowy_medium_house_1.json
[25Dec2025 17:14:54.929] [Worker-Main-21/INFO] [Antique Atlas/]: Found structure piece config: minecraft:atlas/structures/village/snowy/houses/snowy_medium_house_2.json
[25Dec2025 17:14:54.929] [Worker-Main-21/INFO] [Antique Atlas/]: Found structure piece config: minecraft:atlas/structures/village/snowy/houses/snowy_medium_house_3.json
[25Dec2025 17:14:54.929] [Worker-Main-21/INFO] [Antique Atlas/]: Found structure piece config: minecraft:atlas/structures/village/snowy/houses/snowy_shepherds_house_1.json
[25Dec2025 17:14:54.929] [Worker-Main-21/INFO] [Antique Atlas/]: Found structure piece config: minecraft:atlas/structures/village/snowy/houses/snowy_small_house_1.json
[25Dec2025 17:14:54.929] [Worker-Main-21/INFO] [Antique Atlas/]: Found structure piece config: minecraft:atlas/structures/village/snowy/houses/snowy_small_house_2.json
[25Dec2025 17:14:54.929] [Worker-Main-21/INFO] [Antique Atlas/]: Found structure piece config: minecraft:atlas/structures/village/snowy/houses/snowy_small_house_3.json
[25Dec2025 17:14:54.929] [Worker-Main-21/INFO] [Antique Atlas/]: Found structure piece config: minecraft:atlas/structures/village/snowy/houses/snowy_small_house_4.json
[25Dec2025 17:14:54.929] [Worker-Main-21/INFO] [Antique Atlas/]: Found structure piece config: minecraft:atlas/structures/village/snowy/houses/snowy_small_house_5.json
[25Dec2025 17:14:54.929] [Worker-Main-21/INFO] [Antique Atlas/]: Found structure piece config: minecraft:atlas/structures/village/snowy/houses/snowy_small_house_6.json
[25Dec2025 17:14:54.929] [Worker-Main-21/INFO] [Antique Atlas/]: Found structure piece config: minecraft:atlas/structures/village/snowy/houses/snowy_small_house_7.json
[25Dec2025 17:14:54.929] [Worker-Main-21/INFO] [Antique Atlas/]: Found structure piece config: minecraft:atlas/structures/village/snowy/houses/snowy_small_house_8.json
[25Dec2025 17:14:54.929] [Worker-Main-21/INFO] [Antique Atlas/]: Found structure piece config: minecraft:atlas/structures/village/snowy/houses/snowy_tannery_1.json
[25Dec2025 17:14:54.929] [Worker-Main-21/INFO] [Antique Atlas/]: Found structure piece config: minecraft:atlas/structures/village/snowy/houses/snowy_temple_1.json
[25Dec2025 17:14:54.929] [Worker-Main-21/INFO] [Antique Atlas/]: Found structure piece config: minecraft:atlas/structures/village/snowy/houses/snowy_tool_smith_1.json
[25Dec2025 17:14:54.929] [Worker-Main-21/INFO] [Antique Atlas/]: Found structure piece config: minecraft:atlas/structures/village/snowy/houses/snowy_weapon_smith_1.json
[25Dec2025 17:14:54.929] [Worker-Main-21/INFO] [Antique Atlas/]: Found structure piece config: minecraft:atlas/structures/village/snowy/snowy_lamp_post_01.json
[25Dec2025 17:14:54.929] [Worker-Main-21/INFO] [Antique Atlas/]: Found structure piece config: minecraft:atlas/structures/village/snowy/snowy_lamp_post_02.json
[25Dec2025 17:14:54.929] [Worker-Main-21/INFO] [Antique Atlas/]: Found structure piece config: minecraft:atlas/structures/village/snowy/snowy_lamp_post_03.json
[25Dec2025 17:14:54.929] [Worker-Main-21/INFO] [Antique Atlas/]: Found structure piece config: minecraft:atlas/structures/village/snowy/streets/corner_01.json
[25Dec2025 17:14:54.929] [Worker-Main-21/INFO] [Antique Atlas/]: Found structure piece config: minecraft:atlas/structures/village/snowy/streets/corner_02.json
[25Dec2025 17:14:54.929] [Worker-Main-21/INFO] [Antique Atlas/]: Found structure piece config: minecraft:atlas/structures/village/snowy/streets/corner_03.json
[25Dec2025 17:14:54.929] [Worker-Main-21/INFO] [Antique Atlas/]: Found structure piece config: minecraft:atlas/structures/village/snowy/streets/crossroad_01.json
[25Dec2025 17:14:54.929] [Worker-Main-21/INFO] [Antique Atlas/]: Found structure piece config: minecraft:atlas/structures/village/snowy/streets/crossroad_02.json
[25Dec2025 17:14:54.929] [Worker-Main-21/INFO] [Antique Atlas/]: Found structure piece config: minecraft:atlas/structures/village/snowy/streets/crossroad_03.json
[25Dec2025 17:14:54.929] [Worker-Main-21/INFO] [Antique Atlas/]: Found structure piece config: minecraft:atlas/structures/village/snowy/streets/crossroad_04.json
[25Dec2025 17:14:54.929] [Worker-Main-21/INFO] [Antique Atlas/]: Found structure piece config: minecraft:atlas/structures/village/snowy/streets/crossroad_05.json
[25Dec2025 17:14:54.929] [Worker-Main-21/INFO] [Antique Atlas/]: Found structure piece config: minecraft:atlas/structures/village/snowy/streets/crossroad_06.json
[25Dec2025 17:14:54.929] [Worker-Main-21/INFO] [Antique Atlas/]: Found structure piece config: minecraft:atlas/structures/village/snowy/streets/square_01.json
[25Dec2025 17:14:54.929] [Worker-Main-21/INFO] [Antique Atlas/]: Found structure piece config: minecraft:atlas/structures/village/snowy/streets/straight_01.json
[25Dec2025 17:14:54.929] [Worker-Main-21/INFO] [Antique Atlas/]: Found structure piece config: minecraft:atlas/structures/village/snowy/streets/straight_02.json
[25Dec2025 17:14:54.929] [Worker-Main-21/INFO] [Antique Atlas/]: Found structure piece config: minecraft:atlas/structures/village/snowy/streets/straight_03.json
[25Dec2025 17:14:54.929] [Worker-Main-21/INFO] [Antique Atlas/]: Found structure piece config: minecraft:atlas/structures/village/snowy/streets/straight_04.json
[25Dec2025 17:14:54.929] [Worker-Main-21/INFO] [Antique Atlas/]: Found structure piece config: minecraft:atlas/structures/village/snowy/streets/straight_06.json
[25Dec2025 17:14:54.929] [Worker-Main-21/INFO] [Antique Atlas/]: Found structure piece config: minecraft:atlas/structures/village/snowy/streets/straight_08.json
[25Dec2025 17:14:54.929] [Worker-Main-21/INFO] [Antique Atlas/]: Found structure piece config: minecraft:atlas/structures/village/snowy/streets/turn_01.json
[25Dec2025 17:14:54.929] [Worker-Main-21/INFO] [Antique Atlas/]: Found structure piece config: minecraft:atlas/structures/village/snowy/town_centers/snowy_meeting_point_1.json
[25Dec2025 17:14:54.929] [Worker-Main-21/INFO] [Antique Atlas/]: Found structure piece config: minecraft:atlas/structures/village/snowy/town_centers/snowy_meeting_point_2.json
[25Dec2025 17:14:54.929] [Worker-Main-21/INFO] [Antique Atlas/]: Found structure piece config: minecraft:atlas/structures/village/snowy/town_centers/snowy_meeting_point_3.json
[25Dec2025 17:14:54.929] [Worker-Main-21/INFO] [Antique Atlas/]: Found structure piece config: minecraft:atlas/structures/village/snowy/zombie/houses/snowy_medium_house_1.json
[25Dec2025 17:14:54.929] [Worker-Main-21/INFO] [Antique Atlas/]: Found structure piece config: minecraft:atlas/structures/village/snowy/zombie/houses/snowy_medium_house_2.json
[25Dec2025 17:14:54.929] [Worker-Main-21/INFO] [Antique Atlas/]: Found structure piece config: minecraft:atlas/structures/village/snowy/zombie/houses/snowy_medium_house_3.json
[25Dec2025 17:14:54.929] [Worker-Main-21/INFO] [Antique Atlas/]: Found structure piece config: minecraft:atlas/structures/village/snowy/zombie/houses/snowy_small_house_1.json
[25Dec2025 17:14:54.929] [Worker-Main-21/INFO] [Antique Atlas/]: Found structure piece config: minecraft:atlas/structures/village/snowy/zombie/houses/snowy_small_house_2.json
[25Dec2025 17:14:54.929] [Worker-Main-21/INFO] [Antique Atlas/]: Found structure piece config: minecraft:atlas/structures/village/snowy/zombie/houses/snowy_small_house_3.json
[25Dec2025 17:14:54.929] [Worker-Main-21/INFO] [Antique Atlas/]: Found structure piece config: minecraft:atlas/structures/village/snowy/zombie/houses/snowy_small_house_4.json
[25Dec2025 17:14:54.929] [Worker-Main-21/INFO] [Antique Atlas/]: Found structure piece config: minecraft:atlas/structures/village/snowy/zombie/houses/snowy_small_house_5.json
[25Dec2025 17:14:54.929] [Worker-Main-21/INFO] [Antique Atlas/]: Found structure piece config: minecraft:atlas/structures/village/snowy/zombie/houses/snowy_small_house_6.json
[25Dec2025 17:14:54.929] [Worker-Main-21/INFO] [Antique Atlas/]: Found structure piece config: minecraft:atlas/structures/village/snowy/zombie/houses/snowy_small_house_7.json
[25Dec2025 17:14:54.929] [Worker-Main-21/INFO] [Antique Atlas/]: Found structure piece config: minecraft:atlas/structures/village/snowy/zombie/houses/snowy_small_house_8.json
[25Dec2025 17:14:54.929] [Worker-Main-21/INFO] [Antique Atlas/]: Found structure piece config: minecraft:atlas/structures/village/snowy/zombie/streets/corner_01.json
[25Dec2025 17:14:54.929] [Worker-Main-21/INFO] [Antique Atlas/]: Found structure piece config: minecraft:atlas/structures/village/snowy/zombie/streets/corner_02.json
[25Dec2025 17:14:54.929] [Worker-Main-21/INFO] [Antique Atlas/]: Found structure piece config: minecraft:atlas/structures/village/snowy/zombie/streets/corner_03.json
[25Dec2025 17:14:54.929] [Worker-Main-21/INFO] [Antique Atlas/]: Found structure piece config: minecraft:atlas/structures/village/snowy/zombie/streets/crossroad_01.json
[25Dec2025 17:14:54.929] [Worker-Main-21/INFO] [Antique Atlas/]: Found structure piece config: minecraft:atlas/structures/village/snowy/zombie/streets/crossroad_02.json
[25Dec2025 17:14:54.929] [Worker-Main-21/INFO] [Antique Atlas/]: Found structure piece config: minecraft:atlas/structures/village/snowy/zombie/streets/crossroad_03.json
[25Dec2025 17:14:54.929] [Worker-Main-21/INFO] [Antique Atlas/]: Found structure piece config: minecraft:atlas/structures/village/snowy/zombie/streets/crossroad_04.json
[25Dec2025 17:14:54.930] [Worker-Main-21/INFO] [Antique Atlas/]: Found structure piece config: minecraft:atlas/structures/village/snowy/zombie/streets/crossroad_05.json
[25Dec2025 17:14:54.930] [Worker-Main-21/INFO] [Antique Atlas/]: Found structure piece config: minecraft:atlas/structures/village/snowy/zombie/streets/crossroad_06.json
[25Dec2025 17:14:54.930] [Worker-Main-21/INFO] [Antique Atlas/]: Found structure piece config: minecraft:atlas/structures/village/snowy/zombie/streets/square_01.json
[25Dec2025 17:14:54.930] [Worker-Main-21/INFO] [Antique Atlas/]: Found structure piece config: minecraft:atlas/structures/village/snowy/zombie/streets/straight_01.json
[25Dec2025 17:14:54.930] [Worker-Main-21/INFO] [Antique Atlas/]: Found structure piece config: minecraft:atlas/structures/village/snowy/zombie/streets/straight_02.json
[25Dec2025 17:14:54.930] [Worker-Main-21/INFO] [Antique Atlas/]: Found structure piece config: minecraft:atlas/structures/village/snowy/zombie/streets/straight_03.json
[25Dec2025 17:14:54.930] [Worker-Main-21/INFO] [Antique Atlas/]: Found structure piece config: minecraft:atlas/structures/village/snowy/zombie/streets/straight_04.json
[25Dec2025 17:14:54.930] [Worker-Main-21/INFO] [Antique Atlas/]: Found structure piece config: minecraft:atlas/structures/village/snowy/zombie/streets/straight_06.json
[25Dec2025 17:14:54.930] [Worker-Main-21/INFO] [Antique Atlas/]: Found structure piece config: minecraft:atlas/structures/village/snowy/zombie/streets/straight_08.json
[25Dec2025 17:14:54.930] [Worker-Main-21/INFO] [Antique Atlas/]: Found structure piece config: minecraft:atlas/structures/village/snowy/zombie/streets/turn_01.json
[25Dec2025 17:14:54.930] [Worker-Main-21/INFO] [Antique Atlas/]: Found structure piece config: minecraft:atlas/structures/village/snowy/zombie/town_centers/snowy_meeting_point_1.json
[25Dec2025 17:14:54.930] [Worker-Main-21/INFO] [Antique Atlas/]: Found structure piece config: minecraft:atlas/structures/village/snowy/zombie/town_centers/snowy_meeting_point_2.json
[25Dec2025 17:14:54.930] [Worker-Main-21/INFO] [Antique Atlas/]: Found structure piece config: minecraft:atlas/structures/village/snowy/zombie/town_centers/snowy_meeting_point_3.json
[25Dec2025 17:14:54.930] [Worker-Main-21/INFO] [Antique Atlas/]: Found structure piece config: minecraft:atlas/structures/village/taiga/houses/taiga_animal_pen_1.json
[25Dec2025 17:14:54.930] [Worker-Main-21/INFO] [Antique Atlas/]: Found structure piece config: minecraft:atlas/structures/village/taiga/houses/taiga_armorer_2.json
[25Dec2025 17:14:54.930] [Worker-Main-21/INFO] [Antique Atlas/]: Found structure piece config: minecraft:atlas/structures/village/taiga/houses/taiga_armorer_house_1.json
[25Dec2025 17:14:54.930] [Worker-Main-21/INFO] [Antique Atlas/]: Found structure piece config: minecraft:atlas/structures/village/taiga/houses/taiga_butcher_shop_1.json
[25Dec2025 17:14:54.930] [Worker-Main-21/INFO] [Antique Atlas/]: Found structure piece config: minecraft:atlas/structures/village/taiga/houses/taiga_cartographer_house_1.json
[25Dec2025 17:14:54.930] [Worker-Main-21/INFO] [Antique Atlas/]: Found structure piece config: minecraft:atlas/structures/village/taiga/houses/taiga_fisher_cottage_1.json
[25Dec2025 17:14:54.930] [Worker-Main-21/INFO] [Antique Atlas/]: Found structure piece config: minecraft:atlas/structures/village/taiga/houses/taiga_fletcher_house_1.json
[25Dec2025 17:14:54.930] [Worker-Main-21/INFO] [Antique Atlas/]: Found structure piece config: minecraft:atlas/structures/village/taiga/houses/taiga_large_farm_1.json
[25Dec2025 17:14:54.930] [Worker-Main-21/INFO] [Antique Atlas/]: Found structure piece config: minecraft:atlas/structures/village/taiga/houses/taiga_large_farm_2.json
[25Dec2025 17:14:54.930] [Worker-Main-21/INFO] [Antique Atlas/]: Found structure piece config: minecraft:atlas/structures/village/taiga/houses/taiga_library_1.json
[25Dec2025 17:14:54.930] [Worker-Main-21/INFO] [Antique Atlas/]: Found structure piece config: minecraft:atlas/structures/village/taiga/houses/taiga_masons_house_1.json
[25Dec2025 17:14:54.930] [Worker-Main-21/INFO] [Antique Atlas/]: Found structure piece config: minecraft:atlas/structures/village/taiga/houses/taiga_medium_house_1.json
[25Dec2025 17:14:54.930] [Worker-Main-21/INFO] [Antique Atlas/]: Found structure piece config: minecraft:atlas/structures/village/taiga/houses/taiga_medium_house_2.json
[25Dec2025 17:14:54.930] [Worker-Main-21/INFO] [Antique Atlas/]: Found structure piece config: minecraft:atlas/structures/village/taiga/houses/taiga_medium_house_3.json
[25Dec2025 17:14:54.930] [Worker-Main-21/INFO] [Antique Atlas/]: Found structure piece config: minecraft:atlas/structures/village/taiga/houses/taiga_medium_house_4.json
[25Dec2025 17:14:54.930] [Worker-Main-21/INFO] [Antique Atlas/]: Found structure piece config: minecraft:atlas/structures/village/taiga/houses/taiga_shepherds_house_1.json
[25Dec2025 17:14:54.930] [Worker-Main-21/INFO] [Antique Atlas/]: Found structure piece config: minecraft:atlas/structures/village/taiga/houses/taiga_small_farm_1.json
[25Dec2025 17:14:54.930] [Worker-Main-21/INFO] [Antique Atlas/]: Found structure piece config: minecraft:atlas/structures/village/taiga/houses/taiga_small_house_1.json
[25Dec2025 17:14:54.930] [Worker-Main-21/INFO] [Antique Atlas/]: Found structure piece config: minecraft:atlas/structures/village/taiga/houses/taiga_small_house_2.json
[25Dec2025 17:14:54.930] [Worker-Main-21/INFO] [Antique Atlas/]: Found structure piece config: minecraft:atlas/structures/village/taiga/houses/taiga_small_house_3.json
[25Dec2025 17:14:54.930] [Worker-Main-21/INFO] [Antique Atlas/]: Found structure piece config: minecraft:atlas/structures/village/taiga/houses/taiga_small_house_4.json
[25Dec2025 17:14:54.930] [Worker-Main-21/INFO] [Antique Atlas/]: Found structure piece config: minecraft:atlas/structures/village/taiga/houses/taiga_small_house_5.json
[25Dec2025 17:14:54.930] [Worker-Main-21/INFO] [Antique Atlas/]: Found structure piece config: minecraft:atlas/structures/village/taiga/houses/taiga_tannery_1.json
[25Dec2025 17:14:54.930] [Worker-Main-21/INFO] [Antique Atlas/]: Found structure piece config: minecraft:atlas/structures/village/taiga/houses/taiga_temple_1.json
[25Dec2025 17:14:54.930] [Worker-Main-21/INFO] [Antique Atlas/]: Found structure piece config: minecraft:atlas/structures/village/taiga/houses/taiga_tool_smith_1.json
[25Dec2025 17:14:54.930] [Worker-Main-21/INFO] [Antique Atlas/]: Found structure piece config: minecraft:atlas/structures/village/taiga/houses/taiga_weaponsmith_1.json
[25Dec2025 17:14:54.930] [Worker-Main-21/INFO] [Antique Atlas/]: Found structure piece config: minecraft:atlas/structures/village/taiga/houses/taiga_weaponsmith_2.json
[25Dec2025 17:14:54.930] [Worker-Main-21/INFO] [Antique Atlas/]: Found structure piece config: minecraft:atlas/structures/village/taiga/streets/corner_01.json
[25Dec2025 17:14:54.930] [Worker-Main-21/INFO] [Antique Atlas/]: Found structure piece config: minecraft:atlas/structures/village/taiga/streets/corner_02.json
[25Dec2025 17:14:54.930] [Worker-Main-21/INFO] [Antique Atlas/]: Found structure piece config: minecraft:atlas/structures/village/taiga/streets/corner_03.json
[25Dec2025 17:14:54.930] [Worker-Main-21/INFO] [Antique Atlas/]: Found structure piece config: minecraft:atlas/structures/village/taiga/streets/crossroad_01.json
[25Dec2025 17:14:54.930] [Worker-Main-21/INFO] [Antique Atlas/]: Found structure piece config: minecraft:atlas/structures/village/taiga/streets/crossroad_02.json
[25Dec2025 17:14:54.930] [Worker-Main-21/INFO] [Antique Atlas/]: Found structure piece config: minecraft:atlas/structures/village/taiga/streets/crossroad_03.json
[25Dec2025 17:14:54.930] [Worker-Main-21/INFO] [Antique Atlas/]: Found structure piece config: minecraft:atlas/structures/village/taiga/streets/crossroad_04.json
[25Dec2025 17:14:54.930] [Worker-Main-21/INFO] [Antique Atlas/]: Found structure piece config: minecraft:atlas/structures/village/taiga/streets/crossroad_05.json
[25Dec2025 17:14:54.930] [Worker-Main-21/INFO] [Antique Atlas/]: Found structure piece config: minecraft:atlas/structures/village/taiga/streets/crossroad_06.json
[25Dec2025 17:14:54.930] [Worker-Main-21/INFO] [Antique Atlas/]: Found structure piece config: minecraft:atlas/structures/village/taiga/streets/straight_01.json
[25Dec2025 17:14:54.930] [Worker-Main-21/INFO] [Antique Atlas/]: Found structure piece config: minecraft:atlas/structures/village/taiga/streets/straight_02.json
[25Dec2025 17:14:54.930] [Worker-Main-21/INFO] [Antique Atlas/]: Found structure piece config: minecraft:atlas/structures/village/taiga/streets/straight_03.json
[25Dec2025 17:14:54.930] [Worker-Main-21/INFO] [Antique Atlas/]: Found structure piece config: minecraft:atlas/structures/village/taiga/streets/straight_04.json
[25Dec2025 17:14:54.930] [Worker-Main-21/INFO] [Antique Atlas/]: Found structure piece config: minecraft:atlas/structures/village/taiga/streets/straight_05.json
[25Dec2025 17:14:54.930] [Worker-Main-21/INFO] [Antique Atlas/]: Found structure piece config: minecraft:atlas/structures/village/taiga/streets/straight_06.json
[25Dec2025 17:14:54.930] [Worker-Main-21/INFO] [Antique Atlas/]: Found structure piece config: minecraft:atlas/structures/village/taiga/streets/turn_01.json
[25Dec2025 17:14:54.930] [Worker-Main-21/INFO] [Antique Atlas/]: Found structure piece config: minecraft:atlas/structures/village/taiga/taiga_lamp_post_1.json
[25Dec2025 17:14:54.930] [Worker-Main-21/INFO] [Antique Atlas/]: Found structure piece config: minecraft:atlas/structures/village/taiga/town_centers/taiga_meeting_point_1.json
[25Dec2025 17:14:54.930] [Worker-Main-21/INFO] [Antique Atlas/]: Found structure piece config: minecraft:atlas/structures/village/taiga/town_centers/taiga_meeting_point_2.json
[25Dec2025 17:14:54.930] [Worker-Main-21/INFO] [Antique Atlas/]: Found structure piece config: minecraft:atlas/structures/village/taiga/zombie/houses/taiga_cartographer_house_1.json
[25Dec2025 17:14:54.930] [Worker-Main-21/INFO] [Antique Atlas/]: Found structure piece config: minecraft:atlas/structures/village/taiga/zombie/houses/taiga_fisher_cottage_1.json
[25Dec2025 17:14:54.930] [Worker-Main-21/INFO] [Antique Atlas/]: Found structure piece config: minecraft:atlas/structures/village/taiga/zombie/houses/taiga_large_farm_2.json
[25Dec2025 17:14:54.930] [Worker-Main-21/INFO] [Antique Atlas/]: Found structure piece config: minecraft:atlas/structures/village/taiga/zombie/houses/taiga_library_1.json
[25Dec2025 17:14:54.930] [Worker-Main-21/INFO] [Antique Atlas/]: Found structure piece config: minecraft:atlas/structures/village/taiga/zombie/houses/taiga_medium_house_1.json
[25Dec2025 17:14:54.930] [Worker-Main-21/INFO] [Antique Atlas/]: Found structure piece config: minecraft:atlas/structures/village/taiga/zombie/houses/taiga_medium_house_2.json
[25Dec2025 17:14:54.930] [Worker-Main-21/INFO] [Antique Atlas/]: Found structure piece config: minecraft:atlas/structures/village/taiga/zombie/houses/taiga_medium_house_3.json
[25Dec2025 17:14:54.930] [Worker-Main-21/INFO] [Antique Atlas/]: Found structure piece config: minecraft:atlas/structures/village/taiga/zombie/houses/taiga_medium_house_4.json
[25Dec2025 17:14:54.930] [Worker-Main-21/INFO] [Antique Atlas/]: Found structure piece config: minecraft:atlas/structures/village/taiga/zombie/houses/taiga_shepherds_house_1.json
[25Dec2025 17:14:54.930] [Worker-Main-21/INFO] [Antique Atlas/]: Found structure piece config: minecraft:atlas/structures/village/taiga/zombie/houses/taiga_small_house_1.json
[25Dec2025 17:14:54.930] [Worker-Main-21/INFO] [Antique Atlas/]: Found structure piece config: minecraft:atlas/structures/village/taiga/zombie/houses/taiga_small_house_2.json
[25Dec2025 17:14:54.930] [Worker-Main-21/INFO] [Antique Atlas/]: Found structure piece config: minecraft:atlas/structures/village/taiga/zombie/houses/taiga_small_house_3.json
[25Dec2025 17:14:54.931] [Worker-Main-21/INFO] [Antique Atlas/]: Found structure piece config: minecraft:atlas/structures/village/taiga/zombie/houses/taiga_small_house_4.json
[25Dec2025 17:14:54.931] [Worker-Main-21/INFO] [Antique Atlas/]: Found structure piece config: minecraft:atlas/structures/village/taiga/zombie/houses/taiga_small_house_5.json
[25Dec2025 17:14:54.931] [Worker-Main-21/INFO] [Antique Atlas/]: Found structure piece config: minecraft:atlas/structures/village/taiga/zombie/houses/taiga_temple_1.json
[25Dec2025 17:14:54.931] [Worker-Main-21/INFO] [Antique Atlas/]: Found structure piece config: minecraft:atlas/structures/village/taiga/zombie/houses/taiga_tool_smith_1.json
[25Dec2025 17:14:54.931] [Worker-Main-21/INFO] [Antique Atlas/]: Found structure piece config: minecraft:atlas/structures/village/taiga/zombie/houses/taiga_weaponsmith_2.json
[25Dec2025 17:14:54.931] [Worker-Main-21/INFO] [Antique Atlas/]: Found structure piece config: minecraft:atlas/structures/village/taiga/zombie/streets/corner_01.json
[25Dec2025 17:14:54.931] [Worker-Main-21/INFO] [Antique Atlas/]: Found structure piece config: minecraft:atlas/structures/village/taiga/zombie/streets/corner_02.json
[25Dec2025 17:14:54.931] [Worker-Main-21/INFO] [Antique Atlas/]: Found structure piece config: minecraft:atlas/structures/village/taiga/zombie/streets/corner_03.json
[25Dec2025 17:14:54.931] [Worker-Main-21/INFO] [Antique Atlas/]: Found structure piece config: minecraft:atlas/structures/village/taiga/zombie/streets/crossroad_01.json
[25Dec2025 17:14:54.931] [Worker-Main-21/INFO] [Antique Atlas/]: Found structure piece config: minecraft:atlas/structures/village/taiga/zombie/streets/crossroad_02.json
[25Dec2025 17:14:54.931] [Worker-Main-21/INFO] [Antique Atlas/]: Found structure piece config: minecraft:atlas/structures/village/taiga/zombie/streets/crossroad_03.json
[25Dec2025 17:14:54.931] [Worker-Main-21/INFO] [Antique Atlas/]: Found structure piece config: minecraft:atlas/structures/village/taiga/zombie/streets/crossroad_04.json
[25Dec2025 17:14:54.931] [Worker-Main-21/INFO] [Antique Atlas/]: Found structure piece config: minecraft:atlas/structures/village/taiga/zombie/streets/crossroad_05.json
[25Dec2025 17:14:54.931] [Worker-Main-21/INFO] [Antique Atlas/]: Found structure piece config: minecraft:atlas/structures/village/taiga/zombie/streets/crossroad_06.json
[25Dec2025 17:14:54.931] [Worker-Main-21/INFO] [Antique Atlas/]: Found structure piece config: minecraft:atlas/structures/village/taiga/zombie/streets/straight_01.json
[25Dec2025 17:14:54.931] [Worker-Main-21/INFO] [Antique Atlas/]: Found structure piece config: minecraft:atlas/structures/village/taiga/zombie/streets/straight_02.json
[25Dec2025 17:14:54.931] [Worker-Main-21/INFO] [Antique Atlas/]: Found structure piece config: minecraft:atlas/structures/village/taiga/zombie/streets/straight_03.json
[25Dec2025 17:14:54.931] [Worker-Main-21/INFO] [Antique Atlas/]: Found structure piece config: minecraft:atlas/structures/village/taiga/zombie/streets/straight_04.json
[25Dec2025 17:14:54.931] [Worker-Main-21/INFO] [Antique Atlas/]: Found structure piece config: minecraft:atlas/structures/village/taiga/zombie/streets/straight_05.json
[25Dec2025 17:14:54.931] [Worker-Main-21/INFO] [Antique Atlas/]: Found structure piece config: minecraft:atlas/structures/village/taiga/zombie/streets/straight_06.json
[25Dec2025 17:14:54.931] [Worker-Main-21/INFO] [Antique Atlas/]: Found structure piece config: minecraft:atlas/structures/village/taiga/zombie/streets/turn_01.json
[25Dec2025 17:14:54.931] [Worker-Main-21/INFO] [Antique Atlas/]: Found structure piece config: minecraft:atlas/structures/village/taiga/zombie/town_centers/taiga_meeting_point_1.json
[25Dec2025 17:14:54.931] [Worker-Main-21/INFO] [Antique Atlas/]: Found structure piece config: minecraft:atlas/structures/village/taiga/zombie/town_centers/taiga_meeting_point_2.json
[25Dec2025 17:14:55.137] [Render thread/INFO] [net.minecraft.world.item.crafting.RecipeManager/]: Loaded 7901 recipes
[25Dec2025 17:14:55.166] [Render thread/ERROR] [net.minecraft.server.ServerAdvancementManager/]: Parsing error loading custom advancement minecraft:recipes/decorations/chest: No key criteria in MapLike[{}]
[25Dec2025 17:14:55.201] [Render thread/ERROR] [net.minecraft.server.ServerAdvancementManager/]: Parsing error loading custom advancement minecraft:recipes/redstone/trapped_chest: No key criteria in MapLike[{}]
[25Dec2025 17:14:55.230] [Render thread/ERROR] [net.minecraft.advancements.AdvancementTree/]: Couldn't load advancements: [minecraft:give_quest_trader_trade, minecraft:wander_add_map]
[25Dec2025 17:14:55.230] [Render thread/INFO] [net.minecraft.advancements.AdvancementTree/]: Loaded 3273 advancements
[25Dec2025 17:14:55.234] [Render thread/INFO] [Curios API/]: Loaded 12 curio slots
[25Dec2025 17:14:55.234] [Render thread/INFO] [Curios API/]: Loaded 1 curio entities
[25Dec2025 17:14:55.236] [Render thread/INFO] [rechiseled/]: Loaded 46 chiseling recipes
[25Dec2025 17:14:55.269] [Render thread/INFO] [Antique Atlas/]: Apply structure piece config: minecraft:village/snowy/houses/snowy_medium_house_1
[25Dec2025 17:14:55.270] [Render thread/INFO] [Antique Atlas/]: Apply structure piece config: minecraft:village/snowy/houses/snowy_medium_house_2
[25Dec2025 17:14:55.270] [Render thread/INFO] [Antique Atlas/]: Apply structure piece config: minecraft:village/snowy/houses/snowy_medium_house_3
[25Dec2025 17:14:55.270] [Render thread/INFO] [Antique Atlas/]: Apply structure piece config: minecraft:village/taiga/zombie/houses/taiga_shepherds_house_1
[25Dec2025 17:14:55.270] [Render thread/INFO] [Antique Atlas/]: Apply structure piece config: minecraft:village/snowy/houses/snowy_small_house_8
[25Dec2025 17:14:55.270] [Render thread/INFO] [Antique Atlas/]: Apply structure piece config: minecraft:village/snowy/snowy_lamp_post_03
[25Dec2025 17:14:55.270] [Render thread/INFO] [Antique Atlas/]: Apply structure piece config: minecraft:village/snowy/houses/snowy_small_house_7
[25Dec2025 17:14:55.270] [Render thread/INFO] [Antique Atlas/]: Apply structure piece config: minecraft:village/snowy/snowy_lamp_post_02
[25Dec2025 17:14:55.270] [Render thread/INFO] [Antique Atlas/]: Apply structure piece config: minecraft:village/snowy/houses/snowy_small_house_6
[25Dec2025 17:14:55.270] [Render thread/INFO] [Antique Atlas/]: Apply structure piece config: minecraft:village/snowy/snowy_lamp_post_01
[25Dec2025 17:14:55.270] [Render thread/INFO] [Antique Atlas/]: Apply structure piece config: minecraft:village/snowy/houses/snowy_small_house_5
[25Dec2025 17:14:55.270] [Render thread/INFO] [Antique Atlas/]: Apply structure piece config: minecraft:village/snowy/houses/snowy_small_house_4
[25Dec2025 17:14:55.270] [Render thread/INFO] [Antique Atlas/]: Apply structure piece config: minecraft:village/snowy/houses/snowy_small_house_3
[25Dec2025 17:14:55.270] [Render thread/INFO] [Antique Atlas/]: Apply structure piece config: minecraft:village/snowy/houses/snowy_small_house_2
[25Dec2025 17:14:55.270] [Render thread/INFO] [Antique Atlas/]: Apply structure piece config: minecraft:village/snowy/houses/snowy_small_house_1
[25Dec2025 17:14:55.270] [Render thread/INFO] [Antique Atlas/]: Apply structure piece config: minecraft:village/desert/streets/crossroad_02
[25Dec2025 17:14:55.270] [Render thread/INFO] [Antique Atlas/]: Apply structure piece config: minecraft:village/desert/streets/crossroad_03
[25Dec2025 17:14:55.270] [Render thread/INFO] [Antique Atlas/]: Apply structure piece config: minecraft:village/desert/streets/crossroad_01
[25Dec2025 17:14:55.270] [Render thread/INFO] [Antique Atlas/]: Apply structure piece config: minecraft:village/plains/houses/plains_meeting_point_4
[25Dec2025 17:14:55.270] [Render thread/INFO] [Antique Atlas/]: Apply structure piece config: minecraft:village/plains/zombie/streets/straight_01
[25Dec2025 17:14:55.270] [Render thread/INFO] [Antique Atlas/]: Apply structure piece config: minecraft:village/plains/zombie/streets/straight_02
[25Dec2025 17:14:55.270] [Render thread/INFO] [Antique Atlas/]: Apply structure piece config: minecraft:village/plains/zombie/streets/straight_03
[25Dec2025 17:14:55.270] [Render thread/INFO] [Antique Atlas/]: Apply structure piece config: minecraft:village/plains/zombie/streets/straight_04
[25Dec2025 17:14:55.270] [Render thread/INFO] [Antique Atlas/]: Apply structure piece config: minecraft:village/plains/zombie/streets/straight_05
[25Dec2025 17:14:55.270] [Render thread/INFO] [Antique Atlas/]: Apply structure piece config: minecraft:village/plains/zombie/streets/straight_06
[25Dec2025 17:14:55.270] [Render thread/INFO] [Antique Atlas/]: Apply structure piece config: minecraft:village/plains/houses/plains_meeting_point_5
[25Dec2025 17:14:55.270] [Render thread/INFO] [Antique Atlas/]: Apply structure piece config: minecraft:village/plains/streets/straight_01
[25Dec2025 17:14:55.270] [Render thread/INFO] [Antique Atlas/]: Apply structure piece config: minecraft:village/plains/streets/straight_05
[25Dec2025 17:14:55.270] [Render thread/INFO] [Antique Atlas/]: Apply structure piece config: minecraft:village/plains/streets/straight_04
[25Dec2025 17:14:55.270] [Render thread/INFO] [Antique Atlas/]: Apply structure piece config: minecraft:village/plains/streets/straight_03
[25Dec2025 17:14:55.270] [Render thread/INFO] [Antique Atlas/]: Apply structure piece config: minecraft:village/plains/streets/straight_02
[25Dec2025 17:14:55.270] [Render thread/INFO] [Antique Atlas/]: Apply structure piece config: minecraft:village/taiga/houses/taiga_large_farm_1
[25Dec2025 17:14:55.270] [Render thread/INFO] [Antique Atlas/]: Apply structure piece config: minecraft:village/plains/streets/straight_06
[25Dec2025 17:14:55.270] [Render thread/INFO] [Antique Atlas/]: Apply structure piece config: minecraft:village/taiga/houses/taiga_large_farm_2
[25Dec2025 17:14:55.270] [Render thread/INFO] [Antique Atlas/]: Apply structure piece config: minecraft:village/plains/zombie/houses/plains_small_house_5
[25Dec2025 17:14:55.270] [Render thread/INFO] [Antique Atlas/]: Apply structure piece config: minecraft:village/taiga/zombie/houses/taiga_cartographer_house_1
[25Dec2025 17:14:55.270] [Render thread/INFO] [Antique Atlas/]: Apply structure piece config: minecraft:village/plains/zombie/houses/plains_small_house_4
[25Dec2025 17:14:55.270] [Render thread/INFO] [Antique Atlas/]: Apply structure piece config: minecraft:village/plains/zombie/houses/plains_small_house_7
[25Dec2025 17:14:55.270] [Render thread/INFO] [Antique Atlas/]: Apply structure piece config: minecraft:village/desert/zombie/houses/desert_medium_house_1
[25Dec2025 17:14:55.270] [Render thread/INFO] [Antique Atlas/]: Apply structure piece config: minecraft:village/plains/zombie/houses/plains_small_house_6
[25Dec2025 17:14:55.270] [Render thread/INFO] [Antique Atlas/]: Apply structure piece config: minecraft:village/desert/houses/desert_farm_1
[25Dec2025 17:14:55.270] [Render thread/INFO] [Antique Atlas/]: Apply structure piece config: minecraft:village/desert/zombie/houses/desert_medium_house_2
[25Dec2025 17:14:55.270] [Render thread/INFO] [Antique Atlas/]: Apply structure piece config: minecraft:village/desert/houses/desert_farm_2
[25Dec2025 17:14:55.270] [Render thread/INFO] [Antique Atlas/]: Apply structure piece config: minecraft:village/plains/zombie/houses/plains_small_house_8
[25Dec2025 17:14:55.270] [Render thread/INFO] [Antique Atlas/]: Apply structure piece config: minecraft:village/desert/houses/desert_library_1
[25Dec2025 17:14:55.270] [Render thread/INFO] [Antique Atlas/]: Apply structure piece config: minecraft:village/desert/houses/desert_armorer_1
[25Dec2025 17:14:55.270] [Render thread/INFO] [Antique Atlas/]: Apply structure piece config: minecraft:village/savanna/savanna_lamp_post_01
[25Dec2025 17:14:55.270] [Render thread/INFO] [Antique Atlas/]: Apply structure piece config: minecraft:village/desert/zombie/streets/straight_02
[25Dec2025 17:14:55.270] [Render thread/INFO] [Antique Atlas/]: Apply structure piece config: minecraft:village/desert/zombie/streets/straight_01
[25Dec2025 17:14:55.270] [Render thread/INFO] [Antique Atlas/]: Apply structure piece config: minecraft:village/desert/zombie/streets/straight_03
[25Dec2025 17:14:55.270] [Render thread/INFO] [Antique Atlas/]: Apply structure piece config: minecraft:village/plains/zombie/houses/plains_small_house_1
[25Dec2025 17:14:55.270] [Render thread/INFO] [Antique Atlas/]: Apply structure piece config: minecraft:village/plains/zombie/houses/plains_small_house_3
[25Dec2025 17:14:55.270] [Render thread/INFO] [Antique Atlas/]: Apply structure piece config: minecraft:village/plains/zombie/houses/plains_small_house_2
[25Dec2025 17:14:55.270] [Render thread/INFO] [Antique Atlas/]: Apply structure piece config: minecraft:village/savanna/zombie/streets/crossroad_02
[25Dec2025 17:14:55.270] [Render thread/INFO] [Antique Atlas/]: Apply structure piece config: minecraft:village/savanna/zombie/streets/crossroad_03
[25Dec2025 17:14:55.270] [Render thread/INFO] [Antique Atlas/]: Apply structure piece config: minecraft:village/savanna/zombie/streets/crossroad_06
[25Dec2025 17:14:55.270] [Render thread/INFO] [Antique Atlas/]: Apply structure piece config: minecraft:village/savanna/zombie/streets/crossroad_07
[25Dec2025 17:14:55.270] [Render thread/INFO] [Antique Atlas/]: Apply structure piece config: minecraft:village/savanna/zombie/streets/crossroad_04
[25Dec2025 17:14:55.270] [Render thread/INFO] [Antique Atlas/]: Apply structure piece config: minecraft:village/savanna/zombie/streets/crossroad_05
[25Dec2025 17:14:55.270] [Render thread/INFO] [Antique Atlas/]: Apply structure piece config: minecraft:village/plains/houses/plains_stable_2
[25Dec2025 17:14:55.270] [Render thread/INFO] [Antique Atlas/]: Apply structure piece config: minecraft:village/plains/houses/plains_stable_1
[25Dec2025 17:14:55.270] [Render thread/INFO] [Antique Atlas/]: Apply structure piece config: minecraft:village/taiga/zombie/streets/corner_03
[25Dec2025 17:14:55.270] [Render thread/INFO] [Antique Atlas/]: Apply structure piece config: minecraft:village/taiga/houses/taiga_small_house_2
[25Dec2025 17:14:55.270] [Render thread/INFO] [Antique Atlas/]: Apply structure piece config: minecraft:village/taiga/zombie/streets/corner_01
[25Dec2025 17:14:55.270] [Render thread/INFO] [Antique Atlas/]: Apply structure piece config: minecraft:village/taiga/houses/taiga_small_house_1
[25Dec2025 17:14:55.270] [Render thread/INFO] [Antique Atlas/]: Apply structure piece config: minecraft:village/taiga/zombie/streets/corner_02
[25Dec2025 17:14:55.270] [Render thread/INFO] [Antique Atlas/]: Apply structure piece config: minecraft:village/taiga/houses/taiga_small_house_4
[25Dec2025 17:14:55.270] [Render thread/INFO] [Antique Atlas/]: Apply structure piece config: minecraft:village/taiga/houses/taiga_small_house_3
[25Dec2025 17:14:55.270] [Render thread/INFO] [Antique Atlas/]: Apply structure piece config: minecraft:village/taiga/houses/taiga_small_house_5
[25Dec2025 17:14:55.270] [Render thread/INFO] [Antique Atlas/]: Apply structure piece config: minecraft:village/taiga/zombie/streets/turn_01
[25Dec2025 17:14:55.270] [Render thread/INFO] [Antique Atlas/]: Apply structure piece config: minecraft:village/snowy/streets/straight_02
[25Dec2025 17:14:55.270] [Render thread/INFO] [Antique Atlas/]: Apply structure piece config: minecraft:village/snowy/streets/straight_01
[25Dec2025 17:14:55.270] [Render thread/INFO] [Antique Atlas/]: Apply structure piece config: minecraft:village/desert/houses/desert_tannery_1
[25Dec2025 17:14:55.270] [Render thread/INFO] [Antique Atlas/]: Apply structure piece config: minecraft:village/taiga/zombie/houses/taiga_large_farm_2
[25Dec2025 17:14:55.270] [Render thread/INFO] [Antique Atlas/]: Apply structure piece config: minecraft:village/taiga/houses/taiga_animal_pen_1
[25Dec2025 17:14:55.270] [Render thread/INFO] [Antique Atlas/]: Apply structure piece config: minecraft:village/snowy/houses/snowy_fisher_cottage
[25Dec2025 17:14:55.270] [Render thread/INFO] [Antique Atlas/]: Apply structure piece config: minecraft:village/savanna/houses/savanna_weaponsmith_1
[25Dec2025 17:14:55.270] [Render thread/INFO] [Antique Atlas/]: Apply structure piece config: minecraft:village/snowy/zombie/streets/corner_03
[25Dec2025 17:14:55.270] [Render thread/INFO] [Antique Atlas/]: Apply structure piece config: minecraft:village/taiga/streets/corner_01
[25Dec2025 17:14:55.270] [Render thread/INFO] [Antique Atlas/]: Apply structure piece config: minecraft:village/savanna/houses/savanna_weaponsmith_2
[25Dec2025 17:14:55.270] [Render thread/INFO] [Antique Atlas/]: Apply structure piece config: minecraft:village/snowy/zombie/streets/corner_02
[25Dec2025 17:14:55.270] [Render thread/INFO] [Antique Atlas/]: Apply structure piece config: minecraft:village/taiga/streets/corner_02
[25Dec2025 17:14:55.270] [Render thread/INFO] [Antique Atlas/]: Apply structure piece config: minecraft:village/snowy/zombie/streets/corner_01
[25Dec2025 17:14:55.270] [Render thread/INFO] [Antique Atlas/]: Apply structure piece config: minecraft:village/taiga/streets/corner_03
[25Dec2025 17:14:55.270] [Render thread/INFO] [Antique Atlas/]: Apply structure piece config: minecraft:village/plains/zombie/houses/plains_butcher_shop_2
[25Dec2025 17:14:55.270] [Render thread/INFO] [Antique Atlas/]: Apply structure piece config: minecraft:village/savanna/houses/savanna_temple_1
[25Dec2025 17:14:55.270] [Render thread/INFO] [Antique Atlas/]: Apply structure piece config: minecraft:village/savanna/houses/savanna_shepherd_1
[25Dec2025 17:14:55.270] [Render thread/INFO] [Antique Atlas/]: Apply structure piece config: minecraft:village/savanna/houses/savanna_temple_2
[25Dec2025 17:14:55.270] [Render thread/INFO] [Antique Atlas/]: Apply structure piece config: minecraft:village/desert/streets/turn_01
[25Dec2025 17:14:55.270] [Render thread/INFO] [Antique Atlas/]: Apply structure piece config: minecraft:village/desert/zombie/streets/square_02
[25Dec2025 17:14:55.270] [Render thread/INFO] [Antique Atlas/]: Apply structure piece config: minecraft:village/desert/zombie/streets/square_01
[25Dec2025 17:14:55.270] [Render thread/INFO] [Antique Atlas/]: Apply structure piece config: minecraft:village/savanna/town_centers/savanna_meeting_point_2
[25Dec2025 17:14:55.270] [Render thread/INFO] [Antique Atlas/]: Apply structure piece config: minecraft:village/savanna/town_centers/savanna_meeting_point_1
[25Dec2025 17:14:55.270] [Render thread/INFO] [Antique Atlas/]: Apply structure piece config: minecraft:village/plains/zombie/houses/plains_stable_1
[25Dec2025 17:14:55.270] [Render thread/INFO] [Antique Atlas/]: Apply structure piece config: minecraft:village/savanna/town_centers/savanna_meeting_point_4
[25Dec2025 17:14:55.270] [Render thread/INFO] [Antique Atlas/]: Apply structure piece config: minecraft:village/savanna/town_centers/savanna_meeting_point_3
[25Dec2025 17:14:55.270] [Render thread/INFO] [Antique Atlas/]: Apply structure piece config: minecraft:village/snowy/houses/snowy_shepherds_house_1
[25Dec2025 17:14:55.270] [Render thread/INFO] [Antique Atlas/]: Apply structure piece config: minecraft:village/plains/houses/plains_tool_smith_1
[25Dec2025 17:14:55.270] [Render thread/INFO] [Antique Atlas/]: Apply structure piece config: minecraft:village/savanna/zombie/houses/savanna_large_farm_2
[25Dec2025 17:14:55.270] [Render thread/INFO] [Antique Atlas/]: Apply structure piece config: minecraft:village/taiga/zombie/houses/taiga_medium_house_1
[25Dec2025 17:14:55.270] [Render thread/INFO] [Antique Atlas/]: Apply structure piece config: minecraft:village/taiga/zombie/houses/taiga_medium_house_2
[25Dec2025 17:14:55.270] [Render thread/INFO] [Antique Atlas/]: Apply structure piece config: minecraft:village/snowy/houses/snowy_butchers_shop_1
[25Dec2025 17:14:55.270] [Render thread/INFO] [Antique Atlas/]: Apply structure piece config: minecraft:village/taiga/zombie/houses/taiga_medium_house_3
[25Dec2025 17:14:55.270] [Render thread/INFO] [Antique Atlas/]: Apply structure piece config: minecraft:village/snowy/houses/snowy_butchers_shop_2
[25Dec2025 17:14:55.270] [Render thread/INFO] [Antique Atlas/]: Apply structure piece config: minecraft:village/taiga/zombie/houses/taiga_medium_house_4
[25Dec2025 17:14:55.270] [Render thread/INFO] [Antique Atlas/]: Apply structure piece config: minecraft:village/savanna/houses/savanna_fletcher_house_1
[25Dec2025 17:14:55.270] [Render thread/INFO] [Antique Atlas/]: Apply structure piece config: minecraft:village/snowy/streets/straight_08
[25Dec2025 17:14:55.270] [Render thread/INFO] [Antique Atlas/]: Apply structure piece config: minecraft:village/savanna/zombie/streets/corner_01
[25Dec2025 17:14:55.270] [Render thread/INFO] [Antique Atlas/]: Apply structure piece config: minecraft:village/savanna/zombie/streets/corner_03
[25Dec2025 17:14:55.270] [Render thread/INFO] [Antique Atlas/]: Apply structure piece config: minecraft:village/snowy/streets/straight_04
[25Dec2025 17:14:55.270] [Render thread/INFO] [Antique Atlas/]: Apply structure piece config: minecraft:village/snowy/streets/straight_03
[25Dec2025 17:14:55.270] [Render thread/INFO] [Antique Atlas/]: Apply structure piece config: minecraft:village/snowy/streets/straight_06
[25Dec2025 17:14:55.270] [Render thread/INFO] [Antique Atlas/]: Apply structure piece config: minecraft:village/plains/streets/corner_03
[25Dec2025 17:14:55.270] [Render thread/INFO] [Antique Atlas/]: Apply structure piece config: minecraft:village/plains/streets/corner_01
[25Dec2025 17:14:55.270] [Render thread/INFO] [Antique Atlas/]: Apply structure piece config: minecraft:village/taiga/houses/taiga_butcher_shop_1
[25Dec2025 17:14:55.270] [Render thread/INFO] [Antique Atlas/]: Apply structure piece config: minecraft:village/plains/streets/corner_02
[25Dec2025 17:14:55.270] [Render thread/INFO] [Antique Atlas/]: Apply structure piece config: minecraft:village/desert/zombie/town_centers/desert_meeting_point_1
[25Dec2025 17:14:55.270] [Render thread/INFO] [Antique Atlas/]: Apply structure piece config: minecraft:village/desert/zombie/town_centers/desert_meeting_point_3
[25Dec2025 17:14:55.270] [Render thread/INFO] [Antique Atlas/]: Apply structure piece config: minecraft:village/taiga/streets/crossroad_05
[25Dec2025 17:14:55.271] [Render thread/INFO] [Antique Atlas/]: Apply structure piece config: minecraft:village/desert/zombie/town_centers/desert_meeting_point_2
[25Dec2025 17:14:55.271] [Render thread/INFO] [Antique Atlas/]: Apply structure piece config: minecraft:village/taiga/streets/crossroad_06
[25Dec2025 17:14:55.271] [Render thread/INFO] [Antique Atlas/]: Apply structure piece config: minecraft:village/taiga/streets/crossroad_03
[25Dec2025 17:14:55.271] [Render thread/INFO] [Antique Atlas/]: Apply structure piece config: minecraft:village/taiga/streets/crossroad_04
[25Dec2025 17:14:55.271] [Render thread/INFO] [Antique Atlas/]: Apply structure piece config: minecraft:village/snowy/zombie/streets/crossroad_02
[25Dec2025 17:14:55.271] [Render thread/INFO] [Antique Atlas/]: Apply structure piece config: minecraft:village/snowy/zombie/streets/crossroad_03
[25Dec2025 17:14:55.271] [Render thread/INFO] [Antique Atlas/]: Apply structure piece config: minecraft:village/snowy/zombie/streets/crossroad_04
[25Dec2025 17:14:55.271] [Render thread/INFO] [Antique Atlas/]: Apply structure piece config: minecraft:village/plains/houses/plains_cartographer_1
[25Dec2025 17:14:55.271] [Render thread/INFO] [Antique Atlas/]: Apply structure piece config: minecraft:village/snowy/zombie/streets/crossroad_05
[25Dec2025 17:14:55.271] [Render thread/INFO] [Antique Atlas/]: Apply structure piece config: minecraft:village/snowy/zombie/streets/crossroad_06
[25Dec2025 17:14:55.271] [Render thread/INFO] [Antique Atlas/]: Apply structure piece config: minecraft:village/snowy/houses/snowy_masons_house_2
[25Dec2025 17:14:55.271] [Render thread/INFO] [Antique Atlas/]: Apply structure piece config: minecraft:village/snowy/houses/snowy_fletcher_house_1
[25Dec2025 17:14:55.271] [Render thread/INFO] [Antique Atlas/]: Apply structure piece config: minecraft:village/snowy/houses/snowy_masons_house_1
[25Dec2025 17:14:55.271] [Render thread/INFO] [Antique Atlas/]: Apply structure piece config: minecraft:village/snowy/houses/snowy_temple_1
[25Dec2025 17:14:55.271] [Render thread/INFO] [Antique Atlas/]: Apply structure piece config: minecraft:village/taiga/streets/crossroad_01
[25Dec2025 17:14:55.271] [Render thread/INFO] [Antique Atlas/]: Apply structure piece config: minecraft:village/taiga/streets/crossroad_02
[25Dec2025 17:14:55.271] [Render thread/INFO] [Antique Atlas/]: Apply structure piece config: minecraft:village/savanna/streets/straight_02
[25Dec2025 17:14:55.271] [Render thread/INFO] [Antique Atlas/]: Apply structure piece config: minecraft:village/savanna/streets/straight_04
[25Dec2025 17:14:55.271] [Render thread/INFO] [Antique Atlas/]: Apply structure piece config: minecraft:village/taiga/houses/taiga_weaponsmith_2
[25Dec2025 17:14:55.271] [Render thread/INFO] [Antique Atlas/]: Apply structure piece config: minecraft:village/savanna/streets/straight_05
[25Dec2025 17:14:55.271] [Render thread/INFO] [Antique Atlas/]: Apply structure piece config: minecraft:village/taiga/houses/taiga_weaponsmith_1
[25Dec2025 17:14:55.271] [Render thread/INFO] [Antique Atlas/]: Apply structure piece config: minecraft:village/savanna/streets/straight_06
[25Dec2025 17:14:55.271] [Render thread/INFO] [Antique Atlas/]: Apply structure piece config: minecraft:village/savanna/streets/straight_08
[25Dec2025 17:14:55.271] [Render thread/INFO] [Antique Atlas/]: Apply structure piece config: minecraft:village/savanna/streets/straight_09
[25Dec2025 17:14:55.271] [Render thread/INFO] [Antique Atlas/]: Apply structure piece config: minecraft:village/plains/houses/plains_masons_house_1
[25Dec2025 17:14:55.271] [Render thread/INFO] [Antique Atlas/]: Apply structure piece config: minecraft:village/snowy/zombie/streets/turn_01
[25Dec2025 17:14:55.271] [Render thread/INFO] [Antique Atlas/]: Apply structure piece config: minecraft:village/snowy/houses/snowy_animal_pen_2
[25Dec2025 17:14:55.271] [Render thread/INFO] [Antique Atlas/]: Apply structure piece config: minecraft:village/snowy/houses/snowy_animal_pen_1
[25Dec2025 17:14:55.271] [Render thread/INFO] [Antique Atlas/]: Apply structure piece config: minecraft:village/taiga/streets/turn_01
[25Dec2025 17:14:55.271] [Render thread/INFO] [Antique Atlas/]: Apply structure piece config: minecraft:village/desert/zombie/streets/corner_01
[25Dec2025 17:14:55.271] [Render thread/INFO] [Antique Atlas/]: Apply structure piece config: minecraft:village/desert/zombie/streets/corner_02
[25Dec2025 17:14:55.271] [Render thread/INFO] [Antique Atlas/]: Apply structure piece config: minecraft:village/savanna/streets/straight_10
[25Dec2025 17:14:55.271] [Render thread/INFO] [Antique Atlas/]: Apply structure piece config: minecraft:village/savanna/streets/straight_11
[25Dec2025 17:14:55.271] [Render thread/INFO] [Antique Atlas/]: Apply structure piece config: minecraft:village/taiga/houses/taiga_tannery_1
[25Dec2025 17:14:55.271] [Render thread/INFO] [Antique Atlas/]: Apply structure piece config: minecraft:village/savanna/houses/savanna_mason_1
[25Dec2025 17:14:55.271] [Render thread/INFO] [Antique Atlas/]: Apply structure piece config: minecraft:village/desert/houses/desert_mason_1
[25Dec2025 17:14:55.271] [Render thread/INFO] [Antique Atlas/]: Apply structure piece config: minecraft:village/plains/houses/plains_small_house_6
[25Dec2025 17:14:55.271] [Render thread/INFO] [Antique Atlas/]: Apply structure piece config: minecraft:village/plains/houses/plains_small_house_5
[25Dec2025 17:14:55.271] [Render thread/INFO] [Antique Atlas/]: Apply structure piece config: minecraft:village/plains/houses/plains_small_house_8
[25Dec2025 17:14:55.271] [Render thread/INFO] [Antique Atlas/]: Apply structure piece config: minecraft:village/plains/houses/plains_small_house_7
[25Dec2025 17:14:55.271] [Render thread/INFO] [Antique Atlas/]: Apply structure piece config: minecraft:village/plains/houses/plains_small_house_2
[25Dec2025 17:14:55.271] [Render thread/INFO] [Antique Atlas/]: Apply structure piece config: minecraft:village/plains/houses/plains_small_house_1
[25Dec2025 17:14:55.271] [Render thread/INFO] [Antique Atlas/]: Apply structure piece config: minecraft:village/plains/houses/plains_small_house_4
[25Dec2025 17:14:55.271] [Render thread/INFO] [Antique Atlas/]: Apply structure piece config: minecraft:village/plains/houses/plains_small_house_3
[25Dec2025 17:14:55.271] [Render thread/INFO] [Antique Atlas/]: Apply structure piece config: minecraft:village/plains/town_centers/plains_fountain_01
[25Dec2025 17:14:55.271] [Render thread/INFO] [Antique Atlas/]: Apply structure piece config: minecraft:village/snowy/streets/turn_01
[25Dec2025 17:14:55.271] [Render thread/INFO] [Antique Atlas/]: Apply structure piece config: minecraft:village/savanna/houses/savanna_fisher_cottage_1
[25Dec2025 17:14:55.271] [Render thread/INFO] [Antique Atlas/]: Apply structure piece config: minecraft:village/taiga/zombie/houses/taiga_weaponsmith_2
[25Dec2025 17:14:55.271] [Render thread/INFO] [Antique Atlas/]: Apply structure piece config: minecraft:village/snowy/houses/snowy_cartographer_house_1
[25Dec2025 17:14:55.271] [Render thread/INFO] [Antique Atlas/]: Apply structure piece config: minecraft:village/plains/zombie/streets/crossroad_04
[25Dec2025 17:14:55.271] [Render thread/INFO] [Antique Atlas/]: Apply structure piece config: minecraft:village/plains/zombie/streets/crossroad_03
[25Dec2025 17:14:55.271] [Render thread/INFO] [Antique Atlas/]: Apply structure piece config: minecraft:village/plains/zombie/streets/crossroad_02
[25Dec2025 17:14:55.271] [Render thread/INFO] [Antique Atlas/]: Apply structure piece config: minecraft:village/plains/zombie/streets/crossroad_01
[25Dec2025 17:14:55.271] [Render thread/INFO] [Antique Atlas/]: Apply structure piece config: minecraft:village/plains/zombie/streets/crossroad_06
[25Dec2025 17:14:55.271] [Render thread/INFO] [Antique Atlas/]: Apply structure piece config: minecraft:village/plains/zombie/streets/crossroad_05
[25Dec2025 17:14:55.271] [Render thread/INFO] [Antique Atlas/]: Apply structure piece config: minecraft:village/desert/houses/desert_butcher_shop_1
[25Dec2025 17:14:55.271] [Render thread/INFO] [Antique Atlas/]: Apply structure piece config: minecraft:village/plains/zombie/houses/plains_big_house_1
[25Dec2025 17:14:55.271] [Render thread/INFO] [Antique Atlas/]: Apply structure piece config: minecraft:village/snowy/zombie/streets/straight_08
[25Dec2025 17:14:55.271] [Render thread/INFO] [Antique Atlas/]: Apply structure piece config: minecraft:village/snowy/zombie/streets/straight_04
[25Dec2025 17:14:55.271] [Render thread/INFO] [Antique Atlas/]: Apply structure piece config: minecraft:village/snowy/zombie/streets/straight_06
[25Dec2025 17:14:55.271] [Render thread/INFO] [Antique Atlas/]: Apply structure piece config: minecraft:village/snowy/zombie/streets/straight_01
[25Dec2025 17:14:55.271] [Render thread/INFO] [Antique Atlas/]: Apply structure piece config: minecraft:village/snowy/zombie/streets/straight_03
[25Dec2025 17:14:55.271] [Render thread/INFO] [Antique Atlas/]: Apply structure piece config: minecraft:village/snowy/zombie/streets/straight_02
[25Dec2025 17:14:55.271] [Render thread/INFO] [Antique Atlas/]: Apply structure piece config: minecraft:village/desert/desert_lamp_1
[25Dec2025 17:14:55.271] [Render thread/INFO] [Antique Atlas/]: Apply structure piece config: minecraft:village/desert/town_centers/desert_meeting_point_1
[25Dec2025 17:14:55.271] [Render thread/INFO] [Antique Atlas/]: Apply structure piece config: minecraft:village/plains/houses/plains_butcher_shop_1
[25Dec2025 17:14:55.271] [Render thread/INFO] [Antique Atlas/]: Apply structure piece config: minecraft:village/desert/town_centers/desert_meeting_point_2
[25Dec2025 17:14:55.271] [Render thread/INFO] [Antique Atlas/]: Apply structure piece config: minecraft:village/plains/houses/plains_butcher_shop_2
[25Dec2025 17:14:55.271] [Render thread/INFO] [Antique Atlas/]: Apply structure piece config: minecraft:village/savanna/zombie/streets/straight_10
[25Dec2025 17:14:55.271] [Render thread/INFO] [Antique Atlas/]: Apply structure piece config: minecraft:village/savanna/zombie/streets/straight_11
[25Dec2025 17:14:55.271] [Render thread/INFO] [Antique Atlas/]: Apply structure piece config: minecraft:village/savanna/zombie/streets/straight_06
[25Dec2025 17:14:55.271] [Render thread/INFO] [Antique Atlas/]: Apply structure piece config: minecraft:village/savanna/zombie/streets/straight_09
[25Dec2025 17:14:55.271] [Render thread/INFO] [Antique Atlas/]: Apply structure piece config: minecraft:village/taiga/zombie/houses/taiga_small_house_4
[25Dec2025 17:14:55.271] [Render thread/INFO] [Antique Atlas/]: Apply structure piece config: minecraft:village/savanna/zombie/streets/straight_08
[25Dec2025 17:14:55.271] [Render thread/INFO] [Antique Atlas/]: Apply structure piece config: minecraft:village/taiga/zombie/houses/taiga_small_house_5
[25Dec2025 17:14:55.271] [Render thread/INFO] [Antique Atlas/]: Apply structure piece config: minecraft:village/desert/town_centers/desert_meeting_point_3
[25Dec2025 17:14:55.271] [Render thread/INFO] [Antique Atlas/]: Apply structure piece config: minecraft:village/taiga/zombie/houses/taiga_small_house_2
[25Dec2025 17:14:55.271] [Render thread/INFO] [Antique Atlas/]: Apply structure piece config: minecraft:village/taiga/zombie/houses/taiga_small_house_3
[25Dec2025 17:14:55.271] [Render thread/INFO] [Antique Atlas/]: Apply structure piece config: minecraft:village/taiga/zombie/houses/taiga_small_house_1
[25Dec2025 17:14:55.271] [Render thread/INFO] [Antique Atlas/]: Apply structure piece config: minecraft:village/snowy/houses/snowy_tannery_1
[25Dec2025 17:14:55.271] [Render thread/INFO] [Antique Atlas/]: Apply structure piece config: minecraft:village/desert/streets/corner_02
[25Dec2025 17:14:55.271] [Render thread/INFO] [Antique Atlas/]: Apply structure piece config: minecraft:village/desert/zombie/streets/crossroad_01
[25Dec2025 17:14:55.271] [Render thread/INFO] [Antique Atlas/]: Apply structure piece config: minecraft:village/desert/streets/corner_01
[25Dec2025 17:14:55.271] [Render thread/INFO] [Antique Atlas/]: Apply structure piece config: minecraft:village/desert/zombie/streets/crossroad_02
[25Dec2025 17:14:55.271] [Render thread/INFO] [Antique Atlas/]: Apply structure piece config: minecraft:village/desert/streets/straight_02
[25Dec2025 17:14:55.271] [Render thread/INFO] [Antique Atlas/]: Apply structure piece config: minecraft:village/desert/zombie/streets/crossroad_03
[25Dec2025 17:14:55.271] [Render thread/INFO] [Antique Atlas/]: Apply structure piece config: minecraft:village/desert/streets/straight_03
[25Dec2025 17:14:55.271] [Render thread/INFO] [Antique Atlas/]: Apply structure piece config: minecraft:village/desert/streets/straight_01
[25Dec2025 17:14:55.271] [Render thread/INFO] [Antique Atlas/]: Apply structure piece config: minecraft:village/savanna/zombie/streets/straight_02
[25Dec2025 17:14:55.271] [Render thread/INFO] [Antique Atlas/]: Apply structure piece config: minecraft:village/savanna/zombie/streets/straight_05
[25Dec2025 17:14:55.271] [Render thread/INFO] [Antique Atlas/]: Apply structure piece config: minecraft:village/savanna/zombie/streets/straight_04
[25Dec2025 17:14:55.271] [Render thread/INFO] [Antique Atlas/]: Apply structure piece config: minecraft:village/snowy/zombie/streets/crossroad_01
[25Dec2025 17:14:55.271] [Render thread/INFO] [Antique Atlas/]: Apply structure piece config: minecraft:village/plains/zombie/houses/plains_fletcher_house_1
[25Dec2025 17:14:55.271] [Render thread/INFO] [Antique Atlas/]: Apply structure piece config: minecraft:village/plains/houses/plains_library_1
[25Dec2025 17:14:55.271] [Render thread/INFO] [Antique Atlas/]: Apply structure piece config: minecraft:village/plains/houses/plains_library_2
[25Dec2025 17:14:55.271] [Render thread/INFO] [Antique Atlas/]: Apply structure piece config: minecraft:village/desert/houses/desert_temple_2
[25Dec2025 17:14:55.271] [Render thread/INFO] [Antique Atlas/]: Apply structure piece config: minecraft:village/desert/houses/desert_temple_1
[25Dec2025 17:14:55.271] [Render thread/INFO] [Antique Atlas/]: Apply structure piece config: minecraft:village/savanna/houses/savanna_butchers_shop_1
[25Dec2025 17:14:55.271] [Render thread/INFO] [Antique Atlas/]: Apply structure piece config: minecraft:village/snowy/houses/snowy_library_1
[25Dec2025 17:14:55.271] [Render thread/INFO] [Antique Atlas/]: Apply structure piece config: minecraft:village/savanna/houses/savanna_butchers_shop_2
[25Dec2025 17:14:55.271] [Render thread/INFO] [Antique Atlas/]: Apply structure piece config: minecraft:village/plains/houses/plains_weaponsmith_1
[25Dec2025 17:14:55.271] [Render thread/INFO] [Antique Atlas/]: Apply structure piece config: minecraft:village/plains/houses/plains_large_farm_1
[25Dec2025 17:14:55.271] [Render thread/INFO] [Antique Atlas/]: Apply structure piece config: minecraft:village/desert/houses/desert_small_house_5
[25Dec2025 17:14:55.271] [Render thread/INFO] [Antique Atlas/]: Apply structure piece config: minecraft:village/taiga/houses/taiga_medium_house_2
[25Dec2025 17:14:55.271] [Render thread/INFO] [Antique Atlas/]: Apply structure piece config: minecraft:village/desert/houses/desert_small_house_6
[25Dec2025 17:14:55.271] [Render thread/INFO] [Antique Atlas/]: Apply structure piece config: minecraft:village/taiga/houses/taiga_medium_house_1
[25Dec2025 17:14:55.271] [Render thread/INFO] [Antique Atlas/]: Apply structure piece config: minecraft:village/desert/houses/desert_small_house_7
[25Dec2025 17:14:55.271] [Render thread/INFO] [Antique Atlas/]: Apply structure piece config: minecraft:village/taiga/houses/taiga_fletcher_house_1
[25Dec2025 17:14:55.271] [Render thread/INFO] [Antique Atlas/]: Apply structure piece config: minecraft:village/taiga/houses/taiga_medium_house_4
[25Dec2025 17:14:55.271] [Render thread/INFO] [Antique Atlas/]: Apply structure piece config: minecraft:village/desert/houses/desert_small_house_8
[25Dec2025 17:14:55.271] [Render thread/INFO] [Antique Atlas/]: Apply structure piece config: minecraft:village/taiga/houses/taiga_medium_house_3
[25Dec2025 17:14:55.271] [Render thread/INFO] [Antique Atlas/]: Apply structure piece config: minecraft:village/taiga/zombie/houses/taiga_temple_1
[25Dec2025 17:14:55.271] [Render thread/INFO] [Antique Atlas/]: Apply structure piece config: minecraft:village/desert/houses/desert_small_house_1
[25Dec2025 17:14:55.271] [Render thread/INFO] [Antique Atlas/]: Apply structure piece config: minecraft:village/desert/houses/desert_small_house_2
[25Dec2025 17:14:55.271] [Render thread/INFO] [Antique Atlas/]: Apply structure piece config: minecraft:village/desert/houses/desert_small_house_3
[25Dec2025 17:14:55.271] [Render thread/INFO] [Antique Atlas/]: Apply structure piece config: minecraft:village/desert/houses/desert_small_house_4
[25Dec2025 17:14:55.271] [Render thread/INFO] [Antique Atlas/]: Apply structure piece config: minecraft:village/plains/houses/plains_medium_house_2
[25Dec2025 17:14:55.271] [Render thread/INFO] [Antique Atlas/]: Apply structure piece config: minecraft:village/plains/houses/plains_medium_house_1
[25Dec2025 17:14:55.271] [Render thread/INFO] [Antique Atlas/]: Apply structure piece config: minecraft:village/savanna/houses/savanna_small_farm
[25Dec2025 17:14:55.271] [Render thread/INFO] [Antique Atlas/]: Apply structure piece config: minecraft:village/snowy/houses/snowy_farm_2
[25Dec2025 17:14:55.272] [Render thread/INFO] [Antique Atlas/]: Apply structure piece config: minecraft:village/snowy/houses/snowy_farm_1
[25Dec2025 17:14:55.272] [Render thread/INFO] [Antique Atlas/]: Apply structure piece config: minecraft:village/desert/zombie/streets/turn_01
[25Dec2025 17:14:55.272] [Render thread/INFO] [Antique Atlas/]: Apply structure piece config: minecraft:village/snowy/streets/corner_03
[25Dec2025 17:14:55.272] [Render thread/INFO] [Antique Atlas/]: Apply structure piece config: minecraft:village/snowy/streets/corner_02
[25Dec2025 17:14:55.272] [Render thread/INFO] [Antique Atlas/]: Apply structure piece config: minecraft:village/snowy/streets/corner_01
[25Dec2025 17:14:55.272] [Render thread/INFO] [Antique Atlas/]: Apply structure piece config: minecraft:village/savanna/houses/savanna_armorer_1
[25Dec2025 17:14:55.272] [Render thread/INFO] [Antique Atlas/]: Apply structure piece config: minecraft:village/plains/zombie/houses/plains_animal_pen_3
[25Dec2025 17:14:55.272] [Render thread/INFO] [Antique Atlas/]: Apply structure piece config: minecraft:village/snowy/zombie/town_centers/snowy_meeting_point_2
[25Dec2025 17:14:55.272] [Render thread/INFO] [Antique Atlas/]: Apply structure piece config: minecraft:village/snowy/zombie/town_centers/snowy_meeting_point_3
[25Dec2025 17:14:55.272] [Render thread/INFO] [Antique Atlas/]: Apply structure piece config: minecraft:village/plains/houses/plains_big_house_1
[25Dec2025 17:14:55.272] [Render thread/INFO] [Antique Atlas/]: Apply structure piece config: minecraft:village/desert/houses/desert_medium_house_1
[25Dec2025 17:14:55.272] [Render thread/INFO] [Antique Atlas/]: Apply structure piece config: minecraft:village/desert/houses/desert_medium_house_2
[25Dec2025 17:14:55.272] [Render thread/INFO] [Antique Atlas/]: Apply structure piece config: minecraft:village/snowy/zombie/town_centers/snowy_meeting_point_1
[25Dec2025 17:14:55.272] [Render thread/INFO] [Antique Atlas/]: Apply structure piece config: minecraft:village/desert/houses/desert_animal_pen_1
[25Dec2025 17:14:55.272] [Render thread/INFO] [Antique Atlas/]: Apply structure piece config: minecraft:village/desert/houses/desert_animal_pen_2
[25Dec2025 17:14:55.272] [Render thread/INFO] [Antique Atlas/]: Apply structure piece config: minecraft:village/taiga/houses/taiga_armorer_2
[25Dec2025 17:14:55.272] [Render thread/INFO] [Antique Atlas/]: Apply structure piece config: minecraft:village/plains/houses/plains_animal_pen_3
[25Dec2025 17:14:55.272] [Render thread/INFO] [Antique Atlas/]: Apply structure piece config: minecraft:village/plains/houses/plains_animal_pen_2
[25Dec2025 17:14:55.272] [Render thread/INFO] [Antique Atlas/]: Apply structure piece config: minecraft:village/plains/houses/plains_animal_pen_1
[25Dec2025 17:14:55.272] [Render thread/INFO] [Antique Atlas/]: Apply structure piece config: minecraft:village/plains/zombie/houses/plains_medium_house_1
[25Dec2025 17:14:55.272] [Render thread/INFO] [Antique Atlas/]: Apply structure piece config: minecraft:village/savanna/houses/savanna_cartographer_1
[25Dec2025 17:14:55.272] [Render thread/INFO] [Antique Atlas/]: Apply structure piece config: minecraft:village/plains/zombie/houses/plains_medium_house_2
[25Dec2025 17:14:55.272] [Render thread/INFO] [Antique Atlas/]: Apply structure piece config: minecraft:village/savanna/zombie/streets/split_02
[25Dec2025 17:14:55.272] [Render thread/INFO] [Antique Atlas/]: Apply structure piece config: minecraft:village/taiga/zombie/streets/straight_04
[25Dec2025 17:14:55.272] [Render thread/INFO] [Antique Atlas/]: Apply structure piece config: minecraft:village/savanna/zombie/streets/split_01
[25Dec2025 17:14:55.272] [Render thread/INFO] [Antique Atlas/]: Apply structure piece config: minecraft:village/taiga/zombie/streets/straight_05
[25Dec2025 17:14:55.272] [Render thread/INFO] [Antique Atlas/]: Apply structure piece config: minecraft:village/taiga/zombie/streets/straight_06
[25Dec2025 17:14:55.272] [Render thread/INFO] [Antique Atlas/]: Apply structure piece config: minecraft:village/desert/houses/desert_large_farm_1
[25Dec2025 17:14:55.272] [Render thread/INFO] [Antique Atlas/]: Apply structure piece config: minecraft:village/taiga/taiga_lamp_post_1
[25Dec2025 17:14:55.272] [Render thread/INFO] [Antique Atlas/]: Apply structure piece config: minecraft:village/plains/streets/crossroad_05
[25Dec2025 17:14:55.272] [Render thread/INFO] [Antique Atlas/]: Apply structure piece config: minecraft:village/taiga/houses/taiga_library_1
[25Dec2025 17:14:55.272] [Render thread/INFO] [Antique Atlas/]: Apply structure piece config: minecraft:village/plains/streets/crossroad_04
[25Dec2025 17:14:55.272] [Render thread/INFO] [Antique Atlas/]: Apply structure piece config: minecraft:village/plains/streets/crossroad_06
[25Dec2025 17:14:55.272] [Render thread/INFO] [Antique Atlas/]: Apply structure piece config: minecraft:village/taiga/streets/straight_04
[25Dec2025 17:14:55.272] [Render thread/INFO] [Antique Atlas/]: Apply structure piece config: minecraft:village/taiga/streets/straight_03
[25Dec2025 17:14:55.272] [Render thread/INFO] [Antique Atlas/]: Apply structure piece config: minecraft:village/taiga/zombie/streets/straight_01
[25Dec2025 17:14:55.272] [Render thread/INFO] [Antique Atlas/]: Apply structure piece config: minecraft:village/taiga/zombie/town_centers/taiga_meeting_point_2
[25Dec2025 17:14:55.272] [Render thread/INFO] [Antique Atlas/]: Apply structure piece config: minecraft:village/taiga/streets/straight_06
[25Dec2025 17:14:55.272] [Render thread/INFO] [Antique Atlas/]: Apply structure piece config: minecraft:village/taiga/zombie/streets/straight_02
[25Dec2025 17:14:55.272] [Render thread/INFO] [Antique Atlas/]: Apply structure piece config: minecraft:village/taiga/streets/straight_05
[25Dec2025 17:14:55.272] [Render thread/INFO] [Antique Atlas/]: Apply structure piece config: minecraft:village/taiga/zombie/streets/straight_03
[25Dec2025 17:14:55.272] [Render thread/INFO] [Antique Atlas/]: Apply structure piece config: minecraft:village/taiga/zombie/town_centers/taiga_meeting_point_1
[25Dec2025 17:14:55.272] [Render thread/INFO] [Antique Atlas/]: Apply structure piece config: minecraft:village/plains/streets/crossroad_01
[25Dec2025 17:14:55.272] [Render thread/INFO] [Antique Atlas/]: Apply structure piece config: minecraft:village/desert/houses/desert_weaponsmith_1
[25Dec2025 17:14:55.272] [Render thread/INFO] [Antique Atlas/]: Apply structure piece config: minecraft:village/plains/streets/crossroad_03
[25Dec2025 17:14:55.272] [Render thread/INFO] [Antique Atlas/]: Apply structure piece config: minecraft:village/plains/streets/crossroad_02
[25Dec2025 17:14:55.272] [Render thread/INFO] [Antique Atlas/]: Apply structure piece config: minecraft:village/plains/houses/plains_small_farm_1
[25Dec2025 17:14:55.272] [Render thread/INFO] [Antique Atlas/]: Apply structure piece config: minecraft:village/savanna/houses/savanna_animal_pen_1
[25Dec2025 17:14:55.272] [Render thread/INFO] [Antique Atlas/]: Apply structure piece config: minecraft:village/savanna/houses/savanna_animal_pen_2
[25Dec2025 17:14:55.272] [Render thread/INFO] [Antique Atlas/]: Apply structure piece config: minecraft:village/savanna/houses/savanna_animal_pen_3
[25Dec2025 17:14:55.272] [Render thread/INFO] [Antique Atlas/]: Apply structure piece config: minecraft:village/taiga/streets/straight_02
[25Dec2025 17:14:55.272] [Render thread/INFO] [Antique Atlas/]: Apply structure piece config: minecraft:village/taiga/streets/straight_01
[25Dec2025 17:14:55.272] [Render thread/INFO] [Antique Atlas/]: Apply structure piece config: minecraft:village/snowy/zombie/streets/square_01
[25Dec2025 17:14:55.272] [Render thread/INFO] [Antique Atlas/]: Apply structure piece config: minecraft:village/snowy/houses/snowy_weapon_smith_1
[25Dec2025 17:14:55.272] [Render thread/INFO] [Antique Atlas/]: Apply structure piece config: minecraft:village/taiga/houses/taiga_fisher_cottage_1
[25Dec2025 17:14:55.272] [Render thread/INFO] [Antique Atlas/]: Apply structure piece config: minecraft:village/desert/houses/desert_shepherd_house_1
[25Dec2025 17:14:55.272] [Render thread/INFO] [Antique Atlas/]: Apply structure piece config: minecraft:village/taiga/zombie/houses/taiga_library_1
[25Dec2025 17:14:55.272] [Render thread/INFO] [Antique Atlas/]: Apply structure piece config: minecraft:village/plains/houses/plains_accessory_1
[25Dec2025 17:14:55.272] [Render thread/INFO] [Antique Atlas/]: Apply structure piece config: minecraft:village/savanna/streets/turn_01
[25Dec2025 17:14:55.272] [Render thread/INFO] [Antique Atlas/]: Apply structure piece config: minecraft:village/savanna/houses/savanna_large_farm_1
[25Dec2025 17:14:55.272] [Render thread/INFO] [Antique Atlas/]: Apply structure piece config: minecraft:village/savanna/houses/savanna_large_farm_2
[25Dec2025 17:14:55.272] [Render thread/INFO] [Antique Atlas/]: Apply structure piece config: minecraft:village/plains/zombie/houses/plains_shepherds_house_1
[25Dec2025 17:14:55.272] [Render thread/INFO] [Antique Atlas/]: Apply structure piece config: minecraft:village/savanna/houses/savanna_small_house_3
[25Dec2025 17:14:55.272] [Render thread/INFO] [Antique Atlas/]: Apply structure piece config: minecraft:village/savanna/houses/savanna_small_house_4
[25Dec2025 17:14:55.272] [Render thread/INFO] [Antique Atlas/]: Apply structure piece config: minecraft:village/savanna/houses/savanna_small_house_1
[25Dec2025 17:14:55.272] [Render thread/INFO] [Antique Atlas/]: Apply structure piece config: minecraft:village/savanna/houses/savanna_small_house_2
[25Dec2025 17:14:55.272] [Render thread/INFO] [Antique Atlas/]: Apply structure piece config: minecraft:village/savanna/houses/savanna_small_house_7
[25Dec2025 17:14:55.272] [Render thread/INFO] [Antique Atlas/]: Apply structure piece config: minecraft:village/savanna/houses/savanna_small_house_8
[25Dec2025 17:14:55.272] [Render thread/INFO] [Antique Atlas/]: Apply structure piece config: minecraft:village/savanna/zombie/town_centers/savanna_meeting_point_1
[25Dec2025 17:14:55.272] [Render thread/INFO] [Antique Atlas/]: Apply structure piece config: minecraft:village/savanna/houses/savanna_small_house_5
[25Dec2025 17:14:55.272] [Render thread/INFO] [Antique Atlas/]: Apply structure piece config: minecraft:village/savanna/houses/savanna_small_house_6
[25Dec2025 17:14:55.272] [Render thread/INFO] [Antique Atlas/]: Apply structure piece config: minecraft:village/savanna/zombie/town_centers/savanna_meeting_point_4
[25Dec2025 17:14:55.272] [Render thread/INFO] [Antique Atlas/]: Apply structure piece config: minecraft:village/savanna/zombie/town_centers/savanna_meeting_point_2
[25Dec2025 17:14:55.272] [Render thread/INFO] [Antique Atlas/]: Apply structure piece config: minecraft:village/savanna/zombie/town_centers/savanna_meeting_point_3
[25Dec2025 17:14:55.272] [Render thread/INFO] [Antique Atlas/]: Apply structure piece config: minecraft:village/savanna/houses/savanna_tannery_1
[25Dec2025 17:14:55.272] [Render thread/INFO] [Antique Atlas/]: Apply structure piece config: minecraft:village/plains/houses/plains_shepherds_house_1
[25Dec2025 17:14:55.272] [Render thread/INFO] [Antique Atlas/]: Apply structure piece config: minecraft:village/savanna/zombie/houses/savanna_animal_pen_3
[25Dec2025 17:14:55.272] [Render thread/INFO] [Antique Atlas/]: Apply structure piece config: minecraft:village/savanna/zombie/houses/savanna_animal_pen_2
[25Dec2025 17:14:55.272] [Render thread/INFO] [Antique Atlas/]: Apply structure piece config: minecraft:village/plains/town_centers/plains_meeting_point_3
[25Dec2025 17:14:55.272] [Render thread/INFO] [Antique Atlas/]: Apply structure piece config: minecraft:village/taiga/houses/taiga_shepherds_house_1
[25Dec2025 17:14:55.272] [Render thread/INFO] [Antique Atlas/]: Apply structure piece config: minecraft:village/plains/town_centers/plains_meeting_point_2
[25Dec2025 17:14:55.272] [Render thread/INFO] [Antique Atlas/]: Apply structure piece config: minecraft:village/plains/town_centers/plains_meeting_point_1
[25Dec2025 17:14:55.272] [Render thread/INFO] [Antique Atlas/]: Apply structure piece config: minecraft:village/plains/houses/plains_temple_4
[25Dec2025 17:14:55.272] [Render thread/INFO] [Antique Atlas/]: Apply structure piece config: minecraft:village/savanna/streets/crossroad_02
[25Dec2025 17:14:55.272] [Render thread/INFO] [Antique Atlas/]: Apply structure piece config: minecraft:village/snowy/zombie/houses/snowy_medium_house_2
[25Dec2025 17:14:55.272] [Render thread/INFO] [Antique Atlas/]: Apply structure piece config: minecraft:village/snowy/zombie/houses/snowy_medium_house_3
[25Dec2025 17:14:55.272] [Render thread/INFO] [Antique Atlas/]: Apply structure piece config: minecraft:village/savanna/streets/crossroad_04
[25Dec2025 17:14:55.272] [Render thread/INFO] [Antique Atlas/]: Apply structure piece config: minecraft:village/desert/houses/desert_cartographer_house_1
[25Dec2025 17:14:55.272] [Render thread/INFO] [Antique Atlas/]: Apply structure piece config: minecraft:village/plains/houses/plains_temple_3
[25Dec2025 17:14:55.272] [Render thread/INFO] [Antique Atlas/]: Apply structure piece config: minecraft:village/savanna/streets/crossroad_03
[25Dec2025 17:14:55.272] [Render thread/INFO] [Antique Atlas/]: Apply structure piece config: minecraft:village/snowy/zombie/houses/snowy_medium_house_1
[25Dec2025 17:14:55.272] [Render thread/INFO] [Antique Atlas/]: Apply structure piece config: minecraft:village/desert/zombie/houses/desert_small_house_2
[25Dec2025 17:14:55.272] [Render thread/INFO] [Antique Atlas/]: Apply structure piece config: minecraft:village/desert/zombie/houses/desert_small_house_3
[25Dec2025 17:14:55.272] [Render thread/INFO] [Antique Atlas/]: Apply structure piece config: minecraft:village/taiga/zombie/houses/taiga_fisher_cottage_1
[25Dec2025 17:14:55.272] [Render thread/INFO] [Antique Atlas/]: Apply structure piece config: minecraft:village/desert/zombie/houses/desert_small_house_1
[25Dec2025 17:14:55.272] [Render thread/INFO] [Antique Atlas/]: Apply structure piece config: minecraft:village/desert/zombie/houses/desert_small_house_6
[25Dec2025 17:14:55.272] [Render thread/INFO] [Antique Atlas/]: Apply structure piece config: minecraft:village/desert/zombie/houses/desert_small_house_7
[25Dec2025 17:14:55.272] [Render thread/INFO] [Antique Atlas/]: Apply structure piece config: minecraft:village/taiga/houses/taiga_armorer_house_1
[25Dec2025 17:14:55.272] [Render thread/INFO] [Antique Atlas/]: Apply structure piece config: minecraft:village/desert/zombie/houses/desert_small_house_4
[25Dec2025 17:14:55.272] [Render thread/INFO] [Antique Atlas/]: Apply structure piece config: minecraft:village/desert/zombie/houses/desert_small_house_5
[25Dec2025 17:14:55.272] [Render thread/INFO] [Antique Atlas/]: Apply structure piece config: minecraft:village/desert/zombie/houses/desert_small_house_8
[25Dec2025 17:14:55.272] [Render thread/INFO] [Antique Atlas/]: Apply structure piece config: minecraft:village/snowy/streets/square_01
[25Dec2025 17:14:55.272] [Render thread/INFO] [Antique Atlas/]: Apply structure piece config: minecraft:village/taiga/houses/taiga_cartographer_house_1
[25Dec2025 17:14:55.272] [Render thread/INFO] [Antique Atlas/]: Apply structure piece config: minecraft:village/plains/houses/plains_armorer_house_1
[25Dec2025 17:14:55.272] [Render thread/INFO] [Antique Atlas/]: Apply structure piece config: minecraft:village/taiga/houses/taiga_masons_house_1
[25Dec2025 17:14:55.272] [Render thread/INFO] [Antique Atlas/]: Apply structure piece config: minecraft:village/snowy/zombie/houses/snowy_small_house_8
[25Dec2025 17:14:55.272] [Render thread/INFO] [Antique Atlas/]: Apply structure piece config: minecraft:village/snowy/zombie/houses/snowy_small_house_4
[25Dec2025 17:14:55.272] [Render thread/INFO] [Antique Atlas/]: Apply structure piece config: minecraft:village/snowy/zombie/houses/snowy_small_house_5
[25Dec2025 17:14:55.272] [Render thread/INFO] [Antique Atlas/]: Apply structure piece config: minecraft:village/savanna/zombie/houses/savanna_medium_house_2
[25Dec2025 17:14:55.272] [Render thread/INFO] [Antique Atlas/]: Apply structure piece config: minecraft:village/snowy/zombie/houses/snowy_small_house_6
[25Dec2025 17:14:55.272] [Render thread/INFO] [Antique Atlas/]: Apply structure piece config: minecraft:village/snowy/zombie/houses/snowy_small_house_7
[25Dec2025 17:14:55.272] [Render thread/INFO] [Antique Atlas/]: Apply structure piece config: minecraft:village/plains/streets/turn_01
[25Dec2025 17:14:55.272] [Render thread/INFO] [Antique Atlas/]: Apply structure piece config: minecraft:village/snowy/zombie/houses/snowy_small_house_1
[25Dec2025 17:14:55.272] [Render thread/INFO] [Antique Atlas/]: Apply structure piece config: minecraft:village/snowy/zombie/houses/snowy_small_house_2
[25Dec2025 17:14:55.272] [Render thread/INFO] [Antique Atlas/]: Apply structure piece config: minecraft:village/snowy/zombie/houses/snowy_small_house_3
[25Dec2025 17:14:55.272] [Render thread/INFO] [Antique Atlas/]: Apply structure piece config: minecraft:village/plains/houses/plains_fisher_cottage_1
[25Dec2025 17:14:55.272] [Render thread/INFO] [Antique Atlas/]: Apply structure piece config: minecraft:village/savanna/streets/corner_03
[25Dec2025 17:14:55.272] [Render thread/INFO] [Antique Atlas/]: Apply structure piece config: minecraft:village/snowy/houses/snowy_tool_smith_1
[25Dec2025 17:14:55.272] [Render thread/INFO] [Antique Atlas/]: Apply structure piece config: minecraft:village/snowy/town_centers/snowy_meeting_point_2
[25Dec2025 17:14:55.272] [Render thread/INFO] [Antique Atlas/]: Apply structure piece config: minecraft:village/savanna/streets/corner_01
[25Dec2025 17:14:55.272] [Render thread/INFO] [Antique Atlas/]: Apply structure piece config: minecraft:village/snowy/town_centers/snowy_meeting_point_1
[25Dec2025 17:14:55.272] [Render thread/INFO] [Antique Atlas/]: Apply structure piece config: minecraft:village/savanna/zombie/houses/savanna_medium_house_1
[25Dec2025 17:14:55.272] [Render thread/INFO] [Antique Atlas/]: Apply structure piece config: minecraft:village/savanna/streets/crossroad_06
[25Dec2025 17:14:55.272] [Render thread/INFO] [Antique Atlas/]: Apply structure piece config: minecraft:village/savanna/streets/crossroad_05
[25Dec2025 17:14:55.272] [Render thread/INFO] [Antique Atlas/]: Apply structure piece config: minecraft:village/snowy/town_centers/snowy_meeting_point_3
[25Dec2025 17:14:55.272] [Render thread/INFO] [Antique Atlas/]: Apply structure piece config: minecraft:village/savanna/streets/crossroad_07
[25Dec2025 17:14:55.272] [Render thread/INFO] [Antique Atlas/]: Apply structure piece config: minecraft:village/savanna/houses/savanna_library_1
[25Dec2025 17:14:55.272] [Render thread/INFO] [Antique Atlas/]: Apply structure piece config: minecraft:village/desert/streets/square_02
[25Dec2025 17:14:55.272] [Render thread/INFO] [Antique Atlas/]: Apply structure piece config: minecraft:village/desert/streets/square_01
[25Dec2025 17:14:55.272] [Render thread/INFO] [Antique Atlas/]: Apply structure piece config: minecraft:village/savanna/streets/split_01
[25Dec2025 17:14:55.272] [Render thread/INFO] [Antique Atlas/]: Apply structure piece config: minecraft:village/savanna/streets/split_02
[25Dec2025 17:14:55.272] [Render thread/INFO] [Antique Atlas/]: Apply structure piece config: minecraft:village/savanna/houses/savanna_medium_house_1
[25Dec2025 17:14:55.272] [Render thread/INFO] [Antique Atlas/]: Apply structure piece config: minecraft:village/taiga/zombie/streets/crossroad_02
[25Dec2025 17:14:55.272] [Render thread/INFO] [Antique Atlas/]: Apply structure piece config: minecraft:village/savanna/houses/savanna_medium_house_2
[25Dec2025 17:14:55.272] [Render thread/INFO] [Antique Atlas/]: Apply structure piece config: minecraft:village/taiga/zombie/streets/crossroad_03
[25Dec2025 17:14:55.272] [Render thread/INFO] [Antique Atlas/]: Apply structure piece config: minecraft:village/taiga/zombie/streets/crossroad_04
[25Dec2025 17:14:55.272] [Render thread/INFO] [Antique Atlas/]: Apply structure piece config: minecraft:village/taiga/zombie/streets/crossroad_05
[25Dec2025 17:14:55.272] [Render thread/INFO] [Antique Atlas/]: Apply structure piece config: minecraft:village/taiga/zombie/streets/crossroad_06
[25Dec2025 17:14:55.272] [Render thread/INFO] [Antique Atlas/]: Apply structure piece config: minecraft:village/plains/zombie/streets/turn_01
[25Dec2025 17:14:55.272] [Render thread/INFO] [Antique Atlas/]: Apply structure piece config: minecraft:village/savanna/zombie/houses/savanna_small_house_4
[25Dec2025 17:14:55.272] [Render thread/INFO] [Antique Atlas/]: Apply structure piece config: minecraft:village/plains/houses/plains_fletcher_house_1
[25Dec2025 17:14:55.272] [Render thread/INFO] [Antique Atlas/]: Apply structure piece config: minecraft:village/savanna/zombie/houses/savanna_small_house_5
[25Dec2025 17:14:55.272] [Render thread/INFO] [Antique Atlas/]: Apply structure piece config: minecraft:village/savanna/zombie/houses/savanna_small_house_6
[25Dec2025 17:14:55.272] [Render thread/INFO] [Antique Atlas/]: Apply structure piece config: minecraft:village/taiga/town_centers/taiga_meeting_point_1
[25Dec2025 17:14:55.272] [Render thread/INFO] [Antique Atlas/]: Apply structure piece config: minecraft:village/savanna/zombie/houses/savanna_small_house_7
[25Dec2025 17:14:55.272] [Render thread/INFO] [Antique Atlas/]: Apply structure piece config: minecraft:village/taiga/town_centers/taiga_meeting_point_2
[25Dec2025 17:14:55.272] [Render thread/INFO] [Antique Atlas/]: Apply structure piece config: minecraft:village/plains/plains_lamp_1
[25Dec2025 17:14:55.272] [Render thread/INFO] [Antique Atlas/]: Apply structure piece config: minecraft:village/savanna/zombie/houses/savanna_small_house_1
[25Dec2025 17:14:55.272] [Render thread/INFO] [Antique Atlas/]: Apply structure piece config: minecraft:village/savanna/zombie/houses/savanna_small_house_2
[25Dec2025 17:14:55.272] [Render thread/INFO] [Antique Atlas/]: Apply structure piece config: minecraft:village/plains/zombie/town_centers/plains_fountain_01
[25Dec2025 17:14:55.272] [Render thread/INFO] [Antique Atlas/]: Apply structure piece config: minecraft:village/savanna/zombie/houses/savanna_small_house_3
[25Dec2025 17:14:55.272] [Render thread/INFO] [Antique Atlas/]: Apply structure piece config: minecraft:village/plains/houses/plains_tannery_1
[25Dec2025 17:14:55.272] [Render thread/INFO] [Antique Atlas/]: Apply structure piece config: minecraft:village/taiga/zombie/streets/crossroad_01
[25Dec2025 17:14:55.272] [Render thread/INFO] [Antique Atlas/]: Apply structure piece config: minecraft:village/taiga/houses/taiga_tool_smith_1
[25Dec2025 17:14:55.272] [Render thread/INFO] [Antique Atlas/]: Apply structure piece config: minecraft:village/plains/zombie/streets/corner_01
[25Dec2025 17:14:55.273] [Render thread/INFO] [Antique Atlas/]: Apply structure piece config: minecraft:village/desert/houses/desert_fisher_1
[25Dec2025 17:14:55.273] [Render thread/INFO] [Antique Atlas/]: Apply structure piece config: minecraft:village/plains/zombie/streets/corner_02
[25Dec2025 17:14:55.273] [Render thread/INFO] [Antique Atlas/]: Apply structure piece config: minecraft:village/plains/zombie/streets/corner_03
[25Dec2025 17:14:55.273] [Render thread/INFO] [Antique Atlas/]: Apply structure piece config: minecraft:village/taiga/houses/taiga_temple_1
[25Dec2025 17:14:55.273] [Render thread/INFO] [Antique Atlas/]: Apply structure piece config: minecraft:village/desert/houses/desert_tool_smith_1
[25Dec2025 17:14:55.273] [Render thread/INFO] [Antique Atlas/]: Apply structure piece config: minecraft:village/taiga/houses/taiga_small_farm_1
[25Dec2025 17:14:55.273] [Render thread/INFO] [Antique Atlas/]: Apply structure piece config: minecraft:village/plains/zombie/houses/plains_meeting_point_4
[25Dec2025 17:14:55.273] [Render thread/INFO] [Antique Atlas/]: Apply structure piece config: minecraft:village/plains/zombie/houses/plains_meeting_point_5
[25Dec2025 17:14:55.273] [Render thread/INFO] [Antique Atlas/]: Apply structure piece config: minecraft:village/snowy/houses/snowy_armorer_house_2
[25Dec2025 17:14:55.273] [Render thread/INFO] [Antique Atlas/]: Apply structure piece config: minecraft:village/snowy/houses/snowy_armorer_house_1
[25Dec2025 17:14:55.273] [Render thread/INFO] [Antique Atlas/]: Apply structure piece config: minecraft:village/taiga/zombie/houses/taiga_tool_smith_1
[25Dec2025 17:14:55.273] [Render thread/INFO] [Antique Atlas/]: Apply structure piece config: minecraft:village/savanna/zombie/houses/savanna_small_house_8
[25Dec2025 17:14:55.273] [Render thread/INFO] [Antique Atlas/]: Apply structure piece config: minecraft:village/plains/zombie/town_centers/plains_meeting_point_1
[25Dec2025 17:14:55.273] [Render thread/INFO] [Antique Atlas/]: Apply structure piece config: minecraft:village/plains/zombie/town_centers/plains_meeting_point_3
[25Dec2025 17:14:55.273] [Render thread/INFO] [Antique Atlas/]: Apply structure piece config: minecraft:village/plains/zombie/town_centers/plains_meeting_point_2
[25Dec2025 17:14:55.273] [Render thread/INFO] [Antique Atlas/]: Apply structure piece config: minecraft:village/desert/houses/desert_fletcher_house_1
[25Dec2025 17:14:55.273] [Render thread/INFO] [Antique Atlas/]: Apply structure piece config: minecraft:village/snowy/streets/crossroad_04
[25Dec2025 17:14:55.273] [Render thread/INFO] [Antique Atlas/]: Apply structure piece config: minecraft:village/snowy/streets/crossroad_03
[25Dec2025 17:14:55.273] [Render thread/INFO] [Antique Atlas/]: Apply structure piece config: minecraft:village/snowy/streets/crossroad_06
[25Dec2025 17:14:55.273] [Render thread/INFO] [Antique Atlas/]: Apply structure piece config: minecraft:village/snowy/streets/crossroad_05
[25Dec2025 17:14:55.273] [Render thread/INFO] [Antique Atlas/]: Apply structure piece config: minecraft:village/savanna/houses/savanna_tool_smith_1
[25Dec2025 17:14:55.273] [Render thread/INFO] [Antique Atlas/]: Apply structure piece config: minecraft:village/snowy/streets/crossroad_02
[25Dec2025 17:14:55.273] [Render thread/INFO] [Antique Atlas/]: Apply structure piece config: minecraft:village/savanna/zombie/streets/turn_01
[25Dec2025 17:14:55.273] [Render thread/INFO] [Antique Atlas/]: Apply structure piece config: minecraft:village/snowy/streets/crossroad_01
[25Dec2025 17:14:56.819] [Render thread/INFO] [EMI/]: [EMI] Recipes synchronized, waiting for tags to reload EMI...
[25Dec2025 17:14:56.883] [Server thread/INFO] [net.minecraft.client.server.IntegratedServer/]: Starting integrated minecraft server version 1.21.1
[25Dec2025 17:14:56.883] [Server thread/INFO] [net.minecraft.server.MinecraftServer/]: Generating keypair
[25Dec2025 17:14:56.960] [Server thread/INFO] [DistantHorizons-DistantHorizons-com.seibel.distanthorizons.core.world.AbstractDhWorld/]: Started DhWorld of type CLIENT_SERVER
[25Dec2025 17:14:57.126] [Server thread/INFO] [DistantHorizons-DistantHorizons-com.seibel.distanthorizons.neoforge.NeoforgeClientProxy/]: level load
[25Dec2025 17:14:57.210] [DH-Full Data Migration Thread[0]/INFO] [DistantHorizons-DistantHorizons-com.seibel.distanthorizons.core.file.fullDatafile.V2.DataMigratorV1/]: No migration necessary.
[25Dec2025 17:14:57.219] [Server thread/INFO] [DistantHorizons-DistantHorizons-com.seibel.distanthorizons.core.level.AbstractDhServerLevel/]: Started DhClientServerLevel for [Wrapped{ServerLevel[FUCKME]@minecraft:overworld}] at [[LocalSaveStructure@(/home/wasabi/workspace/Games/Crystal-Launcher/instances/u.aiki/.minecraft/saves/FUCKME/data)]].
[25Dec2025 17:14:57.296] [Server thread/INFO] [DistantHorizons-DistantHorizons-com.seibel.distanthorizons.neoforge.NeoforgeClientProxy/]: level load
[25Dec2025 17:14:57.301] [DH-Full Data Migration Thread[0]/INFO] [DistantHorizons-DistantHorizons-com.seibel.distanthorizons.core.file.fullDatafile.V2.DataMigratorV1/]: No migration necessary.
[25Dec2025 17:14:57.304] [Server thread/INFO] [DistantHorizons-DistantHorizons-com.seibel.distanthorizons.core.level.AbstractDhServerLevel/]: Started DhClientServerLevel for [Wrapped{ServerLevel[FUCKME]@minecraft:the_nether}] at [[LocalSaveStructure@(/home/wasabi/workspace/Games/Crystal-Launcher/instances/u.aiki/.minecraft/saves/FUCKME/data;/home/wasabi/workspace/Games/Crystal-Launcher/instances/u.aiki/.minecraft/saves/FUCKME/DIM-1/data)]].
[25Dec2025 17:14:57.314] [Server thread/INFO] [DistantHorizons-DistantHorizons-com.seibel.distanthorizons.neoforge.NeoforgeClientProxy/]: level load
[25Dec2025 17:14:57.318] [DH-Full Data Migration Thread[0]/INFO] [DistantHorizons-DistantHorizons-com.seibel.distanthorizons.core.file.fullDatafile.V2.DataMigratorV1/]: No migration necessary.
[25Dec2025 17:14:57.321] [Server thread/INFO] [DistantHorizons-DistantHorizons-com.seibel.distanthorizons.core.level.AbstractDhServerLevel/]: Started DhClientServerLevel for [Wrapped{ServerLevel[FUCKME]@minecraft:the_end}] at [[LocalSaveStructure@(/home/wasabi/workspace/Games/Crystal-Launcher/instances/u.aiki/.minecraft/saves/FUCKME/DIM1/data;/home/wasabi/workspace/Games/Crystal-Launcher/instances/u.aiki/.minecraft/saves/FUCKME/data;/home/wasabi/workspace/Games/Crystal-Launcher/instances/u.aiki/.minecraft/saves/FUCKME/DIM-1/data)]].
[25Dec2025 17:14:57.629] [Server thread/INFO] [DistantHorizons-DistantHorizons-com.seibel.distanthorizons.neoforge.NeoforgeClientProxy/]: level load
[25Dec2025 17:14:57.633] [DH-Full Data Migration Thread[0]/INFO] [DistantHorizons-DistantHorizons-com.seibel.distanthorizons.core.file.fullDatafile.V2.DataMigratorV1/]: No migration necessary.
[25Dec2025 17:14:57.635] [Server thread/INFO] [DistantHorizons-DistantHorizons-com.seibel.distanthorizons.core.level.AbstractDhServerLevel/]: Started DhClientServerLevel for [Wrapped{ServerLevel[FUCKME]@ae2:spatial_storage}] at [[LocalSaveStructure@(/home/wasabi/workspace/Games/Crystal-Launcher/instances/u.aiki/.minecraft/saves/FUCKME/DIM1/data;/home/wasabi/workspace/Games/Crystal-Launcher/instances/u.aiki/.minecraft/saves/FUCKME/data;/home/wasabi/workspace/Games/Crystal-Launcher/instances/u.aiki/.minecraft/saves/FUCKME/dimensions/ae2/spatial_storage/data;/home/wasabi/workspace/Games/Crystal-Launcher/instances/u.aiki/.minecraft/saves/FUCKME/DIM-1/data)]].
[25Dec2025 17:14:57.637] [Server thread/INFO] [net.minecraft.server.MinecraftServer/]: Preparing start region for dimension minecraft:overworld
[25Dec2025 17:14:57.747] [Render thread/INFO] [net.minecraft.server.level.progress.LoggerChunkProgressListener/]: Preparing spawn area: 0%
[25Dec2025 17:14:57.804] [Server thread/INFO] [net.neoforged.neoforge.server.permission.PermissionAPI/]: Successfully initialized permission handler neoforge:default_handler
[25Dec2025 17:14:57.816] [Render thread/INFO] [net.minecraft.server.level.progress.LoggerChunkProgressListener/]: Time elapsed: 168 ms
[25Dec2025 17:14:57.823] [Server thread/INFO] [Quad/]: [Quad] cached original fuel map with count of: 951
[25Dec2025 17:14:58.024] [Server thread/INFO] [gripe._90.megacells.misc.CompressionService/]: Initialised bulk compression. 58 compression chains gathered.
[25Dec2025 17:14:58.043] [Server thread/INFO] [immersiveengineering/]: Couldn't fully analyze 1 mekanism:free_runners_armored, missing knowledge for {1 mekanism:free_runners=1.0}
[25Dec2025 17:14:58.043] [Server thread/INFO] [immersiveengineering/]: Finished recipe profiler for Arc Recycling, took 19 milliseconds
[25Dec2025 17:14:58.082] [Server thread/INFO] [net.minecraft.client.server.IntegratedServer/]: Changing simulation distance to 5, from 0
[25Dec2025 17:14:58.320] [Render thread/INFO] [EMI/]: [EMI] Recipes synchronized, waiting for tags to reload EMI...
[25Dec2025 17:14:58.396] [Server thread/INFO] [net.minecraft.server.players.PlayerList/]: wasabi[local:E:d86d73db] logged in with entity id 11 at (-535.1489805205849, 66.0, 1079.7657522509176)
[25Dec2025 17:14:58.423] [Server thread/INFO] [net.minecraft.server.MinecraftServer/]: wasabi joined the game
[25Dec2025 17:14:58.431] [Server thread/INFO] [net.minecraft.server.MinecraftServer/]: wasabi has made the advancement [Suit Up]
[25Dec2025 17:14:58.448] [Server thread/INFO] [net.minecraft.server.MinecraftServer/]: wasabi has made the advancement [Needs More Speeeeed!]
[25Dec2025 17:14:58.462] [Server thread/INFO] [antiqueatlas/]: Sent markers data #-1 to player wasabi
[25Dec2025 17:14:58.463] [Netty Server IO #1/INFO] [immersiveengineering/]: Recipes for potions: minecraft:slowness, minecraft:strong_leaping, minecraft:long_turtle_master, minecraft:long_fire_resistance, minecraft:strong_regeneration, minecraft:infested, minecraft:swiftness, minecraft:healing, minecraft:strong_slowness, minecraft:invisibility, minecraft:long_strength, minecraft:oozing, minecraft:strong_poison, minecraft:long_water_breathing, minecraft:long_slow_falling, minecraft:regeneration, minecraft:slow_falling, minecraft:long_invisibility, minecraft:leaping, minecraft:wind_charged, minecraft:night_vision, minecraft:long_night_vision, minecraft:strong_turtle_master, minecraft:harming, minecraft:strength, minecraft:poison, minecraft:weaving, minecraft:strong_swiftness, minecraft:fire_resistance, minecraft:turtle_master, minecraft:long_weakness, minecraft:water_breathing, minecraft:long_swiftness, minecraft:awkward, minecraft:water, minecraft:long_slowness, minecraft:weakness, minecraft:strong_harming, minecraft:long_poison, minecraft:long_leaping, minecraft:long_regeneration, minecraft:strong_strength, minecraft:strong_healing
[25Dec2025 17:14:58.463] [Server thread/INFO] [antiqueatlas/]: Sent custom biome data to player wasabi
[25Dec2025 17:14:58.463] [Server thread/INFO] [antiqueatlas/]: Sent custom biome data to player wasabi
[25Dec2025 17:14:58.463] [Server thread/INFO] [antiqueatlas/]: Sent custom biome data to player wasabi
[25Dec2025 17:14:58.463] [Server thread/INFO] [antiqueatlas/]: Sent custom biome data to player wasabi
[25Dec2025 17:14:58.476] [Server thread/INFO] [DistantHorizons-DistantHorizons-com.seibel.distanthorizons.core.api.internal.ServerApi/]: Player [wasabi] joined.
[25Dec2025 17:14:58.508] [DH-Request Module Ticker [minecraft:overworld] Thread[0]/INFO] [DistantHorizons-DistantHorizons-com.seibel.distanthorizons.core.generation.BatchGenerator/]: Batch Chunk Generator initialized
[25Dec2025 17:14:58.510] [DH-Request Module Ticker [minecraft:overworld] Thread[0]/INFO] [DistantHorizons-DistantHorizons-com.seibel.distanthorizons.core.generation.WorldGenerationQueue/]: Creating world gen queue
[25Dec2025 17:14:58.510] [DH-Request Module Ticker [minecraft:overworld] Thread[0]/INFO] [DistantHorizons-DistantHorizons-com.seibel.distanthorizons.core.generation.WorldGenerationQueue/]: Created world gen queue
[25Dec2025 17:14:58.510] [DH-Request Module Ticker [minecraft:overworld] Thread[0]/INFO] [DistantHorizons-DistantHorizons-com.seibel.distanthorizons.core.file.fullDatafile.GeneratedFullDataSourceProvider/]: Set world gen queue for level [minecraft:overworld].
[25Dec2025 17:14:58.623] [Render thread/INFO] [DistantHorizons-DistantHorizons-com.seibel.distanthorizons.neoforge.NeoforgeClientProxy/]: level load
[25Dec2025 17:14:58.629] [Render thread/INFO] [DistantHorizons-DistantHorizons-com.seibel.distanthorizons.core.api.internal.ClientApi/]: Loading client level [Wrapped{ClientLevel@a115o7du5q67q@minecraft:overworld}]-[a115o7du5q67q@minecraft:overworld].
[25Dec2025 17:14:58.638] [Render thread/INFO] [DistantHorizons-DistantHorizons-com.seibel.distanthorizons.core.api.internal.ClientApi/]: Loaded [0] waiting chunk wrappers.
[25Dec2025 17:14:58.791] [Render thread/INFO] [antiqueatlas/]: Auto-registered standard texture set for biome minecraft:mangrove_swamp: antiqueatlas:swamp
[25Dec2025 17:14:58.791] [Render thread/INFO] [antiqueatlas/]: Auto-registered standard texture set for biome minecraft:cherry_grove: antiqueatlas:mountains
[25Dec2025 17:14:58.791] [Render thread/ERROR] [antiqueatlas/]: Failed to auto-register a standard texture set for the biome 'ae2:spatial_storage'. This is most likely caused by errors in the TextureSet configurations, check your resource packs first before reporting it as an issue!
[25Dec2025 17:14:58.791] [Render thread/WARN] [Antique Atlas/]: Underground biomes aren't supported yet.
[25Dec2025 17:14:58.791] [Render thread/ERROR] [antiqueatlas/]: Failed to auto-register a standard texture set for the biome 'minecraft:lush_caves'. This is most likely caused by errors in the TextureSet configurations, check your resource packs first before reporting it as an issue!
[25Dec2025 17:14:58.791] [Render thread/WARN] [Antique Atlas/]: Underground biomes aren't supported yet.
[25Dec2025 17:14:58.791] [Render thread/ERROR] [antiqueatlas/]: Failed to auto-register a standard texture set for the biome 'minecraft:deep_dark'. This is most likely caused by errors in the TextureSet configurations, check your resource packs first before reporting it as an issue!
[25Dec2025 17:14:58.791] [Render thread/WARN] [Antique Atlas/]: Underground biomes aren't supported yet.
[25Dec2025 17:14:58.791] [Render thread/ERROR] [antiqueatlas/]: Failed to auto-register a standard texture set for the biome 'minecraft:dripstone_caves'. This is most likely caused by errors in the TextureSet configurations, check your resource packs first before reporting it as an issue!
[25Dec2025 17:14:58.809] [Render thread/INFO] [DistantHorizons-DistantHorizons-com.seibel.distanthorizons.core.api.internal.ClientApi/]: Loading client level [Wrapped{ClientLevel@a115o7du5q67q@minecraft:overworld}]-[a115o7du5q67q@minecraft:overworld].
[25Dec2025 17:14:58.810] [Render thread/INFO] [DistantHorizons-DistantHorizons-com.seibel.distanthorizons.core.api.internal.ClientApi/]: Loaded [0] waiting chunk wrappers.
[25Dec2025 17:14:58.849] [Render thread/INFO] [EMI/]: [EMI] Tags synchronized, reloading EMI
[25Dec2025 17:14:58.849] [Render thread/INFO] [EMI/]: [EMI] Starting Reload
[25Dec2025 17:14:58.850] [Thread-34/INFO] [EMI/]: [EMI] Starting EMI reload...
[25Dec2025 17:14:58.850] [Thread-34/INFO] [EMI/]: [EMI] Clearing data
[25Dec2025 17:14:58.867] [Render thread/INFO] [net.minecraft.client.gui.components.ChatComponent/]: [System] [CHAT] wasabi has made the advancement [Suit Up]
[25Dec2025 17:14:58.869] [Render thread/INFO] [net.minecraft.client.gui.components.ChatComponent/]: [System] [CHAT] wasabi has made the advancement [Needs More Speeeeed!]
[25Dec2025 17:14:58.871] [Render thread/INFO] [snownee.jade.Jade/]: Received config from the server: 
[25Dec2025 17:14:58.879] [Render thread/INFO] [net.minecraft.advancements.AdvancementTree/]: Loaded 193 advancements
[25Dec2025 17:14:58.879] [Thread-34/INFO] [EMI/]: [EMI] Initializing plugin from emi
[25Dec2025 17:14:58.882] [Thread-34/INFO] [EMI/]: [EMI] Initialized plugin from emi in 2ms
[25Dec2025 17:14:58.882] [Thread-34/INFO] [EMI/]: [EMI] Initializing plugin from sophisticatedcore
[25Dec2025 17:14:58.882] [Thread-34/INFO] [EMI/]: [EMI] Initialized plugin from sophisticatedcore in 0ms
[25Dec2025 17:14:58.882] [Thread-34/INFO] [EMI/]: [EMI] Initializing plugin from sophisticatedbackpacks
[25Dec2025 17:14:58.882] [Thread-34/INFO] [EMI/]: [EMI] Initialized plugin from sophisticatedbackpacks in 0ms
[25Dec2025 17:14:58.882] [Thread-34/INFO] [EMI/]: [EMI] Initializing plugin from curios
[25Dec2025 17:14:58.882] [Thread-34/INFO] [EMI/]: [EMI] Initialized plugin from curios in 0ms
[25Dec2025 17:14:58.882] [Thread-34/INFO] [EMI/]: [EMI] Initializing plugin from computercraft
[25Dec2025 17:14:58.882] [Thread-34/INFO] [EMI/]: [EMI] Initialized plugin from computercraft in 0ms
[25Dec2025 17:14:58.882] [Thread-34/INFO] [EMI/]: [EMI] Initializing plugin from mekanism
[25Dec2025 17:14:58.882] [Thread-34/INFO] [EMI/]: [EMI] Initialized plugin from mekanism in 0ms
[25Dec2025 17:14:58.882] [Thread-34/INFO] [EMI/]: [EMI] Initializing plugin from mekanismgenerators
[25Dec2025 17:14:58.882] [Thread-34/INFO] [EMI/]: [EMI] Initialized plugin from mekanismgenerators in 0ms
[25Dec2025 17:14:58.882] [Thread-34/INFO] [EMI/]: [EMI] Initializing plugin from jeimultiblocks
[25Dec2025 17:14:58.882] [Thread-34/INFO] [EMI/]: [EMI] Initialized plugin from jeimultiblocks in 0ms
[25Dec2025 17:14:58.882] [Thread-34/INFO] [EMI/]: [EMI] Initializing plugin from ae2
[25Dec2025 17:14:58.882] [Thread-34/INFO] [EMI/]: [EMI] Initialized plugin from ae2 in 0ms
[25Dec2025 17:14:58.882] [Thread-34/INFO] [EMI/]: [EMI] Initializing plugin from ae2wtlib
[25Dec2025 17:14:58.882] [Thread-34/INFO] [EMI/]: [EMI] Initialized plugin from ae2wtlib in 0ms
[25Dec2025 17:14:58.882] [Thread-34/INFO] [EMI/]: [EMI] Initializing plugin from extendedae
[25Dec2025 17:14:58.882] [Thread-34/INFO] [EMI/]: [EMI] Initialized plugin from extendedae in 0ms
[25Dec2025 17:14:58.882] [Thread-34/INFO] [EMI/]: [EMI] Initializing plugin from advanced_ae
[25Dec2025 17:14:58.882] [Thread-34/INFO] [EMI/]: [EMI] Initialized plugin from advanced_ae in 0ms
[25Dec2025 17:14:58.882] [Thread-34/INFO] [EMI/]: [EMI] Initializing plugin from appmek
[25Dec2025 17:14:58.882] [Thread-34/INFO] [EMI/]: [EMI] Initialized plugin from appmek in 0ms
[25Dec2025 17:14:58.883] [Thread-34/INFO] [EMI/]: [EMI] Processing tags
[25Dec2025 17:14:58.904] [Thread-34/INFO] [EMI/]: [EMI] Constructing index
[25Dec2025 17:14:58.911] [Thread-34/INFO] [EMI/]: [EMI] Reloading item groups on client thread...
[25Dec2025 17:14:58.982] [Render thread/INFO] [DistantHorizons-DistantHorizons-com.seibel.distanthorizons.core.render.glObject.GLProxy/]: Creating GLProxy... If this is the last message you see there must have been an OpenGL error.
[25Dec2025 17:14:58.983] [Render thread/INFO] [DistantHorizons-DistantHorizons-com.seibel.distanthorizons.core.render.glObject.GLProxy/]: Lod Render OpenGL version [4.6 (Core Profile) Mesa 25.3.2-arch1.1].
[25Dec2025 17:14:58.983] [Render thread/INFO] [DistantHorizons-DistantHorizons-com.seibel.distanthorizons.core.render.glObject.GLProxy/]: minecraftGlCapabilities:
Your OpenGL support:
openGL version 3.2+: [true] <- REQUIRED
Vertex Attribute Buffer Binding: [true] <- optional improvement
Buffer Storage: [true] <- optional improvement

[25Dec2025 17:14:58.985] [Render thread/INFO] [DistantHorizons-DistantHorizons-com.seibel.distanthorizons.core.render.glObject.GLProxy/]: GPU Vendor [AMD] with OS [Linux], Preferred upload method is [BUFFER_STORAGE].
[25Dec2025 17:14:58.985] [Render thread/INFO] [DistantHorizons-DistantHorizons-com.seibel.distanthorizons.core.render.glObject.GLProxy/]: GLProxy creation successful. OpenGL smiles upon you this day.
[25Dec2025 17:14:58.987] [Render thread/INFO] [DistantHorizons-DistantHorizons-com.seibel.distanthorizons.core.render.renderer.LodRenderer/]: Setting up renderer
[25Dec2025 17:14:58.989] [Render thread/INFO] [DistantHorizons-DistantHorizons-com.seibel.distanthorizons.core.render.glObject.shader.Shader/]: Loading shader with type: [35633]
[25Dec2025 17:14:58.990] [Render thread/INFO] [DistantHorizons-DistantHorizons-com.seibel.distanthorizons.core.render.glObject.shader.Shader/]: Shader loaded sucessfully.
[25Dec2025 17:14:58.990] [Render thread/INFO] [DistantHorizons-DistantHorizons-com.seibel.distanthorizons.core.render.glObject.shader.Shader/]: Loading shader with type: [35632]
[25Dec2025 17:14:58.991] [Render thread/INFO] [DistantHorizons-DistantHorizons-com.seibel.distanthorizons.core.render.glObject.shader.Shader/]: Shader loaded sucessfully.
[25Dec2025 17:14:58.997] [Render thread/INFO] [DistantHorizons-DistantHorizons-com.seibel.distanthorizons.core.render.glObject.vertexAttribute.VertexAttributePostGL43/]: Vertex Attribute (GL43+) completed. It contains 1 binding points and a stride size of 16
[25Dec2025 17:14:59.021] [Render thread/INFO] [DistantHorizons-DistantHorizons-com.seibel.distanthorizons.core.render.renderer.LodRenderer/]: Renderer setup complete
[25Dec2025 17:14:59.024] [Render thread/INFO] [DistantHorizons-DistantHorizons-com.seibel.distanthorizons.core.render.glObject.shader.Shader/]: Loading shader with type: [35633]
[25Dec2025 17:14:59.024] [Render thread/INFO] [DistantHorizons-DistantHorizons-com.seibel.distanthorizons.core.render.glObject.shader.Shader/]: Shader loaded sucessfully.
[25Dec2025 17:14:59.025] [Render thread/INFO] [DistantHorizons-DistantHorizons-com.seibel.distanthorizons.core.render.glObject.shader.Shader/]: Loading shader with type: [35632]
[25Dec2025 17:14:59.025] [Render thread/INFO] [DistantHorizons-DistantHorizons-com.seibel.distanthorizons.core.render.glObject.shader.Shader/]: Shader loaded sucessfully.
[25Dec2025 17:14:59.026] [Render thread/INFO] [DistantHorizons-DistantHorizons-com.seibel.distanthorizons.core.render.glObject.vertexAttribute.VertexAttributePostGL43/]: Vertex Attribute (GL43+) completed. It contains 1 binding points and a stride size of 12
[25Dec2025 17:14:59.026] [Render thread/INFO] [DistantHorizons-DistantHorizons-com.seibel.distanthorizons.core.render.glObject.shader.Shader/]: Loading shader with type: [35633]
[25Dec2025 17:14:59.027] [Render thread/INFO] [DistantHorizons-DistantHorizons-com.seibel.distanthorizons.core.render.glObject.shader.Shader/]: Shader loaded sucessfully.
[25Dec2025 17:14:59.027] [Render thread/INFO] [DistantHorizons-DistantHorizons-com.seibel.distanthorizons.core.render.glObject.shader.Shader/]: Loading shader with type: [35632]
[25Dec2025 17:14:59.027] [Render thread/INFO] [DistantHorizons-DistantHorizons-com.seibel.distanthorizons.core.render.glObject.shader.Shader/]: Shader loaded sucessfully.
[25Dec2025 17:14:59.028] [Render thread/INFO] [DistantHorizons-DistantHorizons-com.seibel.distanthorizons.core.render.glObject.vertexAttribute.VertexAttributePostGL43/]: Vertex Attribute (GL43+) completed. It contains 1 binding points and a stride size of 12
[25Dec2025 17:14:59.041] [Render thread/INFO] [DistantHorizons-DistantHorizons-com.seibel.distanthorizons.core.render.glObject.shader.Shader/]: Loading shader with type: [35633]
[25Dec2025 17:14:59.041] [Render thread/INFO] [DistantHorizons-DistantHorizons-com.seibel.distanthorizons.core.render.glObject.shader.Shader/]: Shader loaded sucessfully.
[25Dec2025 17:14:59.041] [Render thread/INFO] [DistantHorizons-DistantHorizons-com.seibel.distanthorizons.core.render.glObject.shader.Shader/]: Loading shader with type: [35632]
[25Dec2025 17:14:59.043] [Render thread/INFO] [DistantHorizons-DistantHorizons-com.seibel.distanthorizons.core.render.glObject.shader.Shader/]: Shader loaded sucessfully.
[25Dec2025 17:14:59.047] [Render thread/INFO] [DistantHorizons-DistantHorizons-com.seibel.distanthorizons.core.render.glObject.shader.Shader/]: Loading shader with type: [35633]
[25Dec2025 17:14:59.047] [Render thread/INFO] [DistantHorizons-DistantHorizons-com.seibel.distanthorizons.core.render.glObject.shader.Shader/]: Shader loaded sucessfully.
[25Dec2025 17:14:59.047] [Render thread/INFO] [DistantHorizons-DistantHorizons-com.seibel.distanthorizons.core.render.glObject.shader.Shader/]: Loading shader with type: [35632]
[25Dec2025 17:14:59.048] [Render thread/INFO] [DistantHorizons-DistantHorizons-com.seibel.distanthorizons.core.render.glObject.shader.Shader/]: Shader loaded sucessfully.
[25Dec2025 17:14:59.050] [Render thread/INFO] [DistantHorizons-DistantHorizons-com.seibel.distanthorizons.core.render.glObject.vertexAttribute.VertexAttributePostGL43/]: Vertex Attribute (GL43+) completed. It contains 1 binding points and a stride size of 8
[25Dec2025 17:14:59.051] [Render thread/INFO] [DistantHorizons-DistantHorizons-com.seibel.distanthorizons.core.render.glObject.shader.Shader/]: Loading shader with type: [35633]
[25Dec2025 17:14:59.051] [Render thread/INFO] [DistantHorizons-DistantHorizons-com.seibel.distanthorizons.core.render.glObject.shader.Shader/]: Shader loaded sucessfully.
[25Dec2025 17:14:59.051] [Render thread/INFO] [DistantHorizons-DistantHorizons-com.seibel.distanthorizons.core.render.glObject.shader.Shader/]: Loading shader with type: [35632]
[25Dec2025 17:14:59.052] [Render thread/INFO] [DistantHorizons-DistantHorizons-com.seibel.distanthorizons.core.render.glObject.shader.Shader/]: Shader loaded sucessfully.
[25Dec2025 17:14:59.064] [Render thread/INFO] [DistantHorizons-DistantHorizons-com.seibel.distanthorizons.core.render.glObject.shader.Shader/]: Loading shader with type: [35633]
[25Dec2025 17:14:59.064] [Render thread/INFO] [DistantHorizons-DistantHorizons-com.seibel.distanthorizons.core.render.glObject.shader.Shader/]: Shader loaded sucessfully.
[25Dec2025 17:14:59.064] [Render thread/INFO] [DistantHorizons-DistantHorizons-com.seibel.distanthorizons.core.render.glObject.shader.Shader/]: Loading shader with type: [35632]
[25Dec2025 17:14:59.065] [Render thread/INFO] [DistantHorizons-DistantHorizons-com.seibel.distanthorizons.core.render.glObject.shader.Shader/]: Shader loaded sucessfully.
[25Dec2025 17:14:59.067] [Render thread/INFO] [DistantHorizons-DistantHorizons-com.seibel.distanthorizons.core.render.glObject.shader.Shader/]: Loading shader with type: [35633]
[25Dec2025 17:14:59.067] [Render thread/INFO] [DistantHorizons-DistantHorizons-com.seibel.distanthorizons.core.render.glObject.shader.Shader/]: Shader loaded sucessfully.
[25Dec2025 17:14:59.067] [Render thread/INFO] [DistantHorizons-DistantHorizons-com.seibel.distanthorizons.core.render.glObject.shader.Shader/]: Loading shader with type: [35632]
[25Dec2025 17:14:59.069] [Render thread/INFO] [DistantHorizons-DistantHorizons-com.seibel.distanthorizons.core.render.glObject.shader.Shader/]: Shader loaded sucessfully.
[25Dec2025 17:14:59.288] [Thread-34/INFO] [EMI/]: [EMI] Reloading item groups on client thread took 377ms
[25Dec2025 17:14:59.312] [Thread-34/INFO] [EMI/]: [EMI] Loading plugin from emi
[25Dec2025 17:14:59.347] [Render thread/INFO] [net.minecraft.client.gui.components.ChatComponent/]: [System] [CHAT] -------------[Mekanism]-------------
[25Dec2025 17:14:59.347] [Render thread/INFO] [net.minecraft.client.gui.components.ChatComponent/]: [System] [CHAT] Merry Christmas, wasabi!
[25Dec2025 17:14:59.347] [Render thread/INFO] [net.minecraft.client.gui.components.ChatComponent/]: [System] [CHAT] May you have plenty of Christmas cheer
[25Dec2025 17:14:59.347] [Render thread/INFO] [net.minecraft.client.gui.components.ChatComponent/]: [System] [CHAT] and have a relaxing holiday with your
[25Dec2025 17:14:59.347] [Render thread/INFO] [net.minecraft.client.gui.components.ChatComponent/]: [System] [CHAT] family :)
[25Dec2025 17:14:59.347] [Render thread/INFO] [net.minecraft.client.gui.components.ChatComponent/]: [System] [CHAT]  - The Mekanism Team
[25Dec2025 17:14:59.347] [Render thread/INFO] [net.minecraft.client.gui.components.ChatComponent/]: [System] [CHAT] -------------[=======]-------------
[25Dec2025 17:14:59.571] [Thread-34/INFO] [EMI/]: [EMI] Reloaded plugin from emi in 258ms
[25Dec2025 17:14:59.571] [Thread-34/INFO] [EMI/]: [EMI] Loading plugin from sophisticatedcore
[25Dec2025 17:14:59.571] [Thread-34/INFO] [EMI/]: [EMI] Reloaded plugin from sophisticatedcore in 0ms
[25Dec2025 17:14:59.571] [Thread-34/INFO] [EMI/]: [EMI] Loading plugin from sophisticatedbackpacks
[25Dec2025 17:14:59.579] [Render thread/INFO] [net.minecraft.advancements.AdvancementTree/]: Loaded 203 advancements
[25Dec2025 17:14:59.579] [Thread-34/INFO] [EMI/]: [EMI] Reloaded plugin from sophisticatedbackpacks in 8ms
[25Dec2025 17:14:59.579] [Thread-34/INFO] [EMI/]: [EMI] Loading plugin from curios
[25Dec2025 17:14:59.579] [Thread-34/INFO] [EMI/]: [EMI] Reloaded plugin from curios in 0ms
[25Dec2025 17:14:59.579] [Thread-34/INFO] [EMI/]: [EMI] Loading plugin from computercraft
[25Dec2025 17:14:59.580] [Thread-34/INFO] [EMI/]: [EMI] Reloaded plugin from computercraft in 1ms
[25Dec2025 17:14:59.580] [Thread-34/INFO] [EMI/]: [EMI] Loading plugin from mekanism
[25Dec2025 17:14:59.630] [Thread-34/INFO] [EMI/]: [EMI] Reloaded plugin from mekanism in 50ms
[25Dec2025 17:14:59.630] [Thread-34/INFO] [EMI/]: [EMI] Loading plugin from mekanismgenerators
[25Dec2025 17:14:59.632] [Thread-34/INFO] [EMI/]: [EMI] Reloaded plugin from mekanismgenerators in 2ms
[25Dec2025 17:14:59.632] [Thread-34/INFO] [EMI/]: [EMI] Loading plugin from jeimultiblocks
[25Dec2025 17:14:59.702] [Thread-34/INFO] [EMI/]: [EMI] Reloaded plugin from jeimultiblocks in 70ms
[25Dec2025 17:14:59.702] [Thread-34/INFO] [EMI/]: [EMI] Loading plugin from ae2
[25Dec2025 17:14:59.719] [Thread-34/INFO] [EMI/]: [EMI] Reloaded plugin from ae2 in 17ms
[25Dec2025 17:14:59.719] [Thread-34/INFO] [EMI/]: [EMI] Loading plugin from ae2wtlib
[25Dec2025 17:14:59.719] [Thread-34/INFO] [EMI/]: [EMI] Reloaded plugin from ae2wtlib in 0ms
[25Dec2025 17:14:59.719] [Thread-34/INFO] [EMI/]: [EMI] Loading plugin from extendedae
[25Dec2025 17:14:59.725] [Thread-34/INFO] [EMI/]: [EMI] Reloaded plugin from extendedae in 5ms
[25Dec2025 17:14:59.725] [Thread-34/INFO] [EMI/]: [EMI] Loading plugin from advanced_ae
[25Dec2025 17:14:59.726] [Thread-34/INFO] [EMI/]: [EMI] Reloaded plugin from advanced_ae in 1ms
[25Dec2025 17:14:59.726] [Thread-34/INFO] [EMI/]: [EMI] Loading plugin from appmek
[25Dec2025 17:14:59.726] [Thread-34/INFO] [EMI/]: [EMI] Reloaded plugin from appmek in 0ms
[25Dec2025 17:14:59.726] [Thread-34/INFO] [EMI/]: [EMI] Baking index
[25Dec2025 17:14:59.847] [Thread-34/INFO] [EMI/]: [EMI] Registering late recipes
[25Dec2025 17:14:59.866] [Thread-34/INFO] [EMI/]: [EMI] Baking recipes
[25Dec2025 17:15:00.021] [Thread-34/INFO] [EMI/]: [EMI] Baked 13946 recipes in 154ms
[25Dec2025 17:15:00.030] [Thread-34/INFO] [EMI/]: [EMI] Baking search
[25Dec2025 17:15:00.230] [Thread-36/INFO] [EMI/]: [EMI] Baked recipes after reload in 209ms
[25Dec2025 17:15:00.926] [Thread-34/INFO] [EMI/]: [EMI] Finishing up
[25Dec2025 17:15:00.938] [Thread-34/INFO] [EMI/]: [EMI] Reloaded EMI in 2088ms
[25Dec2025 17:15:02.893] [Server thread/INFO] [net.minecraft.client.server.IntegratedServer/]: Saving and pausing game...
[25Dec2025 17:15:02.919] [Server thread/INFO] [net.minecraft.server.MinecraftServer/]: Saving chunks for level 'ServerLevel[FUCKME]'/minecraft:overworld
[25Dec2025 17:15:02.968] [Server thread/INFO] [net.minecraft.server.MinecraftServer/]: Saving chunks for level 'ServerLevel[FUCKME]'/minecraft:the_nether
[25Dec2025 17:15:02.968] [Server thread/INFO] [net.minecraft.server.MinecraftServer/]: Saving chunks for level 'ServerLevel[FUCKME]'/minecraft:the_end
[25Dec2025 17:15:02.968] [Server thread/INFO] [net.minecraft.server.MinecraftServer/]: Saving chunks for level 'ServerLevel[FUCKME]'/ae2:spatial_storage
[25Dec2025 17:15:09.051] [DH-Render Loader Thread[1]/WARN] [DistantHorizons-DistantHorizons-loaderCommon.neoforge.com.seibel.distanthorizons.common.wrappers.block.ClientBlockStateColorCache/]: Failed to get block color for block: [Block{sophisticatedbackpacks:backpack}[battery=false,facing=north,left_tank=false,right_tank=false,waterlogged=false]] and biome: [minecraft:plains] at pos: DHBlockPos[-936, 64, 536]. Error: [Cannot invoke "net.minecraft.world.level.LevelReader.getBlockEntity(net.minecraft.core.BlockPos)" because "this.parent" is null]. Note: future errors for this block/biome will be ignored.
java.lang.NullPointerException: Cannot invoke "net.minecraft.world.level.LevelReader.getBlockEntity(net.minecraft.core.BlockPos)" because "this.parent" is null
	at TRANSFORMER/distanthorizons@2.4.2-b/loaderCommon.neoforge.com.seibel.distanthorizons.common.wrappers.block.TintGetterOverride.getBlockEntity(TintGetterOverride.java:83) ~[distand-horizons-2.4.2.jar%23253!/:?]
	at TRANSFORMER/sophisticatedcore@1.3.87/net.p3pp3rf1y.sophisticatedcore.util.WorldHelper.getBlockEntity(WorldHelper.java:42) ~[sohisticatedcore-1.21.1-1.3.87.1229.jar%23297!/:1.21.1-1.3.87.1229]
	at TRANSFORMER/sophisticatedbackpacks@3.25.12/net.p3pp3rf1y.sophisticatedbackpacks.client.init.ModBlockColors.lambda$registerBlockColorHandlers$1(ModBlockColors.java:18) ~[sophisticatedbackpacks-1.21.1-3.25.12.1403.jar%23298!/:1.21.1-3.25.12.1403]
	at TRANSFORMER/minecraft@1.21.1/net.minecraft.client.color.block.BlockColors.getColor(BlockColors.java:114) ~[client-1.21.1-20240808.144430-srg.jar%23234!/:?]
	at TRANSFORMER/distanthorizons@2.4.2-b/loaderCommon.neoforge.com.seibel.distanthorizons.common.wrappers.block.ClientBlockStateColorCache.getColor(ClientBlockStateColorCache.java:515) ~[distand-horizons-2.4.2.jar%23253!/:?]
	at TRANSFORMER/distanthorizons@2.4.2-b/loaderCommon.neoforge.com.seibel.distanthorizons.common.wrappers.world.ClientLevelWrapper.getBlockColor(ClientLevelWrapper.java:219) ~[distand-horizons-2.4.2.jar%23253!/:?]
	at TRANSFORMER/distanthorizons@2.4.2-b/com.seibel.distanthorizons.core.dataObjects.transformers.FullDataToRenderDataTransformer.setRenderColumnView(FullDataToRenderDataTransformer.java:379) ~[distand-horizons-2.4.2.jar%23253!/:?]
	at TRANSFORMER/distanthorizons@2.4.2-b/com.seibel.distanthorizons.core.dataObjects.transformers.FullDataToRenderDataTransformer.updateOrReplaceRenderDataViewColumnWithFullDataColumn(FullDataToRenderDataTransformer.java:174) ~[distand-horizons-2.4.2.jar%23253!/:?]
	at TRANSFORMER/distanthorizons@2.4.2-b/com.seibel.distanthorizons.core.dataObjects.transformers.FullDataToRenderDataTransformer.transformCompleteFullDataToColumnData(FullDataToRenderDataTransformer.java:132) ~[distand-horizons-2.4.2.jar%23253!/:?]
	at TRANSFORMER/distanthorizons@2.4.2-b/com.seibel.distanthorizons.core.dataObjects.transformers.FullDataToRenderDataTransformer.transformFullDataToRenderSource(FullDataToRenderDataTransformer.java:84) ~[distand-horizons-2.4.2.jar%23253!/:?]
	at TRANSFORMER/distanthorizons@2.4.2-b/com.seibel.distanthorizons.core.render.LodRenderSection.lambda$getRenderSourceForPosAsync$5(LodRenderSection.java:348) ~[distand-horizons-2.4.2.jar%23253!/:?]
	at TRANSFORMER/distanthorizons@2.4.2-b/com.seibel.distanthorizons.core.util.threading.PriorityTaskPicker$TrackedRunnable.run(PriorityTaskPicker.java:318) ~[distand-horizons-2.4.2.jar%23253!/:?]
	at java.base/java.util.concurrent.ThreadPoolExecutor.runWorker(ThreadPoolExecutor.java:1144) ~[?:?]
	at java.base/java.util.concurrent.ThreadPoolExecutor$Worker.run(ThreadPoolExecutor.java:642) ~[?:?]
	at java.base/java.lang.Thread.run(Thread.java:1583) [?:?]
[25Dec2025 17:15:15.867] [Server thread/INFO] [net.minecraft.client.server.IntegratedServer/]: Changing view distance to 32, from 10
[25Dec2025 17:15:26.902] [Server thread/INFO] [net.minecraft.server.MinecraftServer/]: [wasabi: Set own game mode to Spectator Mode]
[25Dec2025 17:15:26.915] [Render thread/INFO] [net.minecraft.client.gui.components.ChatComponent/]: [System] [CHAT] Set own game mode to Spectator Mode
[25Dec2025 17:15:32.176] [DH-Phantom Array Recycler Thread[0]/WARN] [DistantHorizons-DistantHorizons-com.seibel.distanthorizons.core.pooling.PhantomArrayListPool/]: Pool: [Render Reducer]. Unable to find checkout for phantom reference [java.lang.ref.PhantomReference@44bf7353], arrays will need to be recreated.
[25Dec2025 17:15:37.343] [Server thread/INFO] [net.minecraft.client.server.IntegratedServer/]: Saving and pausing game...
[25Dec2025 17:15:37.367] [Server thread/INFO] [net.minecraft.server.MinecraftServer/]: Saving chunks for level 'ServerLevel[FUCKME]'/minecraft:overworld
[25Dec2025 17:15:37.394] [Server thread/INFO] [net.minecraft.server.MinecraftServer/]: Saving chunks for level 'ServerLevel[FUCKME]'/minecraft:the_nether
[25Dec2025 17:15:37.394] [Server thread/INFO] [net.minecraft.server.MinecraftServer/]: Saving chunks for level 'ServerLevel[FUCKME]'/minecraft:the_end
[25Dec2025 17:15:37.394] [Server thread/INFO] [net.minecraft.server.MinecraftServer/]: Saving chunks for level 'ServerLevel[FUCKME]'/ae2:spatial_storage
[25Dec2025 17:15:49.686] [Render thread/INFO] [DistantHorizons-DistantHorizons-com.seibel.distanthorizons.core.render.glObject.shader.Shader/]: Loading shader with type: [35633]
[25Dec2025 17:15:49.687] [Render thread/INFO] [DistantHorizons-DistantHorizons-com.seibel.distanthorizons.core.render.glObject.shader.Shader/]: Shader loaded sucessfully.
[25Dec2025 17:15:49.687] [Render thread/INFO] [DistantHorizons-DistantHorizons-com.seibel.distanthorizons.core.render.glObject.shader.Shader/]: Loading shader with type: [35632]
[25Dec2025 17:15:49.688] [Render thread/INFO] [DistantHorizons-DistantHorizons-com.seibel.distanthorizons.core.render.glObject.shader.Shader/]: Shader loaded sucessfully.
[25Dec2025 17:15:49.690] [Render thread/INFO] [DistantHorizons-DistantHorizons-com.seibel.distanthorizons.core.render.glObject.shader.Shader/]: Loading shader with type: [35633]
[25Dec2025 17:15:49.690] [Render thread/INFO] [DistantHorizons-DistantHorizons-com.seibel.distanthorizons.core.render.glObject.shader.Shader/]: Shader loaded sucessfully.
[25Dec2025 17:15:49.691] [Render thread/INFO] [DistantHorizons-DistantHorizons-com.seibel.distanthorizons.core.render.glObject.shader.Shader/]: Loading shader with type: [35632]
[25Dec2025 17:15:49.691] [Render thread/INFO] [DistantHorizons-DistantHorizons-com.seibel.distanthorizons.core.render.glObject.shader.Shader/]: Shader loaded sucessfully.
[25Dec2025 17:15:49.693] [Render thread/INFO] [DistantHorizons-DistantHorizons-com.seibel.distanthorizons.core.render.glObject.shader.Shader/]: Loading shader with type: [35633]
[25Dec2025 17:15:49.693] [Render thread/INFO] [DistantHorizons-DistantHorizons-com.seibel.distanthorizons.core.render.glObject.shader.Shader/]: Shader loaded sucessfully.
[25Dec2025 17:15:49.694] [Render thread/INFO] [DistantHorizons-DistantHorizons-com.seibel.distanthorizons.core.render.glObject.shader.Shader/]: Loading shader with type: [35632]
[25Dec2025 17:15:49.694] [Render thread/INFO] [DistantHorizons-DistantHorizons-com.seibel.distanthorizons.core.render.glObject.shader.Shader/]: Shader loaded sucessfully.
[25Dec2025 17:15:51.683] [DH-RenderCacheClearConfigTimer/INFO] [DistantHorizons-DistantHorizons-com.seibel.distanthorizons.core.render.LodQuadTree/]: Disposing render data...
[25Dec2025 17:15:51.687] [DH-RenderCacheClearConfigTimer/INFO] [DistantHorizons-DistantHorizons-com.seibel.distanthorizons.core.render.LodQuadTree/]: Render data cleared, please wait a moment for everything to reload...
[25Dec2025 17:15:59.797] [DH-World Gen Thread[1]/INFO] [DistantHorizons-DistantHorizons-loaderCommon.neoforge.com.seibel.distanthorizons.common.wrappers.worldGeneration.mimicObject.DhLitWorldGenRegion/]: WorldGen requiring [minecraft:structure_starts] is outside the expected range. Returning EMPTY chunk.
[25Dec2025 17:16:12.778] [DH-World Gen Thread[4]/ERROR] [net.minecraft.world.entity.decoration.BlockAttachedEntity/]: Block-attached entity at invalid position: BlockPos{x=216, y=47, z=211}
[25Dec2025 17:16:34.869] [Server thread/INFO] [net.minecraft.server.MinecraftServer/]: [wasabi: Set the weather to clear]
[25Dec2025 17:16:34.872] [Render thread/INFO] [net.minecraft.client.gui.components.ChatComponent/]: [System] [CHAT] Set the weather to clear
[25Dec2025 17:16:38.070] [DH-World Gen Thread[9]/ERROR] [net.minecraft.world.entity.decoration.BlockAttachedEntity/]: Block-attached entity at invalid position: BlockPos{x=217, y=48, z=159}
[25Dec2025 17:16:39.313] [DH-World Gen Thread[1]/ERROR] [net.minecraft.world.entity.decoration.BlockAttachedEntity/]: Block-attached entity at invalid position: BlockPos{x=202, y=47, z=211}
[25Dec2025 17:16:51.945] [DH-World Gen Thread[2]/WARN] [net.minecraft.world.level.levelgen.structure.pools.JigsawPlacement/]: Empty or non-existent pool: minecraft:minecraft_empty
[25Dec2025 17:16:52.087] [DH-World Gen Thread[2]/WARN] [net.minecraft.world.level.levelgen.structure.pools.JigsawPlacement/]: Empty or non-existent pool: minecraft:minecraft_empty
[25Dec2025 17:16:57.256] [DH-World Gen Thread[2]/ERROR] [net.minecraft.world.entity.decoration.BlockAttachedEntity/]: Block-attached entity at invalid position: BlockPos{x=202, y=47, z=211}
[25Dec2025 17:16:57.853] [DH-World Gen Thread[8]/ERROR] [net.minecraft.world.entity.decoration.BlockAttachedEntity/]: Block-attached entity at invalid position: BlockPos{x=203, y=48, z=159}
[25Dec2025 17:17:11.309] [DH-World Gen Thread[5]/ERROR] [net.minecraft.world.entity.decoration.BlockAttachedEntity/]: Block-attached entity at invalid position: BlockPos{x=202, y=47, z=211}
[25Dec2025 17:17:13.413] [DH-World Gen Thread[0]/ERROR] [net.minecraft.world.entity.decoration.BlockAttachedEntity/]: Block-attached entity at invalid position: BlockPos{x=309, y=49, z=214}
[25Dec2025 17:17:13.413] [DH-World Gen Thread[0]/ERROR] [net.minecraft.world.entity.decoration.BlockAttachedEntity/]: Block-attached entity at invalid position: BlockPos{x=309, y=48, z=214}
[25Dec2025 17:17:13.413] [DH-World Gen Thread[0]/ERROR] [net.minecraft.world.entity.decoration.BlockAttachedEntity/]: Block-attached entity at invalid position: BlockPos{x=309, y=50, z=214}
[25Dec2025 17:17:13.439] [DH-World Gen Thread[0]/ERROR] [net.minecraft.world.entity.decoration.BlockAttachedEntity/]: Block-attached entity at invalid position: BlockPos{x=311, y=48, z=214}
[25Dec2025 17:17:13.439] [DH-World Gen Thread[0]/ERROR] [net.minecraft.world.entity.decoration.BlockAttachedEntity/]: Block-attached entity at invalid position: BlockPos{x=310, y=48, z=214}
[25Dec2025 17:17:13.439] [DH-World Gen Thread[0]/ERROR] [net.minecraft.world.entity.decoration.BlockAttachedEntity/]: Block-attached entity at invalid position: BlockPos{x=310, y=49, z=214}
[25Dec2025 17:17:13.439] [DH-World Gen Thread[0]/ERROR] [net.minecraft.world.entity.decoration.BlockAttachedEntity/]: Block-attached entity at invalid position: BlockPos{x=311, y=49, z=214}
[25Dec2025 17:17:13.439] [DH-World Gen Thread[0]/ERROR] [net.minecraft.world.entity.decoration.BlockAttachedEntity/]: Block-attached entity at invalid position: BlockPos{x=311, y=50, z=214}
[25Dec2025 17:17:13.439] [DH-World Gen Thread[0]/ERROR] [net.minecraft.world.entity.decoration.BlockAttachedEntity/]: Block-attached entity at invalid position: BlockPos{x=310, y=50, z=214}
[25Dec2025 17:17:20.178] [DH-World Gen Thread[1]/ERROR] [net.minecraft.world.entity.decoration.BlockAttachedEntity/]: Block-attached entity at invalid position: BlockPos{x=203, y=48, z=159}
[25Dec2025 17:18:00.319] [DH-World Gen Thread[11]/ERROR] [net.minecraft.world.entity.decoration.BlockAttachedEntity/]: Block-attached entity at invalid position: BlockPos{x=217, y=48, z=159}
[25Dec2025 17:18:04.690] [DH-World Gen Thread[8]/WARN] [net.minecraft.world.entity.ai.attributes.AttributeMap/]: Ignoring unknown attribute 'forge:entity_gravity'
[25Dec2025 17:18:04.690] [DH-World Gen Thread[8]/WARN] [net.minecraft.world.entity.ai.attributes.AttributeMap/]: Ignoring unknown attribute 'forge:step_height_addition'
[25Dec2025 17:18:11.049] [DH-World Gen Thread[3]/ERROR] [net.minecraft.world.entity.decoration.BlockAttachedEntity/]: Block-attached entity at invalid position: BlockPos{x=202, y=47, z=211}
[25Dec2025 17:18:12.134] [DH-World Gen Thread[4]/WARN] [net.minecraft.world.entity.ai.attributes.AttributeMap/]: Ignoring unknown attribute 'forge:step_height_addition'
[25Dec2025 17:18:12.134] [DH-World Gen Thread[4]/WARN] [net.minecraft.world.entity.ai.attributes.AttributeMap/]: Ignoring unknown attribute 'forge:entity_gravity'
[25Dec2025 17:18:15.104] [DH-World Gen Thread[9]/ERROR] [net.minecraft.world.entity.decoration.BlockAttachedEntity/]: Block-attached entity at invalid position: BlockPos{x=202, y=47, z=211}
[25Dec2025 17:18:23.609] [DH-World Gen Thread[5]/WARN] [net.minecraft.world.level.levelgen.structure.pools.JigsawPlacement/]: Empty or non-existent pool: minecraft:minecraft_empty
[25Dec2025 17:18:26.026] [Server thread/INFO] [net.minecraft.server.MinecraftServer/]: [wasabi: Set own game mode to Creative Mode]
[25Dec2025 17:18:26.033] [Render thread/INFO] [net.minecraft.client.gui.components.ChatComponent/]: [System] [CHAT] Set own game mode to Creative Mode
[25Dec2025 17:18:27.406] [DH-World Gen Thread[9]/ERROR] [net.minecraft.world.entity.decoration.BlockAttachedEntity/]: Block-attached entity at invalid position: BlockPos{x=202, y=47, z=211}
[25Dec2025 17:18:35.738] [Worker-Main-14/WARN] [net.minecraft.world.entity.ai.attributes.AttributeMap/]: Ignoring unknown attribute 'forge:step_height_addition'
[25Dec2025 17:18:35.738] [Worker-Main-14/WARN] [net.minecraft.world.entity.ai.attributes.AttributeMap/]: Ignoring unknown attribute 'forge:entity_gravity'
[25Dec2025 17:18:41.634] [DH-World Gen Thread[10]/ERROR] [net.minecraft.world.entity.decoration.BlockAttachedEntity/]: Block-attached entity at invalid position: BlockPos{x=202, y=47, z=211}
[25Dec2025 17:18:42.416] [DH-Phantom Array Recycler Thread[0]/WARN] [DistantHorizons-DistantHorizons-com.seibel.distanthorizons.core.pooling.PhantomArrayListPool/]: Pool: [Render Reducer]. Unable to find checkout for phantom reference [java.lang.ref.PhantomReference@6e443d43], arrays will need to be recreated.
[25Dec2025 17:18:48.863] [DH-World Gen Thread[11]/ERROR] [net.minecraft.world.entity.decoration.BlockAttachedEntity/]: Block-attached entity at invalid position: BlockPos{x=203, y=48, z=159}
[25Dec2025 17:18:57.441] [DH-Phantom Array Recycler Thread[0]/WARN] [DistantHorizons-DistantHorizons-com.seibel.distanthorizons.core.pooling.PhantomArrayListPool/]: Pool: [Render Reducer]. Unable to find checkout for phantom reference [java.lang.ref.PhantomReference@6939f0a], arrays will need to be recreated.
[25Dec2025 17:19:02.713] [Server thread/INFO] [net.minecraft.server.MinecraftServer/]: [wasabi: Set own game mode to Survival Mode]
[25Dec2025 17:19:02.715] [Render thread/INFO] [net.minecraft.client.gui.components.ChatComponent/]: [System] [CHAT] Set own game mode to Survival Mode
[25Dec2025 17:19:09.142] [DH-Render Loader Thread[0]/WARN] [DistantHorizons-DistantHorizons-loaderCommon.neoforge.com.seibel.distanthorizons.common.wrappers.block.ClientBlockStateColorCache/]: Failed to get block color for block: [Block{sophisticatedbackpacks:backpack}[battery=false,facing=east,left_tank=false,right_tank=false,waterlogged=false]] and biome: [minecraft:plains] at pos: DHBlockPos[-938, 64, 536]. Error: [Cannot invoke "net.minecraft.world.level.LevelReader.getBlockEntity(net.minecraft.core.BlockPos)" because "this.parent" is null]. Note: future errors for this block/biome will be ignored.
java.lang.NullPointerException: Cannot invoke "net.minecraft.world.level.LevelReader.getBlockEntity(net.minecraft.core.BlockPos)" because "this.parent" is null
	at TRANSFORMER/distanthorizons@2.4.2-b/loaderCommon.neoforge.com.seibel.distanthorizons.common.wrappers.block.TintGetterOverride.getBlockEntity(TintGetterOverride.java:83) ~[distand-horizons-2.4.2.jar%23253!/:?]
	at TRANSFORMER/sophisticatedcore@1.3.87/net.p3pp3rf1y.sophisticatedcore.util.WorldHelper.getBlockEntity(WorldHelper.java:42) ~[sohisticatedcore-1.21.1-1.3.87.1229.jar%23297!/:1.21.1-1.3.87.1229]
	at TRANSFORMER/sophisticatedbackpacks@3.25.12/net.p3pp3rf1y.sophisticatedbackpacks.client.init.ModBlockColors.lambda$registerBlockColorHandlers$1(ModBlockColors.java:18) ~[sophisticatedbackpacks-1.21.1-3.25.12.1403.jar%23298!/:1.21.1-3.25.12.1403]
	at TRANSFORMER/minecraft@1.21.1/net.minecraft.client.color.block.BlockColors.getColor(BlockColors.java:114) ~[client-1.21.1-20240808.144430-srg.jar%23234!/:?]
	at TRANSFORMER/distanthorizons@2.4.2-b/loaderCommon.neoforge.com.seibel.distanthorizons.common.wrappers.block.ClientBlockStateColorCache.getColor(ClientBlockStateColorCache.java:515) ~[distand-horizons-2.4.2.jar%23253!/:?]
	at TRANSFORMER/distanthorizons@2.4.2-b/loaderCommon.neoforge.com.seibel.distanthorizons.common.wrappers.world.ClientLevelWrapper.getBlockColor(ClientLevelWrapper.java:219) ~[distand-horizons-2.4.2.jar%23253!/:?]
	at TRANSFORMER/distanthorizons@2.4.2-b/com.seibel.distanthorizons.core.dataObjects.transformers.FullDataToRenderDataTransformer.setRenderColumnView(FullDataToRenderDataTransformer.java:379) ~[distand-horizons-2.4.2.jar%23253!/:?]
	at TRANSFORMER/distanthorizons@2.4.2-b/com.seibel.distanthorizons.core.dataObjects.transformers.FullDataToRenderDataTransformer.updateOrReplaceRenderDataViewColumnWithFullDataColumn(FullDataToRenderDataTransformer.java:174) ~[distand-horizons-2.4.2.jar%23253!/:?]
	at TRANSFORMER/distanthorizons@2.4.2-b/com.seibel.distanthorizons.core.dataObjects.transformers.FullDataToRenderDataTransformer.transformCompleteFullDataToColumnData(FullDataToRenderDataTransformer.java:132) ~[distand-horizons-2.4.2.jar%23253!/:?]
	at TRANSFORMER/distanthorizons@2.4.2-b/com.seibel.distanthorizons.core.dataObjects.transformers.FullDataToRenderDataTransformer.transformFullDataToRenderSource(FullDataToRenderDataTransformer.java:84) ~[distand-horizons-2.4.2.jar%23253!/:?]
	at TRANSFORMER/distanthorizons@2.4.2-b/com.seibel.distanthorizons.core.render.LodRenderSection.lambda$getRenderSourceForPosAsync$5(LodRenderSection.java:348) ~[distand-horizons-2.4.2.jar%23253!/:?]
	at TRANSFORMER/distanthorizons@2.4.2-b/com.seibel.distanthorizons.core.util.threading.PriorityTaskPicker$TrackedRunnable.run(PriorityTaskPicker.java:318) ~[distand-horizons-2.4.2.jar%23253!/:?]
	at java.base/java.util.concurrent.ThreadPoolExecutor.runWorker(ThreadPoolExecutor.java:1144) ~[?:?]
	at java.base/java.util.concurrent.ThreadPoolExecutor$Worker.run(ThreadPoolExecutor.java:642) ~[?:?]
	at java.base/java.lang.Thread.run(Thread.java:1583) [?:?]
[25Dec2025 17:19:11.115] [Render thread/INFO] [net.minecraft.advancements.AdvancementTree/]: Loaded 223 advancements
[25Dec2025 17:19:44.685] [DH-World Gen Thread[6]/WARN] [net.minecraft.world.entity.ai.attributes.AttributeMap/]: Ignoring unknown attribute 'forge:step_height_addition'
[25Dec2025 17:19:44.685] [DH-World Gen Thread[6]/WARN] [net.minecraft.world.entity.ai.attributes.AttributeMap/]: Ignoring unknown attribute 'forge:entity_gravity'
[25Dec2025 17:19:44.877] [Server thread/INFO] [net.minecraft.server.MinecraftServer/]: wasabi has made the advancement [Sweet Dreams]
[25Dec2025 17:19:44.890] [Render thread/INFO] [net.minecraft.client.gui.components.ChatComponent/]: [System] [CHAT] wasabi has made the advancement [Sweet Dreams]
[25Dec2025 17:19:44.907] [Render thread/INFO] [net.minecraft.advancements.AdvancementTree/]: Loaded 229 advancements
[25Dec2025 17:19:49.896] [Server thread/INFO] [net.minecraft.server.MinecraftServer/]: wasabi has made the advancement [Home Is Where the Bed Is]
[25Dec2025 17:19:49.913] [Render thread/INFO] [net.minecraft.client.gui.components.ChatComponent/]: [System] [CHAT] wasabi has made the advancement [Home Is Where the Bed Is]
[25Dec2025 17:19:49.914] [Render thread/INFO] [net.minecraft.client.gui.components.ChatComponent/]: [System] [CHAT] You learned how to draw a House with chalk
[25Dec2025 17:19:49.914] [Render thread/INFO] [net.minecraft.advancements.AdvancementTree/]: Loaded 229 advancements
[25Dec2025 17:19:52.243] [Server thread/INFO] [net.minecraft.client.server.IntegratedServer/]: Saving and pausing game...
[25Dec2025 17:19:52.271] [Server thread/INFO] [net.minecraft.server.MinecraftServer/]: Saving chunks for level 'ServerLevel[FUCKME]'/minecraft:overworld
[25Dec2025 17:19:52.300] [Server thread/INFO] [net.minecraft.server.MinecraftServer/]: Saving chunks for level 'ServerLevel[FUCKME]'/minecraft:the_nether
[25Dec2025 17:19:52.300] [Server thread/INFO] [net.minecraft.server.MinecraftServer/]: Saving chunks for level 'ServerLevel[FUCKME]'/minecraft:the_end
[25Dec2025 17:19:52.300] [Server thread/INFO] [net.minecraft.server.MinecraftServer/]: Saving chunks for level 'ServerLevel[FUCKME]'/ae2:spatial_storage
[25Dec2025 17:19:52.743] [Server thread/INFO] [net.minecraft.client.server.IntegratedServer/]: Saving and pausing game...
[25Dec2025 17:19:52.768] [Server thread/INFO] [net.minecraft.server.MinecraftServer/]: Saving chunks for level 'ServerLevel[FUCKME]'/minecraft:overworld
[25Dec2025 17:19:52.784] [Server thread/INFO] [net.minecraft.server.MinecraftServer/]: Saving chunks for level 'ServerLevel[FUCKME]'/minecraft:the_nether
[25Dec2025 17:19:52.784] [Server thread/INFO] [net.minecraft.server.MinecraftServer/]: Saving chunks for level 'ServerLevel[FUCKME]'/minecraft:the_end
[25Dec2025 17:19:52.784] [Server thread/INFO] [net.minecraft.server.MinecraftServer/]: Saving chunks for level 'ServerLevel[FUCKME]'/ae2:spatial_storage
[25Dec2025 17:19:52.914] [DH-World Gen Thread[4]/ERROR] [net.minecraft.world.entity.decoration.BlockAttachedEntity/]: Block-attached entity at invalid position: BlockPos{x=202, y=47, z=211}
[25Dec2025 17:19:53.373] [Render thread/INFO] [EMI/]: [EMI] Disconnecting from server, EMI data cleared
[25Dec2025 17:19:53.373] [Render thread/INFO] [DistantHorizons-DistantHorizons-com.seibel.distanthorizons.core.api.internal.ClientApi/]: Client on ClientOnly mode disconnecting.
[25Dec2025 17:19:53.373] [Thread-75/INFO] [EMI/]: [EMI] Clearing data
[25Dec2025 17:19:53.374] [level shutdown/INFO] [DistantHorizons-DistantHorizons-com.seibel.distanthorizons.core.level.ClientLevelModule$ClientRenderState/]: Shutting down ClientRenderState
[25Dec2025 17:19:53.374] [level shutdown/INFO] [DistantHorizons-DistantHorizons-com.seibel.distanthorizons.core.render.LodQuadTree/]: Shutting down LodQuadTree...
[25Dec2025 17:19:53.374] [level shutdown/INFO] [DistantHorizons-DistantHorizons-com.seibel.distanthorizons.core.render.LodQuadTree/]: Finished shutting down LodQuadTree
[25Dec2025 17:19:53.374] [level shutdown/INFO] [DistantHorizons-DistantHorizons-com.seibel.distanthorizons.core.generation.WorldGenerationQueue/]: Closing world gen queue
[25Dec2025 17:19:53.374] [level shutdown/INFO] [DistantHorizons-DistantHorizons-com.seibel.distanthorizons.core.level.AbstractDhServerLevel/]: Closed DHLevel for [Wrapped{ServerLevel[FUCKME]@ae2:spatial_storage}].
[25Dec2025 17:19:53.374] [level shutdown/INFO] [DistantHorizons-DistantHorizons-com.seibel.distanthorizons.core.level.AbstractDhServerLevel/]: Closed DHLevel for [Wrapped{ServerLevel[FUCKME]@minecraft:the_nether}].
[25Dec2025 17:19:53.374] [level shutdown/INFO] [DistantHorizons-DistantHorizons-com.seibel.distanthorizons.core.level.AbstractDhServerLevel/]: Closed DHLevel for [Wrapped{ServerLevel[FUCKME]@minecraft:the_end}].
[25Dec2025 17:19:53.374] [level shutdown/INFO] [DistantHorizons-DistantHorizons-com.seibel.distanthorizons.core.level.AbstractDhServerLevel/]: Closed DhClientServerLevel for Wrapped{ServerLevel[FUCKME]@ae2:spatial_storage}
[25Dec2025 17:19:53.374] [level shutdown/INFO] [DistantHorizons-DistantHorizons-com.seibel.distanthorizons.core.level.AbstractDhServerLevel/]: Closed DhClientServerLevel for Wrapped{ServerLevel[FUCKME]@minecraft:the_nether}
[25Dec2025 17:19:53.374] [level shutdown/INFO] [DistantHorizons-DistantHorizons-com.seibel.distanthorizons.core.level.AbstractDhServerLevel/]: Closed DhClientServerLevel for Wrapped{ServerLevel[FUCKME]@minecraft:the_end}
[25Dec2025 17:19:53.376] [level shutdown/INFO] [DistantHorizons-DistantHorizons-com.seibel.distanthorizons.core.generation.WorldGenerationQueue/]: Closing WorldGenerationQueue...
[25Dec2025 17:19:53.376] [level shutdown/INFO] [DistantHorizons-DistantHorizons-com.seibel.distanthorizons.core.generation.WorldGenerationQueue/]: Shutting down world generator thread pool...
[25Dec2025 17:19:53.376] [level shutdown/INFO] [DistantHorizons-DistantHorizons-com.seibel.distanthorizons.core.generation.WorldGenerationQueue/]: World generator thread pool shutdown with [6] incomplete tasks.
[25Dec2025 17:19:53.376] [level shutdown/INFO] [DistantHorizons-DistantHorizons-com.seibel.distanthorizons.core.generation.BatchGenerator/]: [BatchGenerator] shutting down...
[25Dec2025 17:19:53.377] [level shutdown/INFO] [DistantHorizons-LOD World Gen/]: Closing [BatchGenerationEnvironment]
[25Dec2025 17:19:53.400] [level shutdown/INFO] [DistantHorizons-DistantHorizons-com.seibel.distanthorizons.core.generation.WorldGenerationQueue/]: Finished closing WorldGenerationQueue
[25Dec2025 17:19:53.401] [level shutdown/INFO] [DistantHorizons-DistantHorizons-com.seibel.distanthorizons.core.level.AbstractDhServerLevel/]: Closed DHLevel for [Wrapped{ServerLevel[FUCKME]@minecraft:overworld}].
[25Dec2025 17:19:53.401] [level shutdown/INFO] [DistantHorizons-DistantHorizons-com.seibel.distanthorizons.core.level.AbstractDhServerLevel/]: Closed DhClientServerLevel for Wrapped{ServerLevel[FUCKME]@minecraft:overworld}
[25Dec2025 17:19:53.401] [Render thread/INFO] [DistantHorizons-DistantHorizons-com.seibel.distanthorizons.core.world.AbstractDhWorld/]: Closed DhWorld of type [CLIENT_SERVER].
[25Dec2025 17:19:53.401] [level shutdown/INFO] [DistantHorizons-DistantHorizons-com.seibel.distanthorizons.core.level.AbstractDhServerLevel/]: Closed DHLevel for [Wrapped{ServerLevel[FUCKME]@minecraft:overworld}].
[25Dec2025 17:19:53.401] [level shutdown/INFO] [DistantHorizons-DistantHorizons-com.seibel.distanthorizons.core.level.AbstractDhServerLevel/]: Closed DhClientServerLevel for Wrapped{ServerLevel[FUCKME]@minecraft:overworld}
[25Dec2025 17:19:53.401] [level shutdown/INFO] [DistantHorizons-DistantHorizons-com.seibel.distanthorizons.core.level.AbstractDhServerLevel/]: Closed DHLevel for [Wrapped{ServerLevel[FUCKME]@minecraft:the_end}].
[25Dec2025 17:19:53.401] [level shutdown/INFO] [DistantHorizons-DistantHorizons-com.seibel.distanthorizons.core.level.AbstractDhServerLevel/]: Closed DHLevel for [Wrapped{ServerLevel[FUCKME]@ae2:spatial_storage}].
[25Dec2025 17:19:53.401] [level shutdown/INFO] [DistantHorizons-DistantHorizons-com.seibel.distanthorizons.core.level.AbstractDhServerLevel/]: Closed DHLevel for [Wrapped{ServerLevel[FUCKME]@minecraft:the_nether}].
[25Dec2025 17:19:53.401] [level shutdown/INFO] [DistantHorizons-DistantHorizons-com.seibel.distanthorizons.core.level.AbstractDhServerLevel/]: Closed DhClientServerLevel for Wrapped{ServerLevel[FUCKME]@minecraft:the_end}
[25Dec2025 17:19:53.401] [level shutdown/INFO] [DistantHorizons-DistantHorizons-com.seibel.distanthorizons.core.level.AbstractDhServerLevel/]: Closed DhClientServerLevel for Wrapped{ServerLevel[FUCKME]@ae2:spatial_storage}
[25Dec2025 17:19:53.401] [level shutdown/INFO] [DistantHorizons-DistantHorizons-com.seibel.distanthorizons.core.level.AbstractDhServerLevel/]: Closed DhClientServerLevel for Wrapped{ServerLevel[FUCKME]@minecraft:the_nether}
[25Dec2025 17:19:53.401] [Render thread/INFO] [DistantHorizons-DistantHorizons-com.seibel.distanthorizons.core.world.AbstractDhWorld/]: Closed DhWorld of type [CLIENT_SERVER].
[25Dec2025 17:19:53.401] [Render thread/INFO] [DistantHorizons-DistantHorizons-com.seibel.distanthorizons.core.util.threading.PriorityTaskPicker/]: Shutting down PriorityTaskPicker thread pool...
[25Dec2025 17:19:53.722] [Render thread/INFO] [DistantHorizons-DistantHorizons-com.seibel.distanthorizons.core.sql.repo.AbstractDhRepo/]: Closing all [4] database connections...
[25Dec2025 17:19:53.722] [Render thread/INFO] [DistantHorizons-DistantHorizons-com.seibel.distanthorizons.core.sql.repo.AbstractDhRepo/]: Closing database connection: [jdbc:dh_sqlite:/home/wasabi/workspace/Games/Crystal-Launcher/instances/u.aiki/.minecraft/saves/FUCKME/dimensions/ae2/spatial_storage/data/DistantHorizons.sqlite]
[25Dec2025 17:19:53.723] [Render thread/INFO] [DistantHorizons-DistantHorizons-com.seibel.distanthorizons.core.sql.repo.AbstractDhRepo/]: Closing database connection: [jdbc:dh_sqlite:/home/wasabi/workspace/Games/Crystal-Launcher/instances/u.aiki/.minecraft/saves/FUCKME/DIM1/data/DistantHorizons.sqlite]
[25Dec2025 17:19:53.723] [Render thread/INFO] [DistantHorizons-DistantHorizons-com.seibel.distanthorizons.core.sql.repo.AbstractDhRepo/]: Closing database connection: [jdbc:dh_sqlite:/home/wasabi/workspace/Games/Crystal-Launcher/instances/u.aiki/.minecraft/saves/FUCKME/data/DistantHorizons.sqlite]
[25Dec2025 17:19:53.731] [Render thread/INFO] [DistantHorizons-DistantHorizons-com.seibel.distanthorizons.core.sql.repo.AbstractDhRepo/]: Closing database connection: [jdbc:dh_sqlite:/home/wasabi/workspace/Games/Crystal-Launcher/instances/u.aiki/.minecraft/saves/FUCKME/DIM-1/data/DistantHorizons.sqlite]
[25Dec2025 17:19:54.139] [Render thread/INFO] [DistantHorizons-DistantHorizons-com.seibel.distanthorizons.neoforge.NeoforgeClientProxy/]: level unload
[25Dec2025 17:19:54.139] [Render thread/INFO] [DistantHorizons-DistantHorizons-com.seibel.distanthorizons.core.api.internal.ClientApi/]: Unloading client level [ClientLevelWrapper]-[a115o7du5q67q@minecraft:overworld].
[25Dec2025 17:19:54.150] [Server thread/INFO] [net.minecraft.server.network.ServerGamePacketListenerImpl/]: wasabi lost connection: Disconnected
[25Dec2025 17:19:54.151] [Server thread/INFO] [net.minecraft.server.MinecraftServer/]: wasabi left the game
[25Dec2025 17:19:54.151] [Server thread/INFO] [DistantHorizons-DistantHorizons-com.seibel.distanthorizons.core.api.internal.ServerApi/]: Player [wasabi] disconnected.
[25Dec2025 17:19:54.170] [Server thread/INFO] [net.minecraft.server.network.ServerCommonPacketListenerImpl/]: Stopping singleplayer server as player logged out
[25Dec2025 17:19:54.221] [Server thread/INFO] [net.minecraft.server.MinecraftServer/]: Stopping server
[25Dec2025 17:19:54.221] [Server thread/INFO] [net.minecraft.server.MinecraftServer/]: Saving players
[25Dec2025 17:19:54.221] [Server thread/INFO] [net.minecraft.server.MinecraftServer/]: Saving worlds
[25Dec2025 17:19:54.414] [Server thread/INFO] [net.minecraft.server.MinecraftServer/]: Saving chunks for level 'ServerLevel[FUCKME]'/minecraft:overworld
[25Dec2025 17:19:54.592] [Server thread/INFO] [net.minecraft.server.MinecraftServer/]: Saving chunks for level 'ServerLevel[FUCKME]'/minecraft:the_nether
[25Dec2025 17:19:54.598] [Server thread/INFO] [net.minecraft.server.MinecraftServer/]: Saving chunks for level 'ServerLevel[FUCKME]'/minecraft:the_end
[25Dec2025 17:19:54.604] [Server thread/INFO] [net.minecraft.server.MinecraftServer/]: Saving chunks for level 'ServerLevel[FUCKME]'/ae2:spatial_storage
[25Dec2025 17:19:54.626] [Server thread/INFO] [net.minecraft.server.MinecraftServer/]: ThreadedAnvilChunkStorage (FUCKME): All chunks are saved
[25Dec2025 17:19:54.626] [Server thread/INFO] [net.minecraft.server.MinecraftServer/]: ThreadedAnvilChunkStorage (DIM-1): All chunks are saved
[25Dec2025 17:19:54.626] [Server thread/INFO] [net.minecraft.server.MinecraftServer/]: ThreadedAnvilChunkStorage (DIM1): All chunks are saved
[25Dec2025 17:19:54.626] [Server thread/INFO] [net.minecraft.server.MinecraftServer/]: ThreadedAnvilChunkStorage (spatial_storage): All chunks are saved
[25Dec2025 17:19:54.626] [Server thread/INFO] [net.minecraft.server.MinecraftServer/]: ThreadedAnvilChunkStorage: All dimensions are saved
[25Dec2025 17:19:54.630] [Server thread/INFO] [DistantHorizons-DistantHorizons-com.seibel.distanthorizons.neoforge.NeoforgeClientProxy/]: level unload
[25Dec2025 17:19:54.905] [Server thread/INFO] [DistantHorizons-DistantHorizons-com.seibel.distanthorizons.neoforge.NeoforgeClientProxy/]: level unload
[25Dec2025 17:19:54.905] [Server thread/INFO] [DistantHorizons-DistantHorizons-com.seibel.distanthorizons.neoforge.NeoforgeClientProxy/]: level unload
[25Dec2025 17:19:54.905] [Server thread/INFO] [DistantHorizons-DistantHorizons-com.seibel.distanthorizons.neoforge.NeoforgeClientProxy/]: level unload
[25Dec2025 17:19:57.437] [Worker-Main-11/ERROR] [net.minecraft.world.level.storage.loot.LootDataType/]: Couldn't parse element ResourceKey[minecraft:root / minecraft:loot_table]:beautify:blocks/crimson_trellis - No key value in MapLike[{"type":"minecraft:loot_table","name":"beautify:blocks/crimson_lichen_trellis","conditions":[{"condition":"minecraft:block_state_property","block":"beautify:crimson_trellis","properties":{"flowers":"8"}}]}]; No key value in MapLike[{"type":"minecraft:loot_table","name":"beautify:blocks/crimson_twisting_vines_trellis","conditions":[{"condition":"minecraft:block_state_property","block":"beautify:crimson_trellis","properties":{"flowers":"7"}}]}]; No key value in MapLike[{"type":"minecraft:loot_table","name":"beautify:blocks/crimson_weeping_vines_trellis","conditions":[{"condition":"minecraft:block_state_property","block":"beautify:crimson_trellis","properties":{"flowers":"6"}}]}]; No key value in MapLike[{"type":"minecraft:loot_table","name":"beautify:blocks/crimson_vine_trellis","conditions":[{"condition":"minecraft:block_state_property","block":"beautify:crimson_trellis","properties":{"flowers":"5"}}]}]; No key value in MapLike[{"type":"minecraft:loot_table","name":"beautify:blocks/crimson_lilac_trellis","conditions":[{"condition":"minecraft:block_state_property","block":"beautify:crimson_trellis","properties":{"flowers":"4"}}]}]; No key value in MapLike[{"type":"minecraft:loot_table","name":"beautify:blocks/crimson_peony_trellis","conditions":[{"condition":"minecraft:block_state_property","block":"beautify:crimson_trellis","properties":{"flowers":"3"}}]}]; No key value in MapLike[{"type":"minecraft:loot_table","name":"beautify:blocks/crimson_sunflower_trellis","conditions":[{"condition":"minecraft:block_state_property","block":"beautify:crimson_trellis","properties":{"flowers":"2"}}]}]; No key value in MapLike[{"type":"minecraft:loot_table","name":"beautify:blocks/crimson_rose_trellis","conditions":[{"condition":"minecraft:block_state_property","block":"beautify:crimson_trellis","properties":{"flowers":"1"}}]}]
[25Dec2025 17:19:57.440] [Worker-Main-11/ERROR] [net.minecraft.world.level.storage.loot.LootDataType/]: Couldn't parse element ResourceKey[minecraft:root / minecraft:loot_table]:beautify:blocks/dark_oak_trellis - No key value in MapLike[{"type":"minecraft:loot_table","name":"beautify:blocks/dark_oak_lichen_trellis","conditions":[{"condition":"minecraft:block_state_property","block":"beautify:dark_oak_trellis","properties":{"flowers":"8"}}]}]; No key value in MapLike[{"type":"minecraft:loot_table","name":"beautify:blocks/dark_oak_twisting_vines_trellis","conditions":[{"condition":"minecraft:block_state_property","block":"beautify:dark_oak_trellis","properties":{"flowers":"7"}}]}]; No key value in MapLike[{"type":"minecraft:loot_table","name":"beautify:blocks/dark_oak_weeping_vines_trellis","conditions":[{"condition":"minecraft:block_state_property","block":"beautify:dark_oak_trellis","properties":{"flowers":"6"}}]}]; No key value in MapLike[{"type":"minecraft:loot_table","name":"beautify:blocks/dark_oak_vine_trellis","conditions":[{"condition":"minecraft:block_state_property","block":"beautify:dark_oak_trellis","properties":{"flowers":"5"}}]}]; No key value in MapLike[{"type":"minecraft:loot_table","name":"beautify:blocks/dark_oak_lilac_trellis","conditions":[{"condition":"minecraft:block_state_property","block":"beautify:dark_oak_trellis","properties":{"flowers":"4"}}]}]; No key value in MapLike[{"type":"minecraft:loot_table","name":"beautify:blocks/dark_oak_peony_trellis","conditions":[{"condition":"minecraft:block_state_property","block":"beautify:dark_oak_trellis","properties":{"flowers":"3"}}]}]; No key value in MapLike[{"type":"minecraft:loot_table","name":"beautify:blocks/dark_oak_sunflower_trellis","conditions":[{"condition":"minecraft:block_state_property","block":"beautify:dark_oak_trellis","properties":{"flowers":"2"}}]}]; No key value in MapLike[{"type":"minecraft:loot_table","name":"beautify:blocks/dark_oak_rose_trellis","conditions":[{"condition":"minecraft:block_state_property","block":"beautify:dark_oak_trellis","properties":{"flowers":"1"}}]}]
[25Dec2025 17:19:57.449] [Worker-Main-11/ERROR] [net.minecraft.world.level.storage.loot.LootDataType/]: Couldn't parse element ResourceKey[minecraft:root / minecraft:loot_table]:beautify:blocks/birch_trellis - No key value in MapLike[{"type":"minecraft:loot_table","name":"beautify:blocks/birch_lichen_trellis","conditions":[{"condition":"minecraft:block_state_property","block":"beautify:birch_trellis","properties":{"flowers":"8"}}]}]; No key value in MapLike[{"type":"minecraft:loot_table","name":"beautify:blocks/birch_twisting_vines_trellis","conditions":[{"condition":"minecraft:block_state_property","block":"beautify:birch_trellis","properties":{"flowers":"7"}}]}]; No key value in MapLike[{"type":"minecraft:loot_table","name":"beautify:blocks/birch_weeping_vines_trellis","conditions":[{"condition":"minecraft:block_state_property","block":"beautify:birch_trellis","properties":{"flowers":"6"}}]}]; No key value in MapLike[{"type":"minecraft:loot_table","name":"beautify:blocks/birch_vine_trellis","conditions":[{"condition":"minecraft:block_state_property","block":"beautify:birch_trellis","properties":{"flowers":"5"}}]}]; No key value in MapLike[{"type":"minecraft:loot_table","name":"beautify:blocks/birch_lilac_trellis","conditions":[{"condition":"minecraft:block_state_property","block":"beautify:birch_trellis","properties":{"flowers":"4"}}]}]; No key value in MapLike[{"type":"minecraft:loot_table","name":"beautify:blocks/birch_peony_trellis","conditions":[{"condition":"minecraft:block_state_property","block":"beautify:birch_trellis","properties":{"flowers":"3"}}]}]; No key value in MapLike[{"type":"minecraft:loot_table","name":"beautify:blocks/birch_sunflower_trellis","conditions":[{"condition":"minecraft:block_state_property","block":"beautify:birch_trellis","properties":{"flowers":"2"}}]}]; No key value in MapLike[{"type":"minecraft:loot_table","name":"beautify:blocks/birch_rose_trellis","conditions":[{"condition":"minecraft:block_state_property","block":"beautify:birch_trellis","properties":{"flowers":"1"}}]}]
[25Dec2025 17:19:57.450] [Worker-Main-11/ERROR] [net.minecraft.world.level.storage.loot.LootDataType/]: Couldn't parse element ResourceKey[minecraft:root / minecraft:loot_table]:beautify:blocks/oak_trellis - No key value in MapLike[{"type":"minecraft:loot_table","name":"beautify:blocks/oak_lichen_trellis","conditions":[{"condition":"minecraft:block_state_property","block":"beautify:oak_trellis","properties":{"flowers":"8"}}]}]; No key value in MapLike[{"type":"minecraft:loot_table","name":"beautify:blocks/oak_twisting_vines_trellis","conditions":[{"condition":"minecraft:block_state_property","block":"beautify:oak_trellis","properties":{"flowers":"7"}}]}]; No key value in MapLike[{"type":"minecraft:loot_table","name":"beautify:blocks/oak_weeping_vines_trellis","conditions":[{"condition":"minecraft:block_state_property","block":"beautify:oak_trellis","properties":{"flowers":"6"}}]}]; No key value in MapLike[{"type":"minecraft:loot_table","name":"beautify:blocks/oak_vine_trellis","conditions":[{"condition":"minecraft:block_state_property","block":"beautify:oak_trellis","properties":{"flowers":"5"}}]}]; No key value in MapLike[{"type":"minecraft:loot_table","name":"beautify:blocks/oak_lilac_trellis","conditions":[{"condition":"minecraft:block_state_property","block":"beautify:oak_trellis","properties":{"flowers":"4"}}]}]; No key value in MapLike[{"type":"minecraft:loot_table","name":"beautify:blocks/oak_peony_trellis","conditions":[{"condition":"minecraft:block_state_property","block":"beautify:oak_trellis","properties":{"flowers":"3"}}]}]; No key value in MapLike[{"type":"minecraft:loot_table","name":"beautify:blocks/oak_sunflower_trellis","conditions":[{"condition":"minecraft:block_state_property","block":"beautify:oak_trellis","properties":{"flowers":"2"}}]}]; No key value in MapLike[{"type":"minecraft:loot_table","name":"beautify:blocks/oak_rose_trellis","conditions":[{"condition":"minecraft:block_state_property","block":"beautify:oak_trellis","properties":{"flowers":"1"}}]}]
[25Dec2025 17:19:57.458] [Worker-Main-11/ERROR] [net.minecraft.world.level.storage.loot.LootDataType/]: Couldn't parse element ResourceKey[minecraft:root / minecraft:loot_table]:beautify:blocks/warped_trellis - No key value in MapLike[{"type":"minecraft:loot_table","name":"beautify:blocks/warped_lichen_trellis","conditions":[{"condition":"minecraft:block_state_property","block":"beautify:warped_trellis","properties":{"flowers":"8"}}]}]; No key value in MapLike[{"type":"minecraft:loot_table","name":"beautify:blocks/warped_twisting_vines_trellis","conditions":[{"condition":"minecraft:block_state_property","block":"beautify:warped_trellis","properties":{"flowers":"7"}}]}]; No key value in MapLike[{"type":"minecraft:loot_table","name":"beautify:blocks/warped_weeping_vines_trellis","conditions":[{"condition":"minecraft:block_state_property","block":"beautify:warped_trellis","properties":{"flowers":"6"}}]}]; No key value in MapLike[{"type":"minecraft:loot_table","name":"beautify:blocks/warped_vine_trellis","conditions":[{"condition":"minecraft:block_state_property","block":"beautify:warped_trellis","properties":{"flowers":"5"}}]}]; No key value in MapLike[{"type":"minecraft:loot_table","name":"beautify:blocks/warped_lilac_trellis","conditions":[{"condition":"minecraft:block_state_property","block":"beautify:warped_trellis","properties":{"flowers":"4"}}]}]; No key value in MapLike[{"type":"minecraft:loot_table","name":"beautify:blocks/warped_peony_trellis","conditions":[{"condition":"minecraft:block_state_property","block":"beautify:warped_trellis","properties":{"flowers":"3"}}]}]; No key value in MapLike[{"type":"minecraft:loot_table","name":"beautify:blocks/warped_sunflower_trellis","conditions":[{"condition":"minecraft:block_state_property","block":"beautify:warped_trellis","properties":{"flowers":"2"}}]}]; No key value in MapLike[{"type":"minecraft:loot_table","name":"beautify:blocks/warped_rose_trellis","conditions":[{"condition":"minecraft:block_state_property","block":"beautify:warped_trellis","properties":{"flowers":"1"}}]}]
[25Dec2025 17:19:57.461] [Worker-Main-11/ERROR] [net.minecraft.world.level.storage.loot.LootDataType/]: Couldn't parse element ResourceKey[minecraft:root / minecraft:loot_table]:beautify:blocks/jungle_trellis - No key value in MapLike[{"type":"minecraft:loot_table","name":"beautify:blocks/jungle_lichen_trellis","conditions":[{"condition":"minecraft:block_state_property","block":"beautify:jungle_trellis","properties":{"flowers":"8"}}]}]; No key value in MapLike[{"type":"minecraft:loot_table","name":"beautify:blocks/jungle_twisting_vines_trellis","conditions":[{"condition":"minecraft:block_state_property","block":"beautify:jungle_trellis","properties":{"flowers":"7"}}]}]; No key value in MapLike[{"type":"minecraft:loot_table","name":"beautify:blocks/jungle_weeping_vines_trellis","conditions":[{"condition":"minecraft:block_state_property","block":"beautify:jungle_trellis","properties":{"flowers":"6"}}]}]; No key value in MapLike[{"type":"minecraft:loot_table","name":"beautify:blocks/jungle_vine_trellis","conditions":[{"condition":"minecraft:block_state_property","block":"beautify:jungle_trellis","properties":{"flowers":"5"}}]}]; No key value in MapLike[{"type":"minecraft:loot_table","name":"beautify:blocks/jungle_lilac_trellis","conditions":[{"condition":"minecraft:block_state_property","block":"beautify:jungle_trellis","properties":{"flowers":"4"}}]}]; No key value in MapLike[{"type":"minecraft:loot_table","name":"beautify:blocks/jungle_peony_trellis","conditions":[{"condition":"minecraft:block_state_property","block":"beautify:jungle_trellis","properties":{"flowers":"3"}}]}]; No key value in MapLike[{"type":"minecraft:loot_table","name":"beautify:blocks/jungle_sunflower_trellis","conditions":[{"condition":"minecraft:block_state_property","block":"beautify:jungle_trellis","properties":{"flowers":"2"}}]}]; No key value in MapLike[{"type":"minecraft:loot_table","name":"beautify:blocks/jungle_rose_trellis","conditions":[{"condition":"minecraft:block_state_property","block":"beautify:jungle_trellis","properties":{"flowers":"1"}}]}]
[25Dec2025 17:19:57.464] [Worker-Main-11/ERROR] [net.minecraft.world.level.storage.loot.LootDataType/]: Couldn't parse element ResourceKey[minecraft:root / minecraft:loot_table]:beautify:blocks/acacia_trellis - No key value in MapLike[{"type":"minecraft:loot_table","name":"beautify:blocks/acacia_lichen_trellis","conditions":[{"condition":"minecraft:block_state_property","block":"beautify:acacia_trellis","properties":{"flowers":"8"}}]}]; No key value in MapLike[{"type":"minecraft:loot_table","name":"beautify:blocks/acacia_twisting_vines_trellis","conditions":[{"condition":"minecraft:block_state_property","block":"beautify:acacia_trellis","properties":{"flowers":"7"}}]}]; No key value in MapLike[{"type":"minecraft:loot_table","name":"beautify:blocks/acacia_weeping_vines_trellis","conditions":[{"condition":"minecraft:block_state_property","block":"beautify:acacia_trellis","properties":{"flowers":"6"}}]}]; No key value in MapLike[{"type":"minecraft:loot_table","name":"beautify:blocks/acacia_vine_trellis","conditions":[{"condition":"minecraft:block_state_property","block":"beautify:acacia_trellis","properties":{"flowers":"5"}}]}]; No key value in MapLike[{"type":"minecraft:loot_table","name":"beautify:blocks/acacia_lilac_trellis","conditions":[{"condition":"minecraft:block_state_property","block":"beautify:acacia_trellis","properties":{"flowers":"4"}}]}]; No key value in MapLike[{"type":"minecraft:loot_table","name":"beautify:blocks/acacia_peony_trellis","conditions":[{"condition":"minecraft:block_state_property","block":"beautify:acacia_trellis","properties":{"flowers":"3"}}]}]; No key value in MapLike[{"type":"minecraft:loot_table","name":"beautify:blocks/acacia_sunflower_trellis","conditions":[{"condition":"minecraft:block_state_property","block":"beautify:acacia_trellis","properties":{"flowers":"2"}}]}]; No key value in MapLike[{"type":"minecraft:loot_table","name":"beautify:blocks/acacia_rose_trellis","conditions":[{"condition":"minecraft:block_state_property","block":"beautify:acacia_trellis","properties":{"flowers":"1"}}]}]
[25Dec2025 17:19:57.471] [Worker-Main-11/ERROR] [net.minecraft.world.level.storage.loot.LootDataType/]: Couldn't parse element ResourceKey[minecraft:root / minecraft:loot_table]:beautify:blocks/lamp_jar - No key value in MapLike[{"type":"minecraft:loot_table","name":"beautify:blocks/lamp_jar3","conditions":[{"condition":"minecraft:block_state_property","block":"beautify:lamp_jar","properties":{"fill_level":"15"}}]}]; No key value in MapLike[{"type":"minecraft:loot_table","name":"beautify:blocks/lamp_jar2","conditions":[{"condition":"minecraft:block_state_property","block":"beautify:lamp_jar","properties":{"fill_level":"10"}}]}]; No key value in MapLike[{"type":"minecraft:loot_table","name":"beautify:blocks/lamp_jar1","conditions":[{"condition":"minecraft:block_state_property","block":"beautify:lamp_jar","properties":{"fill_level":"5"}}]}]
[25Dec2025 17:19:57.475] [Worker-Main-11/ERROR] [net.minecraft.world.level.storage.loot.LootDataType/]: Couldn't parse element ResourceKey[minecraft:root / minecraft:loot_table]:beautify:blocks/mangrove_trellis - No key value in MapLike[{"type":"minecraft:loot_table","name":"beautify:blocks/mangrove_lichen_trellis","conditions":[{"condition":"minecraft:block_state_property","block":"beautify:mangrove_trellis","properties":{"flowers":"8"}}]}]; No key value in MapLike[{"type":"minecraft:loot_table","name":"beautify:blocks/mangrove_twisting_vines_trellis","conditions":[{"condition":"minecraft:block_state_property","block":"beautify:mangrove_trellis","properties":{"flowers":"7"}}]}]; No key value in MapLike[{"type":"minecraft:loot_table","name":"beautify:blocks/mangrove_weeping_vines_trellis","conditions":[{"condition":"minecraft:block_state_property","block":"beautify:mangrove_trellis","properties":{"flowers":"6"}}]}]; No key value in MapLike[{"type":"minecraft:loot_table","name":"beautify:blocks/mangrove_vine_trellis","conditions":[{"condition":"minecraft:block_state_property","block":"beautify:mangrove_trellis","properties":{"flowers":"5"}}]}]; No key value in MapLike[{"type":"minecraft:loot_table","name":"beautify:blocks/mangrove_lilac_trellis","conditions":[{"condition":"minecraft:block_state_property","block":"beautify:mangrove_trellis","properties":{"flowers":"4"}}]}]; No key value in MapLike[{"type":"minecraft:loot_table","name":"beautify:blocks/mangrove_peony_trellis","conditions":[{"condition":"minecraft:block_state_property","block":"beautify:mangrove_trellis","properties":{"flowers":"3"}}]}]; No key value in MapLike[{"type":"minecraft:loot_table","name":"beautify:blocks/mangrove_sunflower_trellis","conditions":[{"condition":"minecraft:block_state_property","block":"beautify:mangrove_trellis","properties":{"flowers":"2"}}]}]; No key value in MapLike[{"type":"minecraft:loot_table","name":"beautify:blocks/mangrove_rose_trellis","conditions":[{"condition":"minecraft:block_state_property","block":"beautify:mangrove_trellis","properties":{"flowers":"1"}}]}]
[25Dec2025 17:19:57.485] [Worker-Main-11/ERROR] [net.minecraft.world.level.storage.loot.LootDataType/]: Couldn't parse element ResourceKey[minecraft:root / minecraft:loot_table]:beautify:blocks/spruce_trellis - No key value in MapLike[{"type":"minecraft:loot_table","name":"beautify:blocks/spruce_lichen_trellis","conditions":[{"condition":"minecraft:block_state_property","block":"beautify:spruce_trellis","properties":{"flowers":"8"}}]}]; No key value in MapLike[{"type":"minecraft:loot_table","name":"beautify:blocks/spruce_twisting_vines_trellis","conditions":[{"condition":"minecraft:block_state_property","block":"beautify:spruce_trellis","properties":{"flowers":"7"}}]}]; No key value in MapLike[{"type":"minecraft:loot_table","name":"beautify:blocks/spruce_weeping_vines_trellis","conditions":[{"condition":"minecraft:block_state_property","block":"beautify:spruce_trellis","properties":{"flowers":"6"}}]}]; No key value in MapLike[{"type":"minecraft:loot_table","name":"beautify:blocks/spruce_vine_trellis","conditions":[{"condition":"minecraft:block_state_property","block":"beautify:spruce_trellis","properties":{"flowers":"5"}}]}]; No key value in MapLike[{"type":"minecraft:loot_table","name":"beautify:blocks/spruce_lilac_trellis","conditions":[{"condition":"minecraft:block_state_property","block":"beautify:spruce_trellis","properties":{"flowers":"4"}}]}]; No key value in MapLike[{"type":"minecraft:loot_table","name":"beautify:blocks/spruce_peony_trellis","conditions":[{"condition":"minecraft:block_state_property","block":"beautify:spruce_trellis","properties":{"flowers":"3"}}]}]; No key value in MapLike[{"type":"minecraft:loot_table","name":"beautify:blocks/spruce_sunflower_trellis","conditions":[{"condition":"minecraft:block_state_property","block":"beautify:spruce_trellis","properties":{"flowers":"2"}}]}]; No key value in MapLike[{"type":"minecraft:loot_table","name":"beautify:blocks/spruce_rose_trellis","conditions":[{"condition":"minecraft:block_state_property","block":"beautify:spruce_trellis","properties":{"flowers":"1"}}]}]
[25Dec2025 17:19:57.492] [Worker-Main-11/ERROR] [net.minecraft.world.level.storage.loot.LootDataType/]: Couldn't parse element ResourceKey[minecraft:root / minecraft:loot_table]:beautify:blocks/hanging_pot - No key value in MapLike[{"type":"minecraft:loot_table","name":"beautify:blocks/fern_pot","conditions":[{"condition":"minecraft:block_state_property","block":"beautify:hanging_pot","properties":{"potflower":"25"}}]}]; No key value in MapLike[{"type":"minecraft:loot_table","name":"beautify:blocks/grass_pot","conditions":[{"condition":"minecraft:block_state_property","block":"beautify:hanging_pot","properties":{"potflower":"24"}}]}]; No key value in MapLike[{"type":"minecraft:loot_table","name":"beautify:blocks/berry_pot","conditions":[{"condition":"minecraft:block_state_property","block":"beautify:hanging_pot","properties":{"potflower":"23"}}]}]; No key value in MapLike[{"type":"minecraft:loot_table","name":"beautify:blocks/glowberry_pot","conditions":[{"condition":"minecraft:block_state_property","block":"beautify:hanging_pot","properties":{"potflower":"22"}}]}]; No key value in MapLike[{"type":"minecraft:loot_table","name":"beautify:blocks/wither_rose_pot","conditions":[{"condition":"minecraft:block_state_property","block":"beautify:hanging_pot","properties":{"potflower":"21"}}]}]; No key value in MapLike[{"type":"minecraft:loot_table","name":"beautify:blocks/twisting_vines_pot","conditions":[{"condition":"minecraft:block_state_property","block":"beautify:hanging_pot","properties":{"potflower":"20"}}]}]; No key value in MapLike[{"type":"minecraft:loot_table","name":"beautify:blocks/weeping_vines_pot","conditions":[{"condition":"minecraft:block_state_property","block":"beautify:hanging_pot","properties":{"potflower":"19"}}]}]; No key value in MapLike[{"type":"minecraft:loot_table","name":"beautify:blocks/cornflower_pot","conditions":[{"condition":"minecraft:block_state_property","block":"beautify:hanging_pot","properties":{"potflower":"18"}}]}]; No key value in MapLike[{"type":"minecraft:loot_table","name":"beautify:blocks/lily_pot","conditions":[{"condition":"minecraft:block_state_property","block":"beautify:hanging_pot","properties":{"potflower":"17"}}]}]; No key value in MapLike[{"type":"minecraft:loot_table","name":"beautify:blocks/oxeye_daisy_pot","conditions":[{"condition":"minecraft:block_state_property","block":"beautify:hanging_pot","properties":{"potflower":"16"}}]}]; No key value in MapLike[{"type":"minecraft:loot_table","name":"beautify:blocks/glow_lichen_pot","conditions":[{"condition":"minecraft:block_state_property","block":"beautify:hanging_pot","properties":{"potflower":"15"}}]}]; No key value in MapLike[{"type":"minecraft:loot_table","name":"beautify:blocks/poppy_pot","conditions":[{"condition":"minecraft:block_state_property","block":"beautify:hanging_pot","properties":{"potflower":"14"}}]}]; No key value in MapLike[{"type":"minecraft:loot_table","name":"beautify:blocks/poppy_pot","conditions":[{"condition":"minecraft:block_state_property","block":"beautify:hanging_pot","properties":{"potflower":"14"}}]}]; No key value in MapLike[{"type":"minecraft:loot_table","name":"beautify:blocks/dandelion_pot","conditions":[{"condition":"minecraft:block_state_property","block":"beautify:hanging_pot","properties":{"potflower":"13"}}]}]; No key value in MapLike[{"type":"minecraft:loot_table","name":"beautify:blocks/allium_pot","conditions":[{"condition":"minecraft:block_state_property","block":"beautify:hanging_pot","properties":{"potflower":"12"}}]}]; No key value in MapLike[{"type":"minecraft:loot_table","name":"beautify:blocks/pink_tulip_pot","conditions":[{"condition":"minecraft:block_state_property","block":"beautify:hanging_pot","properties":{"potflower":"11"}}]}]; No key value in MapLike[{"type":"minecraft:loot_table","name":"beautify:blocks/white_tulip_pot","conditions":[{"condition":"minecraft:block_state_property","block":"beautify:hanging_pot","properties":{"potflower":"10"}}]}]; No key value in MapLike[{"type":"minecraft:loot_table","name":"beautify:blocks/orange_tulip_pot","conditions":[{"condition":"minecraft:block_state_property","block":"beautify:hanging_pot","properties":{"potflower":"9"}}]}]; No key value in MapLike[{"type":"minecraft:loot_table","name":"beautify:blocks/red_tulip_pot","conditions":[{"condition":"minecraft:block_state_property","block":"beautify:hanging_pot","properties":{"potflower":"8"}}]}]; No key value in MapLike[{"type":"minecraft:loot_table","name":"beautify:blocks/azure_bluet_pot","conditions":[{"condition":"minecraft:block_state_property","block":"beautify:hanging_pot","properties":{"potflower":"7"}}]}]; No key value in MapLike[{"type":"minecraft:loot_table","name":"beautify:blocks/peony_pot","conditions":[{"condition":"minecraft:block_state_property","block":"beautify:hanging_pot","properties":{"potflower":"6"}}]}]; No key value in MapLike[{"type":"minecraft:loot_table","name":"beautify:blocks/sunflower_pot","conditions":[{"condition":"minecraft:block_state_property","block":"beautify:hanging_pot","properties":{"potflower":"5"}}]}]; No key value in MapLike[{"type":"minecraft:loot_table","name":"beautify:blocks/vines_pot","conditions":[{"condition":"minecraft:block_state_property","block":"beautify:hanging_pot","properties":{"potflower":"4"}}]}]; No key value in MapLike[{"type":"minecraft:loot_table","name":"beautify:blocks/orchid_pot","conditions":[{"condition":"minecraft:block_state_property","block":"beautify:hanging_pot","properties":{"potflower":"3"}}]}]; No key value in MapLike[{"type":"minecraft:loot_table","name":"beautify:blocks/lilac_pot","conditions":[{"condition":"minecraft:block_state_property","block":"beautify:hanging_pot","properties":{"potflower":"2"}}]}]; No key value in MapLike[{"type":"minecraft:loot_table","name":"beautify:blocks/rose_pot","conditions":[{"condition":"minecraft:block_state_property","block":"beautify:hanging_pot","properties":{"potflower":"1"}}]}]
[25Dec2025 17:19:57.519] [Worker-Main-1/INFO] [Antique Atlas/]: Found structure piece config: minecraft:atlas/structures/village/desert/desert_lamp_1.json
[25Dec2025 17:19:57.519] [Worker-Main-1/INFO] [Antique Atlas/]: Found structure piece config: minecraft:atlas/structures/village/desert/houses/desert_animal_pen_1.json
[25Dec2025 17:19:57.519] [Worker-Main-1/INFO] [Antique Atlas/]: Found structure piece config: minecraft:atlas/structures/village/desert/houses/desert_animal_pen_2.json
[25Dec2025 17:19:57.519] [Worker-Main-1/INFO] [Antique Atlas/]: Found structure piece config: minecraft:atlas/structures/village/desert/houses/desert_armorer_1.json
[25Dec2025 17:19:57.519] [Worker-Main-1/INFO] [Antique Atlas/]: Found structure piece config: minecraft:atlas/structures/village/desert/houses/desert_butcher_shop_1.json
[25Dec2025 17:19:57.519] [Worker-Main-1/INFO] [Antique Atlas/]: Found structure piece config: minecraft:atlas/structures/village/desert/houses/desert_cartographer_house_1.json
[25Dec2025 17:19:57.519] [Worker-Main-1/INFO] [Antique Atlas/]: Found structure piece config: minecraft:atlas/structures/village/desert/houses/desert_farm_1.json
[25Dec2025 17:19:57.519] [Worker-Main-1/INFO] [Antique Atlas/]: Found structure piece config: minecraft:atlas/structures/village/desert/houses/desert_farm_2.json
[25Dec2025 17:19:57.519] [Worker-Main-1/INFO] [Antique Atlas/]: Found structure piece config: minecraft:atlas/structures/village/desert/houses/desert_fisher_1.json
[25Dec2025 17:19:57.519] [Worker-Main-1/INFO] [Antique Atlas/]: Found structure piece config: minecraft:atlas/structures/village/desert/houses/desert_fletcher_house_1.json
[25Dec2025 17:19:57.520] [Worker-Main-1/INFO] [Antique Atlas/]: Found structure piece config: minecraft:atlas/structures/village/desert/houses/desert_large_farm_1.json
[25Dec2025 17:19:57.520] [Worker-Main-1/INFO] [Antique Atlas/]: Found structure piece config: minecraft:atlas/structures/village/desert/houses/desert_library_1.json
[25Dec2025 17:19:57.520] [Worker-Main-1/INFO] [Antique Atlas/]: Found structure piece config: minecraft:atlas/structures/village/desert/houses/desert_mason_1.json
[25Dec2025 17:19:57.520] [Worker-Main-1/INFO] [Antique Atlas/]: Found structure piece config: minecraft:atlas/structures/village/desert/houses/desert_medium_house_1.json
[25Dec2025 17:19:57.520] [Worker-Main-1/INFO] [Antique Atlas/]: Found structure piece config: minecraft:atlas/structures/village/desert/houses/desert_medium_house_2.json
[25Dec2025 17:19:57.520] [Worker-Main-1/INFO] [Antique Atlas/]: Found structure piece config: minecraft:atlas/structures/village/desert/houses/desert_shepherd_house_1.json
[25Dec2025 17:19:57.520] [Worker-Main-1/INFO] [Antique Atlas/]: Found structure piece config: minecraft:atlas/structures/village/desert/houses/desert_small_house_1.json
[25Dec2025 17:19:57.520] [Worker-Main-1/INFO] [Antique Atlas/]: Found structure piece config: minecraft:atlas/structures/village/desert/houses/desert_small_house_2.json
[25Dec2025 17:19:57.520] [Worker-Main-1/INFO] [Antique Atlas/]: Found structure piece config: minecraft:atlas/structures/village/desert/houses/desert_small_house_3.json
[25Dec2025 17:19:57.520] [Worker-Main-1/INFO] [Antique Atlas/]: Found structure piece config: minecraft:atlas/structures/village/desert/houses/desert_small_house_4.json
[25Dec2025 17:19:57.520] [Worker-Main-1/INFO] [Antique Atlas/]: Found structure piece config: minecraft:atlas/structures/village/desert/houses/desert_small_house_5.json
[25Dec2025 17:19:57.520] [Worker-Main-1/INFO] [Antique Atlas/]: Found structure piece config: minecraft:atlas/structures/village/desert/houses/desert_small_house_6.json
[25Dec2025 17:19:57.520] [Worker-Main-1/INFO] [Antique Atlas/]: Found structure piece config: minecraft:atlas/structures/village/desert/houses/desert_small_house_7.json
[25Dec2025 17:19:57.520] [Worker-Main-1/INFO] [Antique Atlas/]: Found structure piece config: minecraft:atlas/structures/village/desert/houses/desert_small_house_8.json
[25Dec2025 17:19:57.520] [Worker-Main-1/INFO] [Antique Atlas/]: Found structure piece config: minecraft:atlas/structures/village/desert/houses/desert_tannery_1.json
[25Dec2025 17:19:57.520] [Worker-Main-1/INFO] [Antique Atlas/]: Found structure piece config: minecraft:atlas/structures/village/desert/houses/desert_temple_1.json
[25Dec2025 17:19:57.520] [Worker-Main-1/INFO] [Antique Atlas/]: Found structure piece config: minecraft:atlas/structures/village/desert/houses/desert_temple_2.json
[25Dec2025 17:19:57.520] [Worker-Main-1/INFO] [Antique Atlas/]: Found structure piece config: minecraft:atlas/structures/village/desert/houses/desert_tool_smith_1.json
[25Dec2025 17:19:57.521] [Worker-Main-1/INFO] [Antique Atlas/]: Found structure piece config: minecraft:atlas/structures/village/desert/houses/desert_weaponsmith_1.json
[25Dec2025 17:19:57.521] [Worker-Main-1/INFO] [Antique Atlas/]: Found structure piece config: minecraft:atlas/structures/village/desert/streets/corner_01.json
[25Dec2025 17:19:57.521] [Worker-Main-1/INFO] [Antique Atlas/]: Found structure piece config: minecraft:atlas/structures/village/desert/streets/corner_02.json
[25Dec2025 17:19:57.521] [Worker-Main-1/INFO] [Antique Atlas/]: Found structure piece config: minecraft:atlas/structures/village/desert/streets/crossroad_01.json
[25Dec2025 17:19:57.521] [Worker-Main-1/INFO] [Antique Atlas/]: Found structure piece config: minecraft:atlas/structures/village/desert/streets/crossroad_02.json
[25Dec2025 17:19:57.521] [Worker-Main-1/INFO] [Antique Atlas/]: Found structure piece config: minecraft:atlas/structures/village/desert/streets/crossroad_03.json
[25Dec2025 17:19:57.521] [Worker-Main-1/INFO] [Antique Atlas/]: Found structure piece config: minecraft:atlas/structures/village/desert/streets/square_01.json
[25Dec2025 17:19:57.521] [Worker-Main-1/INFO] [Antique Atlas/]: Found structure piece config: minecraft:atlas/structures/village/desert/streets/square_02.json
[25Dec2025 17:19:57.521] [Worker-Main-1/INFO] [Antique Atlas/]: Found structure piece config: minecraft:atlas/structures/village/desert/streets/straight_01.json
[25Dec2025 17:19:57.521] [Worker-Main-1/INFO] [Antique Atlas/]: Found structure piece config: minecraft:atlas/structures/village/desert/streets/straight_02.json
[25Dec2025 17:19:57.521] [Worker-Main-1/INFO] [Antique Atlas/]: Found structure piece config: minecraft:atlas/structures/village/desert/streets/straight_03.json
[25Dec2025 17:19:57.521] [Worker-Main-1/INFO] [Antique Atlas/]: Found structure piece config: minecraft:atlas/structures/village/desert/streets/turn_01.json
[25Dec2025 17:19:57.521] [Worker-Main-1/INFO] [Antique Atlas/]: Found structure piece config: minecraft:atlas/structures/village/desert/town_centers/desert_meeting_point_1.json
[25Dec2025 17:19:57.521] [Worker-Main-1/INFO] [Antique Atlas/]: Found structure piece config: minecraft:atlas/structures/village/desert/town_centers/desert_meeting_point_2.json
[25Dec2025 17:19:57.521] [Worker-Main-1/INFO] [Antique Atlas/]: Found structure piece config: minecraft:atlas/structures/village/desert/town_centers/desert_meeting_point_3.json
[25Dec2025 17:19:57.521] [Worker-Main-1/INFO] [Antique Atlas/]: Found structure piece config: minecraft:atlas/structures/village/desert/zombie/houses/desert_medium_house_1.json
[25Dec2025 17:19:57.521] [Worker-Main-1/INFO] [Antique Atlas/]: Found structure piece config: minecraft:atlas/structures/village/desert/zombie/houses/desert_medium_house_2.json
[25Dec2025 17:19:57.521] [Worker-Main-1/INFO] [Antique Atlas/]: Found structure piece config: minecraft:atlas/structures/village/desert/zombie/houses/desert_small_house_1.json
[25Dec2025 17:19:57.521] [Worker-Main-1/INFO] [Antique Atlas/]: Found structure piece config: minecraft:atlas/structures/village/desert/zombie/houses/desert_small_house_2.json
[25Dec2025 17:19:57.521] [Worker-Main-1/INFO] [Antique Atlas/]: Found structure piece config: minecraft:atlas/structures/village/desert/zombie/houses/desert_small_house_3.json
[25Dec2025 17:19:57.521] [Worker-Main-1/INFO] [Antique Atlas/]: Found structure piece config: minecraft:atlas/structures/village/desert/zombie/houses/desert_small_house_4.json
[25Dec2025 17:19:57.521] [Worker-Main-1/INFO] [Antique Atlas/]: Found structure piece config: minecraft:atlas/structures/village/desert/zombie/houses/desert_small_house_5.json
[25Dec2025 17:19:57.521] [Worker-Main-1/INFO] [Antique Atlas/]: Found structure piece config: minecraft:atlas/structures/village/desert/zombie/houses/desert_small_house_6.json
[25Dec2025 17:19:57.521] [Worker-Main-1/INFO] [Antique Atlas/]: Found structure piece config: minecraft:atlas/structures/village/desert/zombie/houses/desert_small_house_7.json
[25Dec2025 17:19:57.521] [Worker-Main-1/INFO] [Antique Atlas/]: Found structure piece config: minecraft:atlas/structures/village/desert/zombie/houses/desert_small_house_8.json
[25Dec2025 17:19:57.521] [Worker-Main-1/INFO] [Antique Atlas/]: Found structure piece config: minecraft:atlas/structures/village/desert/zombie/streets/corner_01.json
[25Dec2025 17:19:57.521] [Worker-Main-1/INFO] [Antique Atlas/]: Found structure piece config: minecraft:atlas/structures/village/desert/zombie/streets/corner_02.json
[25Dec2025 17:19:57.521] [Worker-Main-1/INFO] [Antique Atlas/]: Found structure piece config: minecraft:atlas/structures/village/desert/zombie/streets/crossroad_01.json
[25Dec2025 17:19:57.521] [Worker-Main-1/INFO] [Antique Atlas/]: Found structure piece config: minecraft:atlas/structures/village/desert/zombie/streets/crossroad_02.json
[25Dec2025 17:19:57.521] [Worker-Main-1/INFO] [Antique Atlas/]: Found structure piece config: minecraft:atlas/structures/village/desert/zombie/streets/crossroad_03.json
[25Dec2025 17:19:57.521] [Worker-Main-1/INFO] [Antique Atlas/]: Found structure piece config: minecraft:atlas/structures/village/desert/zombie/streets/square_01.json
[25Dec2025 17:19:57.521] [Worker-Main-1/INFO] [Antique Atlas/]: Found structure piece config: minecraft:atlas/structures/village/desert/zombie/streets/square_02.json
[25Dec2025 17:19:57.521] [Worker-Main-1/INFO] [Antique Atlas/]: Found structure piece config: minecraft:atlas/structures/village/desert/zombie/streets/straight_01.json
[25Dec2025 17:19:57.522] [Worker-Main-1/INFO] [Antique Atlas/]: Found structure piece config: minecraft:atlas/structures/village/desert/zombie/streets/straight_02.json
[25Dec2025 17:19:57.522] [Worker-Main-1/INFO] [Antique Atlas/]: Found structure piece config: minecraft:atlas/structures/village/desert/zombie/streets/straight_03.json
[25Dec2025 17:19:57.522] [Worker-Main-1/INFO] [Antique Atlas/]: Found structure piece config: minecraft:atlas/structures/village/desert/zombie/streets/turn_01.json
[25Dec2025 17:19:57.522] [Worker-Main-1/INFO] [Antique Atlas/]: Found structure piece config: minecraft:atlas/structures/village/desert/zombie/town_centers/desert_meeting_point_1.json
[25Dec2025 17:19:57.522] [Worker-Main-1/INFO] [Antique Atlas/]: Found structure piece config: minecraft:atlas/structures/village/desert/zombie/town_centers/desert_meeting_point_2.json
[25Dec2025 17:19:57.522] [Worker-Main-1/INFO] [Antique Atlas/]: Found structure piece config: minecraft:atlas/structures/village/desert/zombie/town_centers/desert_meeting_point_3.json
[25Dec2025 17:19:57.522] [Worker-Main-1/INFO] [Antique Atlas/]: Found structure piece config: minecraft:atlas/structures/village/plains/houses/plains_accessory_1.json
[25Dec2025 17:19:57.522] [Worker-Main-1/INFO] [Antique Atlas/]: Found structure piece config: minecraft:atlas/structures/village/plains/houses/plains_animal_pen_1.json
[25Dec2025 17:19:57.522] [Worker-Main-1/INFO] [Antique Atlas/]: Found structure piece config: minecraft:atlas/structures/village/plains/houses/plains_animal_pen_2.json
[25Dec2025 17:19:57.522] [Worker-Main-1/INFO] [Antique Atlas/]: Found structure piece config: minecraft:atlas/structures/village/plains/houses/plains_animal_pen_3.json
[25Dec2025 17:19:57.522] [Worker-Main-1/INFO] [Antique Atlas/]: Found structure piece config: minecraft:atlas/structures/village/plains/houses/plains_armorer_house_1.json
[25Dec2025 17:19:57.522] [Worker-Main-1/INFO] [Antique Atlas/]: Found structure piece config: minecraft:atlas/structures/village/plains/houses/plains_big_house_1.json
[25Dec2025 17:19:57.522] [Worker-Main-1/INFO] [Antique Atlas/]: Found structure piece config: minecraft:atlas/structures/village/plains/houses/plains_butcher_shop_1.json
[25Dec2025 17:19:57.522] [Worker-Main-1/INFO] [Antique Atlas/]: Found structure piece config: minecraft:atlas/structures/village/plains/houses/plains_butcher_shop_2.json
[25Dec2025 17:19:57.522] [Worker-Main-1/INFO] [Antique Atlas/]: Found structure piece config: minecraft:atlas/structures/village/plains/houses/plains_cartographer_1.json
[25Dec2025 17:19:57.522] [Worker-Main-1/INFO] [Antique Atlas/]: Found structure piece config: minecraft:atlas/structures/village/plains/houses/plains_fisher_cottage_1.json
[25Dec2025 17:19:57.522] [Worker-Main-1/INFO] [Antique Atlas/]: Found structure piece config: minecraft:atlas/structures/village/plains/houses/plains_fletcher_house_1.json
[25Dec2025 17:19:57.522] [Worker-Main-1/INFO] [Antique Atlas/]: Found structure piece config: minecraft:atlas/structures/village/plains/houses/plains_large_farm_1.json
[25Dec2025 17:19:57.522] [Worker-Main-1/INFO] [Antique Atlas/]: Found structure piece config: minecraft:atlas/structures/village/plains/houses/plains_library_1.json
[25Dec2025 17:19:57.522] [Worker-Main-1/INFO] [Antique Atlas/]: Found structure piece config: minecraft:atlas/structures/village/plains/houses/plains_library_2.json
[25Dec2025 17:19:57.522] [Worker-Main-1/INFO] [Antique Atlas/]: Found structure piece config: minecraft:atlas/structures/village/plains/houses/plains_masons_house_1.json
[25Dec2025 17:19:57.522] [Worker-Main-1/INFO] [Antique Atlas/]: Found structure piece config: minecraft:atlas/structures/village/plains/houses/plains_medium_house_1.json
[25Dec2025 17:19:57.522] [Worker-Main-1/INFO] [Antique Atlas/]: Found structure piece config: minecraft:atlas/structures/village/plains/houses/plains_medium_house_2.json
[25Dec2025 17:19:57.522] [Worker-Main-1/INFO] [Antique Atlas/]: Found structure piece config: minecraft:atlas/structures/village/plains/houses/plains_meeting_point_4.json
[25Dec2025 17:19:57.522] [Worker-Main-1/INFO] [Antique Atlas/]: Found structure piece config: minecraft:atlas/structures/village/plains/houses/plains_meeting_point_5.json
[25Dec2025 17:19:57.522] [Worker-Main-1/INFO] [Antique Atlas/]: Found structure piece config: minecraft:atlas/structures/village/plains/houses/plains_shepherds_house_1.json
[25Dec2025 17:19:57.522] [Worker-Main-1/INFO] [Antique Atlas/]: Found structure piece config: minecraft:atlas/structures/village/plains/houses/plains_small_farm_1.json
[25Dec2025 17:19:57.522] [Worker-Main-1/INFO] [Antique Atlas/]: Found structure piece config: minecraft:atlas/structures/village/plains/houses/plains_small_house_1.json
[25Dec2025 17:19:57.522] [Worker-Main-1/INFO] [Antique Atlas/]: Found structure piece config: minecraft:atlas/structures/village/plains/houses/plains_small_house_2.json
[25Dec2025 17:19:57.522] [Worker-Main-1/INFO] [Antique Atlas/]: Found structure piece config: minecraft:atlas/structures/village/plains/houses/plains_small_house_3.json
[25Dec2025 17:19:57.522] [Worker-Main-1/INFO] [Antique Atlas/]: Found structure piece config: minecraft:atlas/structures/village/plains/houses/plains_small_house_4.json
[25Dec2025 17:19:57.522] [Worker-Main-1/INFO] [Antique Atlas/]: Found structure piece config: minecraft:atlas/structures/village/plains/houses/plains_small_house_5.json
[25Dec2025 17:19:57.522] [Worker-Main-1/INFO] [Antique Atlas/]: Found structure piece config: minecraft:atlas/structures/village/plains/houses/plains_small_house_6.json
[25Dec2025 17:19:57.522] [Worker-Main-1/INFO] [Antique Atlas/]: Found structure piece config: minecraft:atlas/structures/village/plains/houses/plains_small_house_7.json
[25Dec2025 17:19:57.522] [Worker-Main-1/INFO] [Antique Atlas/]: Found structure piece config: minecraft:atlas/structures/village/plains/houses/plains_small_house_8.json
[25Dec2025 17:19:57.522] [Worker-Main-1/INFO] [Antique Atlas/]: Found structure piece config: minecraft:atlas/structures/village/plains/houses/plains_stable_1.json
[25Dec2025 17:19:57.522] [Worker-Main-1/INFO] [Antique Atlas/]: Found structure piece config: minecraft:atlas/structures/village/plains/houses/plains_stable_2.json
[25Dec2025 17:19:57.522] [Worker-Main-1/INFO] [Antique Atlas/]: Found structure piece config: minecraft:atlas/structures/village/plains/houses/plains_tannery_1.json
[25Dec2025 17:19:57.522] [Worker-Main-1/INFO] [Antique Atlas/]: Found structure piece config: minecraft:atlas/structures/village/plains/houses/plains_temple_3.json
[25Dec2025 17:19:57.522] [Worker-Main-1/INFO] [Antique Atlas/]: Found structure piece config: minecraft:atlas/structures/village/plains/houses/plains_temple_4.json
[25Dec2025 17:19:57.522] [Worker-Main-1/INFO] [Antique Atlas/]: Found structure piece config: minecraft:atlas/structures/village/plains/houses/plains_tool_smith_1.json
[25Dec2025 17:19:57.522] [Worker-Main-1/INFO] [Antique Atlas/]: Found structure piece config: minecraft:atlas/structures/village/plains/houses/plains_weaponsmith_1.json
[25Dec2025 17:19:57.522] [Worker-Main-1/INFO] [Antique Atlas/]: Found structure piece config: minecraft:atlas/structures/village/plains/plains_lamp_1.json
[25Dec2025 17:19:57.522] [Worker-Main-1/INFO] [Antique Atlas/]: Found structure piece config: minecraft:atlas/structures/village/plains/streets/corner_01.json
[25Dec2025 17:19:57.522] [Worker-Main-1/INFO] [Antique Atlas/]: Found structure piece config: minecraft:atlas/structures/village/plains/streets/corner_02.json
[25Dec2025 17:19:57.522] [Worker-Main-1/INFO] [Antique Atlas/]: Found structure piece config: minecraft:atlas/structures/village/plains/streets/corner_03.json
[25Dec2025 17:19:57.523] [Worker-Main-1/INFO] [Antique Atlas/]: Found structure piece config: minecraft:atlas/structures/village/plains/streets/crossroad_01.json
[25Dec2025 17:19:57.523] [Worker-Main-1/INFO] [Antique Atlas/]: Found structure piece config: minecraft:atlas/structures/village/plains/streets/crossroad_02.json
[25Dec2025 17:19:57.523] [Worker-Main-1/INFO] [Antique Atlas/]: Found structure piece config: minecraft:atlas/structures/village/plains/streets/crossroad_03.json
[25Dec2025 17:19:57.523] [Worker-Main-1/INFO] [Antique Atlas/]: Found structure piece config: minecraft:atlas/structures/village/plains/streets/crossroad_04.json
[25Dec2025 17:19:57.523] [Worker-Main-1/INFO] [Antique Atlas/]: Found structure piece config: minecraft:atlas/structures/village/plains/streets/crossroad_05.json
[25Dec2025 17:19:57.523] [Worker-Main-1/INFO] [Antique Atlas/]: Found structure piece config: minecraft:atlas/structures/village/plains/streets/crossroad_06.json
[25Dec2025 17:19:57.523] [Worker-Main-1/INFO] [Antique Atlas/]: Found structure piece config: minecraft:atlas/structures/village/plains/streets/straight_01.json
[25Dec2025 17:19:57.523] [Worker-Main-1/INFO] [Antique Atlas/]: Found structure piece config: minecraft:atlas/structures/village/plains/streets/straight_02.json
[25Dec2025 17:19:57.523] [Worker-Main-1/INFO] [Antique Atlas/]: Found structure piece config: minecraft:atlas/structures/village/plains/streets/straight_03.json
[25Dec2025 17:19:57.523] [Worker-Main-1/INFO] [Antique Atlas/]: Found structure piece config: minecraft:atlas/structures/village/plains/streets/straight_04.json
[25Dec2025 17:19:57.523] [Worker-Main-1/INFO] [Antique Atlas/]: Found structure piece config: minecraft:atlas/structures/village/plains/streets/straight_05.json
[25Dec2025 17:19:57.523] [Worker-Main-1/INFO] [Antique Atlas/]: Found structure piece config: minecraft:atlas/structures/village/plains/streets/straight_06.json
[25Dec2025 17:19:57.523] [Worker-Main-1/INFO] [Antique Atlas/]: Found structure piece config: minecraft:atlas/structures/village/plains/streets/turn_01.json
[25Dec2025 17:19:57.523] [Worker-Main-1/INFO] [Antique Atlas/]: Found structure piece config: minecraft:atlas/structures/village/plains/town_centers/plains_fountain_01.json
[25Dec2025 17:19:57.523] [Worker-Main-1/INFO] [Antique Atlas/]: Found structure piece config: minecraft:atlas/structures/village/plains/town_centers/plains_meeting_point_1.json
[25Dec2025 17:19:57.523] [Worker-Main-1/INFO] [Antique Atlas/]: Found structure piece config: minecraft:atlas/structures/village/plains/town_centers/plains_meeting_point_2.json
[25Dec2025 17:19:57.523] [Worker-Main-1/INFO] [Antique Atlas/]: Found structure piece config: minecraft:atlas/structures/village/plains/town_centers/plains_meeting_point_3.json
[25Dec2025 17:19:57.523] [Worker-Main-1/INFO] [Antique Atlas/]: Found structure piece config: minecraft:atlas/structures/village/plains/zombie/houses/plains_animal_pen_3.json
[25Dec2025 17:19:57.523] [Worker-Main-1/INFO] [Antique Atlas/]: Found structure piece config: minecraft:atlas/structures/village/plains/zombie/houses/plains_big_house_1.json
[25Dec2025 17:19:57.523] [Worker-Main-1/INFO] [Antique Atlas/]: Found structure piece config: minecraft:atlas/structures/village/plains/zombie/houses/plains_butcher_shop_2.json
[25Dec2025 17:19:57.523] [Worker-Main-1/INFO] [Antique Atlas/]: Found structure piece config: minecraft:atlas/structures/village/plains/zombie/houses/plains_fletcher_house_1.json
[25Dec2025 17:19:57.523] [Worker-Main-1/INFO] [Antique Atlas/]: Found structure piece config: minecraft:atlas/structures/village/plains/zombie/houses/plains_medium_house_1.json
[25Dec2025 17:19:57.523] [Worker-Main-1/INFO] [Antique Atlas/]: Found structure piece config: minecraft:atlas/structures/village/plains/zombie/houses/plains_medium_house_2.json
[25Dec2025 17:19:57.523] [Worker-Main-1/INFO] [Antique Atlas/]: Found structure piece config: minecraft:atlas/structures/village/plains/zombie/houses/plains_meeting_point_4.json
[25Dec2025 17:19:57.523] [Worker-Main-1/INFO] [Antique Atlas/]: Found structure piece config: minecraft:atlas/structures/village/plains/zombie/houses/plains_meeting_point_5.json
[25Dec2025 17:19:57.523] [Worker-Main-1/INFO] [Antique Atlas/]: Found structure piece config: minecraft:atlas/structures/village/plains/zombie/houses/plains_shepherds_house_1.json
[25Dec2025 17:19:57.523] [Worker-Main-1/INFO] [Antique Atlas/]: Found structure piece config: minecraft:atlas/structures/village/plains/zombie/houses/plains_small_house_1.json
[25Dec2025 17:19:57.523] [Worker-Main-1/INFO] [Antique Atlas/]: Found structure piece config: minecraft:atlas/structures/village/plains/zombie/houses/plains_small_house_2.json
[25Dec2025 17:19:57.523] [Worker-Main-1/INFO] [Antique Atlas/]: Found structure piece config: minecraft:atlas/structures/village/plains/zombie/houses/plains_small_house_3.json
[25Dec2025 17:19:57.523] [Worker-Main-1/INFO] [Antique Atlas/]: Found structure piece config: minecraft:atlas/structures/village/plains/zombie/houses/plains_small_house_4.json
[25Dec2025 17:19:57.523] [Worker-Main-1/INFO] [Antique Atlas/]: Found structure piece config: minecraft:atlas/structures/village/plains/zombie/houses/plains_small_house_5.json
[25Dec2025 17:19:57.523] [Worker-Main-1/INFO] [Antique Atlas/]: Found structure piece config: minecraft:atlas/structures/village/plains/zombie/houses/plains_small_house_6.json
[25Dec2025 17:19:57.523] [Worker-Main-1/INFO] [Antique Atlas/]: Found structure piece config: minecraft:atlas/structures/village/plains/zombie/houses/plains_small_house_7.json
[25Dec2025 17:19:57.523] [Worker-Main-1/INFO] [Antique Atlas/]: Found structure piece config: minecraft:atlas/structures/village/plains/zombie/houses/plains_small_house_8.json
[25Dec2025 17:19:57.523] [Worker-Main-1/INFO] [Antique Atlas/]: Found structure piece config: minecraft:atlas/structures/village/plains/zombie/houses/plains_stable_1.json
[25Dec2025 17:19:57.523] [Worker-Main-1/INFO] [Antique Atlas/]: Found structure piece config: minecraft:atlas/structures/village/plains/zombie/streets/corner_01.json
[25Dec2025 17:19:57.523] [Worker-Main-1/INFO] [Antique Atlas/]: Found structure piece config: minecraft:atlas/structures/village/plains/zombie/streets/corner_02.json
[25Dec2025 17:19:57.523] [Worker-Main-1/INFO] [Antique Atlas/]: Found structure piece config: minecraft:atlas/structures/village/plains/zombie/streets/corner_03.json
[25Dec2025 17:19:57.523] [Worker-Main-1/INFO] [Antique Atlas/]: Found structure piece config: minecraft:atlas/structures/village/plains/zombie/streets/crossroad_01.json
[25Dec2025 17:19:57.523] [Worker-Main-1/INFO] [Antique Atlas/]: Found structure piece config: minecraft:atlas/structures/village/plains/zombie/streets/crossroad_02.json
[25Dec2025 17:19:57.523] [Worker-Main-1/INFO] [Antique Atlas/]: Found structure piece config: minecraft:atlas/structures/village/plains/zombie/streets/crossroad_03.json
[25Dec2025 17:19:57.523] [Worker-Main-1/INFO] [Antique Atlas/]: Found structure piece config: minecraft:atlas/structures/village/plains/zombie/streets/crossroad_04.json
[25Dec2025 17:19:57.523] [Worker-Main-1/INFO] [Antique Atlas/]: Found structure piece config: minecraft:atlas/structures/village/plains/zombie/streets/crossroad_05.json
[25Dec2025 17:19:57.523] [Worker-Main-1/INFO] [Antique Atlas/]: Found structure piece config: minecraft:atlas/structures/village/plains/zombie/streets/crossroad_06.json
[25Dec2025 17:19:57.523] [Worker-Main-1/INFO] [Antique Atlas/]: Found structure piece config: minecraft:atlas/structures/village/plains/zombie/streets/straight_01.json
[25Dec2025 17:19:57.523] [Worker-Main-1/INFO] [Antique Atlas/]: Found structure piece config: minecraft:atlas/structures/village/plains/zombie/streets/straight_02.json
[25Dec2025 17:19:57.523] [Worker-Main-1/INFO] [Antique Atlas/]: Found structure piece config: minecraft:atlas/structures/village/plains/zombie/streets/straight_03.json
[25Dec2025 17:19:57.523] [Worker-Main-1/INFO] [Antique Atlas/]: Found structure piece config: minecraft:atlas/structures/village/plains/zombie/streets/straight_04.json
[25Dec2025 17:19:57.523] [Worker-Main-1/INFO] [Antique Atlas/]: Found structure piece config: minecraft:atlas/structures/village/plains/zombie/streets/straight_05.json
[25Dec2025 17:19:57.524] [Worker-Main-1/INFO] [Antique Atlas/]: Found structure piece config: minecraft:atlas/structures/village/plains/zombie/streets/straight_06.json
[25Dec2025 17:19:57.524] [Worker-Main-1/INFO] [Antique Atlas/]: Found structure piece config: minecraft:atlas/structures/village/plains/zombie/streets/turn_01.json
[25Dec2025 17:19:57.524] [Worker-Main-1/INFO] [Antique Atlas/]: Found structure piece config: minecraft:atlas/structures/village/plains/zombie/town_centers/plains_fountain_01.json
[25Dec2025 17:19:57.524] [Worker-Main-1/INFO] [Antique Atlas/]: Found structure piece config: minecraft:atlas/structures/village/plains/zombie/town_centers/plains_meeting_point_1.json
[25Dec2025 17:19:57.524] [Worker-Main-1/INFO] [Antique Atlas/]: Found structure piece config: minecraft:atlas/structures/village/plains/zombie/town_centers/plains_meeting_point_2.json
[25Dec2025 17:19:57.524] [Worker-Main-1/INFO] [Antique Atlas/]: Found structure piece config: minecraft:atlas/structures/village/plains/zombie/town_centers/plains_meeting_point_3.json
[25Dec2025 17:19:57.524] [Worker-Main-1/INFO] [Antique Atlas/]: Found structure piece config: minecraft:atlas/structures/village/savanna/houses/savanna_animal_pen_1.json
[25Dec2025 17:19:57.524] [Worker-Main-1/INFO] [Antique Atlas/]: Found structure piece config: minecraft:atlas/structures/village/savanna/houses/savanna_animal_pen_2.json
[25Dec2025 17:19:57.524] [Worker-Main-1/INFO] [Antique Atlas/]: Found structure piece config: minecraft:atlas/structures/village/savanna/houses/savanna_animal_pen_3.json
[25Dec2025 17:19:57.524] [Worker-Main-1/INFO] [Antique Atlas/]: Found structure piece config: minecraft:atlas/structures/village/savanna/houses/savanna_armorer_1.json
[25Dec2025 17:19:57.524] [Worker-Main-1/INFO] [Antique Atlas/]: Found structure piece config: minecraft:atlas/structures/village/savanna/houses/savanna_butchers_shop_1.json
[25Dec2025 17:19:57.524] [Worker-Main-1/INFO] [Antique Atlas/]: Found structure piece config: minecraft:atlas/structures/village/savanna/houses/savanna_butchers_shop_2.json
[25Dec2025 17:19:57.524] [Worker-Main-1/INFO] [Antique Atlas/]: Found structure piece config: minecraft:atlas/structures/village/savanna/houses/savanna_cartographer_1.json
[25Dec2025 17:19:57.524] [Worker-Main-1/INFO] [Antique Atlas/]: Found structure piece config: minecraft:atlas/structures/village/savanna/houses/savanna_fisher_cottage_1.json
[25Dec2025 17:19:57.524] [Worker-Main-1/INFO] [Antique Atlas/]: Found structure piece config: minecraft:atlas/structures/village/savanna/houses/savanna_fletcher_house_1.json
[25Dec2025 17:19:57.524] [Worker-Main-1/INFO] [Antique Atlas/]: Found structure piece config: minecraft:atlas/structures/village/savanna/houses/savanna_large_farm_1.json
[25Dec2025 17:19:57.524] [Worker-Main-1/INFO] [Antique Atlas/]: Found structure piece config: minecraft:atlas/structures/village/savanna/houses/savanna_large_farm_2.json
[25Dec2025 17:19:57.524] [Worker-Main-1/INFO] [Antique Atlas/]: Found structure piece config: minecraft:atlas/structures/village/savanna/houses/savanna_library_1.json
[25Dec2025 17:19:57.524] [Worker-Main-1/INFO] [Antique Atlas/]: Found structure piece config: minecraft:atlas/structures/village/savanna/houses/savanna_mason_1.json
[25Dec2025 17:19:57.524] [Worker-Main-1/INFO] [Antique Atlas/]: Found structure piece config: minecraft:atlas/structures/village/savanna/houses/savanna_medium_house_1.json
[25Dec2025 17:19:57.524] [Worker-Main-1/INFO] [Antique Atlas/]: Found structure piece config: minecraft:atlas/structures/village/savanna/houses/savanna_medium_house_2.json
[25Dec2025 17:19:57.524] [Worker-Main-1/INFO] [Antique Atlas/]: Found structure piece config: minecraft:atlas/structures/village/savanna/houses/savanna_shepherd_1.json
[25Dec2025 17:19:57.524] [Worker-Main-1/INFO] [Antique Atlas/]: Found structure piece config: minecraft:atlas/structures/village/savanna/houses/savanna_small_farm.json
[25Dec2025 17:19:57.524] [Worker-Main-1/INFO] [Antique Atlas/]: Found structure piece config: minecraft:atlas/structures/village/savanna/houses/savanna_small_house_1.json
[25Dec2025 17:19:57.524] [Worker-Main-1/INFO] [Antique Atlas/]: Found structure piece config: minecraft:atlas/structures/village/savanna/houses/savanna_small_house_2.json
[25Dec2025 17:19:57.524] [Worker-Main-1/INFO] [Antique Atlas/]: Found structure piece config: minecraft:atlas/structures/village/savanna/houses/savanna_small_house_3.json
[25Dec2025 17:19:57.524] [Worker-Main-1/INFO] [Antique Atlas/]: Found structure piece config: minecraft:atlas/structures/village/savanna/houses/savanna_small_house_4.json
[25Dec2025 17:19:57.524] [Worker-Main-1/INFO] [Antique Atlas/]: Found structure piece config: minecraft:atlas/structures/village/savanna/houses/savanna_small_house_5.json
[25Dec2025 17:19:57.524] [Worker-Main-1/INFO] [Antique Atlas/]: Found structure piece config: minecraft:atlas/structures/village/savanna/houses/savanna_small_house_6.json
[25Dec2025 17:19:57.524] [Worker-Main-1/INFO] [Antique Atlas/]: Found structure piece config: minecraft:atlas/structures/village/savanna/houses/savanna_small_house_7.json
[25Dec2025 17:19:57.524] [Worker-Main-1/INFO] [Antique Atlas/]: Found structure piece config: minecraft:atlas/structures/village/savanna/houses/savanna_small_house_8.json
[25Dec2025 17:19:57.524] [Worker-Main-1/INFO] [Antique Atlas/]: Found structure piece config: minecraft:atlas/structures/village/savanna/houses/savanna_tannery_1.json
[25Dec2025 17:19:57.524] [Worker-Main-1/INFO] [Antique Atlas/]: Found structure piece config: minecraft:atlas/structures/village/savanna/houses/savanna_temple_1.json
[25Dec2025 17:19:57.524] [Worker-Main-1/INFO] [Antique Atlas/]: Found structure piece config: minecraft:atlas/structures/village/savanna/houses/savanna_temple_2.json
[25Dec2025 17:19:57.524] [Worker-Main-1/INFO] [Antique Atlas/]: Found structure piece config: minecraft:atlas/structures/village/savanna/houses/savanna_tool_smith_1.json
[25Dec2025 17:19:57.524] [Worker-Main-1/INFO] [Antique Atlas/]: Found structure piece config: minecraft:atlas/structures/village/savanna/houses/savanna_weaponsmith_1.json
[25Dec2025 17:19:57.524] [Worker-Main-1/INFO] [Antique Atlas/]: Found structure piece config: minecraft:atlas/structures/village/savanna/houses/savanna_weaponsmith_2.json
[25Dec2025 17:19:57.524] [Worker-Main-1/INFO] [Antique Atlas/]: Found structure piece config: minecraft:atlas/structures/village/savanna/savanna_lamp_post_01.json
[25Dec2025 17:19:57.524] [Worker-Main-1/INFO] [Antique Atlas/]: Found structure piece config: minecraft:atlas/structures/village/savanna/streets/corner_01.json
[25Dec2025 17:19:57.524] [Worker-Main-1/INFO] [Antique Atlas/]: Found structure piece config: minecraft:atlas/structures/village/savanna/streets/corner_03.json
[25Dec2025 17:19:57.524] [Worker-Main-1/INFO] [Antique Atlas/]: Found structure piece config: minecraft:atlas/structures/village/savanna/streets/crossroad_02.json
[25Dec2025 17:19:57.524] [Worker-Main-1/INFO] [Antique Atlas/]: Found structure piece config: minecraft:atlas/structures/village/savanna/streets/crossroad_03.json
[25Dec2025 17:19:57.524] [Worker-Main-1/INFO] [Antique Atlas/]: Found structure piece config: minecraft:atlas/structures/village/savanna/streets/crossroad_04.json
[25Dec2025 17:19:57.524] [Worker-Main-1/INFO] [Antique Atlas/]: Found structure piece config: minecraft:atlas/structures/village/savanna/streets/crossroad_05.json
[25Dec2025 17:19:57.524] [Worker-Main-1/INFO] [Antique Atlas/]: Found structure piece config: minecraft:atlas/structures/village/savanna/streets/crossroad_06.json
[25Dec2025 17:19:57.524] [Worker-Main-1/INFO] [Antique Atlas/]: Found structure piece config: minecraft:atlas/structures/village/savanna/streets/crossroad_07.json
[25Dec2025 17:19:57.524] [Worker-Main-1/INFO] [Antique Atlas/]: Found structure piece config: minecraft:atlas/structures/village/savanna/streets/split_01.json
[25Dec2025 17:19:57.524] [Worker-Main-1/INFO] [Antique Atlas/]: Found structure piece config: minecraft:atlas/structures/village/savanna/streets/split_02.json
[25Dec2025 17:19:57.525] [Worker-Main-1/INFO] [Antique Atlas/]: Found structure piece config: minecraft:atlas/structures/village/savanna/streets/straight_02.json
[25Dec2025 17:19:57.525] [Worker-Main-1/INFO] [Antique Atlas/]: Found structure piece config: minecraft:atlas/structures/village/savanna/streets/straight_04.json
[25Dec2025 17:19:57.525] [Worker-Main-1/INFO] [Antique Atlas/]: Found structure piece config: minecraft:atlas/structures/village/savanna/streets/straight_05.json
[25Dec2025 17:19:57.525] [Worker-Main-1/INFO] [Antique Atlas/]: Found structure piece config: minecraft:atlas/structures/village/savanna/streets/straight_06.json
[25Dec2025 17:19:57.525] [Worker-Main-1/INFO] [Antique Atlas/]: Found structure piece config: minecraft:atlas/structures/village/savanna/streets/straight_08.json
[25Dec2025 17:19:57.525] [Worker-Main-1/INFO] [Antique Atlas/]: Found structure piece config: minecraft:atlas/structures/village/savanna/streets/straight_09.json
[25Dec2025 17:19:57.525] [Worker-Main-1/INFO] [Antique Atlas/]: Found structure piece config: minecraft:atlas/structures/village/savanna/streets/straight_10.json
[25Dec2025 17:19:57.525] [Worker-Main-1/INFO] [Antique Atlas/]: Found structure piece config: minecraft:atlas/structures/village/savanna/streets/straight_11.json
[25Dec2025 17:19:57.525] [Worker-Main-1/INFO] [Antique Atlas/]: Found structure piece config: minecraft:atlas/structures/village/savanna/streets/turn_01.json
[25Dec2025 17:19:57.525] [Worker-Main-1/INFO] [Antique Atlas/]: Found structure piece config: minecraft:atlas/structures/village/savanna/town_centers/savanna_meeting_point_1.json
[25Dec2025 17:19:57.525] [Worker-Main-1/INFO] [Antique Atlas/]: Found structure piece config: minecraft:atlas/structures/village/savanna/town_centers/savanna_meeting_point_2.json
[25Dec2025 17:19:57.525] [Worker-Main-1/INFO] [Antique Atlas/]: Found structure piece config: minecraft:atlas/structures/village/savanna/town_centers/savanna_meeting_point_3.json
[25Dec2025 17:19:57.525] [Worker-Main-1/INFO] [Antique Atlas/]: Found structure piece config: minecraft:atlas/structures/village/savanna/town_centers/savanna_meeting_point_4.json
[25Dec2025 17:19:57.525] [Worker-Main-1/INFO] [Antique Atlas/]: Found structure piece config: minecraft:atlas/structures/village/savanna/zombie/houses/savanna_animal_pen_2.json
[25Dec2025 17:19:57.525] [Worker-Main-1/INFO] [Antique Atlas/]: Found structure piece config: minecraft:atlas/structures/village/savanna/zombie/houses/savanna_animal_pen_3.json
[25Dec2025 17:19:57.525] [Worker-Main-1/INFO] [Antique Atlas/]: Found structure piece config: minecraft:atlas/structures/village/savanna/zombie/houses/savanna_large_farm_2.json
[25Dec2025 17:19:57.525] [Worker-Main-1/INFO] [Antique Atlas/]: Found structure piece config: minecraft:atlas/structures/village/savanna/zombie/houses/savanna_medium_house_1.json
[25Dec2025 17:19:57.525] [Worker-Main-1/INFO] [Antique Atlas/]: Found structure piece config: minecraft:atlas/structures/village/savanna/zombie/houses/savanna_medium_house_2.json
[25Dec2025 17:19:57.525] [Worker-Main-1/INFO] [Antique Atlas/]: Found structure piece config: minecraft:atlas/structures/village/savanna/zombie/houses/savanna_small_house_1.json
[25Dec2025 17:19:57.525] [Worker-Main-1/INFO] [Antique Atlas/]: Found structure piece config: minecraft:atlas/structures/village/savanna/zombie/houses/savanna_small_house_2.json
[25Dec2025 17:19:57.525] [Worker-Main-1/INFO] [Antique Atlas/]: Found structure piece config: minecraft:atlas/structures/village/savanna/zombie/houses/savanna_small_house_3.json
[25Dec2025 17:19:57.525] [Worker-Main-1/INFO] [Antique Atlas/]: Found structure piece config: minecraft:atlas/structures/village/savanna/zombie/houses/savanna_small_house_4.json
[25Dec2025 17:19:57.525] [Worker-Main-1/INFO] [Antique Atlas/]: Found structure piece config: minecraft:atlas/structures/village/savanna/zombie/houses/savanna_small_house_5.json
[25Dec2025 17:19:57.525] [Worker-Main-1/INFO] [Antique Atlas/]: Found structure piece config: minecraft:atlas/structures/village/savanna/zombie/houses/savanna_small_house_6.json
[25Dec2025 17:19:57.525] [Worker-Main-1/INFO] [Antique Atlas/]: Found structure piece config: minecraft:atlas/structures/village/savanna/zombie/houses/savanna_small_house_7.json
[25Dec2025 17:19:57.525] [Worker-Main-1/INFO] [Antique Atlas/]: Found structure piece config: minecraft:atlas/structures/village/savanna/zombie/houses/savanna_small_house_8.json
[25Dec2025 17:19:57.525] [Worker-Main-1/INFO] [Antique Atlas/]: Found structure piece config: minecraft:atlas/structures/village/savanna/zombie/streets/corner_01.json
[25Dec2025 17:19:57.525] [Worker-Main-1/INFO] [Antique Atlas/]: Found structure piece config: minecraft:atlas/structures/village/savanna/zombie/streets/corner_03.json
[25Dec2025 17:19:57.525] [Worker-Main-1/INFO] [Antique Atlas/]: Found structure piece config: minecraft:atlas/structures/village/savanna/zombie/streets/crossroad_02.json
[25Dec2025 17:19:57.525] [Worker-Main-1/INFO] [Antique Atlas/]: Found structure piece config: minecraft:atlas/structures/village/savanna/zombie/streets/crossroad_03.json
[25Dec2025 17:19:57.525] [Worker-Main-1/INFO] [Antique Atlas/]: Found structure piece config: minecraft:atlas/structures/village/savanna/zombie/streets/crossroad_04.json
[25Dec2025 17:19:57.525] [Worker-Main-1/INFO] [Antique Atlas/]: Found structure piece config: minecraft:atlas/structures/village/savanna/zombie/streets/crossroad_05.json
[25Dec2025 17:19:57.525] [Worker-Main-1/INFO] [Antique Atlas/]: Found structure piece config: minecraft:atlas/structures/village/savanna/zombie/streets/crossroad_06.json
[25Dec2025 17:19:57.525] [Worker-Main-1/INFO] [Antique Atlas/]: Found structure piece config: minecraft:atlas/structures/village/savanna/zombie/streets/crossroad_07.json
[25Dec2025 17:19:57.525] [Worker-Main-1/INFO] [Antique Atlas/]: Found structure piece config: minecraft:atlas/structures/village/savanna/zombie/streets/split_01.json
[25Dec2025 17:19:57.525] [Worker-Main-1/INFO] [Antique Atlas/]: Found structure piece config: minecraft:atlas/structures/village/savanna/zombie/streets/split_02.json
[25Dec2025 17:19:57.525] [Worker-Main-1/INFO] [Antique Atlas/]: Found structure piece config: minecraft:atlas/structures/village/savanna/zombie/streets/straight_02.json
[25Dec2025 17:19:57.525] [Worker-Main-1/INFO] [Antique Atlas/]: Found structure piece config: minecraft:atlas/structures/village/savanna/zombie/streets/straight_04.json
[25Dec2025 17:19:57.526] [Worker-Main-1/INFO] [Antique Atlas/]: Found structure piece config: minecraft:atlas/structures/village/savanna/zombie/streets/straight_05.json
[25Dec2025 17:19:57.526] [Worker-Main-1/INFO] [Antique Atlas/]: Found structure piece config: minecraft:atlas/structures/village/savanna/zombie/streets/straight_06.json
[25Dec2025 17:19:57.526] [Worker-Main-1/INFO] [Antique Atlas/]: Found structure piece config: minecraft:atlas/structures/village/savanna/zombie/streets/straight_08.json
[25Dec2025 17:19:57.526] [Worker-Main-1/INFO] [Antique Atlas/]: Found structure piece config: minecraft:atlas/structures/village/savanna/zombie/streets/straight_09.json
[25Dec2025 17:19:57.526] [Worker-Main-1/INFO] [Antique Atlas/]: Found structure piece config: minecraft:atlas/structures/village/savanna/zombie/streets/straight_10.json
[25Dec2025 17:19:57.526] [Worker-Main-1/INFO] [Antique Atlas/]: Found structure piece config: minecraft:atlas/structures/village/savanna/zombie/streets/straight_11.json
[25Dec2025 17:19:57.526] [Worker-Main-1/INFO] [Antique Atlas/]: Found structure piece config: minecraft:atlas/structures/village/savanna/zombie/streets/turn_01.json
[25Dec2025 17:19:57.526] [Worker-Main-1/INFO] [Antique Atlas/]: Found structure piece config: minecraft:atlas/structures/village/savanna/zombie/town_centers/savanna_meeting_point_1.json
[25Dec2025 17:19:57.526] [Worker-Main-1/INFO] [Antique Atlas/]: Found structure piece config: minecraft:atlas/structures/village/savanna/zombie/town_centers/savanna_meeting_point_2.json
[25Dec2025 17:19:57.526] [Worker-Main-1/INFO] [Antique Atlas/]: Found structure piece config: minecraft:atlas/structures/village/savanna/zombie/town_centers/savanna_meeting_point_3.json
[25Dec2025 17:19:57.526] [Worker-Main-1/INFO] [Antique Atlas/]: Found structure piece config: minecraft:atlas/structures/village/savanna/zombie/town_centers/savanna_meeting_point_4.json
[25Dec2025 17:19:57.526] [Worker-Main-1/INFO] [Antique Atlas/]: Found structure piece config: minecraft:atlas/structures/village/snowy/houses/snowy_animal_pen_1.json
[25Dec2025 17:19:57.526] [Worker-Main-1/INFO] [Antique Atlas/]: Found structure piece config: minecraft:atlas/structures/village/snowy/houses/snowy_animal_pen_2.json
[25Dec2025 17:19:57.526] [Worker-Main-1/INFO] [Antique Atlas/]: Found structure piece config: minecraft:atlas/structures/village/snowy/houses/snowy_armorer_house_1.json
[25Dec2025 17:19:57.526] [Worker-Main-1/INFO] [Antique Atlas/]: Found structure piece config: minecraft:atlas/structures/village/snowy/houses/snowy_armorer_house_2.json
[25Dec2025 17:19:57.526] [Worker-Main-1/INFO] [Antique Atlas/]: Found structure piece config: minecraft:atlas/structures/village/snowy/houses/snowy_butchers_shop_1.json
[25Dec2025 17:19:57.526] [Worker-Main-1/INFO] [Antique Atlas/]: Found structure piece config: minecraft:atlas/structures/village/snowy/houses/snowy_butchers_shop_2.json
[25Dec2025 17:19:57.526] [Worker-Main-1/INFO] [Antique Atlas/]: Found structure piece config: minecraft:atlas/structures/village/snowy/houses/snowy_cartographer_house_1.json
[25Dec2025 17:19:57.526] [Worker-Main-1/INFO] [Antique Atlas/]: Found structure piece config: minecraft:atlas/structures/village/snowy/houses/snowy_farm_1.json
[25Dec2025 17:19:57.526] [Worker-Main-1/INFO] [Antique Atlas/]: Found structure piece config: minecraft:atlas/structures/village/snowy/houses/snowy_farm_2.json
[25Dec2025 17:19:57.526] [Worker-Main-1/INFO] [Antique Atlas/]: Found structure piece config: minecraft:atlas/structures/village/snowy/houses/snowy_fisher_cottage.json
[25Dec2025 17:19:57.526] [Worker-Main-1/INFO] [Antique Atlas/]: Found structure piece config: minecraft:atlas/structures/village/snowy/houses/snowy_fletcher_house_1.json
[25Dec2025 17:19:57.526] [Worker-Main-1/INFO] [Antique Atlas/]: Found structure piece config: minecraft:atlas/structures/village/snowy/houses/snowy_library_1.json
[25Dec2025 17:19:57.526] [Worker-Main-1/INFO] [Antique Atlas/]: Found structure piece config: minecraft:atlas/structures/village/snowy/houses/snowy_masons_house_1.json
[25Dec2025 17:19:57.526] [Worker-Main-1/INFO] [Antique Atlas/]: Found structure piece config: minecraft:atlas/structures/village/snowy/houses/snowy_masons_house_2.json
[25Dec2025 17:19:57.526] [Worker-Main-1/INFO] [Antique Atlas/]: Found structure piece config: minecraft:atlas/structures/village/snowy/houses/snowy_medium_house_1.json
[25Dec2025 17:19:57.526] [Worker-Main-1/INFO] [Antique Atlas/]: Found structure piece config: minecraft:atlas/structures/village/snowy/houses/snowy_medium_house_2.json
[25Dec2025 17:19:57.526] [Worker-Main-1/INFO] [Antique Atlas/]: Found structure piece config: minecraft:atlas/structures/village/snowy/houses/snowy_medium_house_3.json
[25Dec2025 17:19:57.526] [Worker-Main-1/INFO] [Antique Atlas/]: Found structure piece config: minecraft:atlas/structures/village/snowy/houses/snowy_shepherds_house_1.json
[25Dec2025 17:19:57.526] [Worker-Main-1/INFO] [Antique Atlas/]: Found structure piece config: minecraft:atlas/structures/village/snowy/houses/snowy_small_house_1.json
[25Dec2025 17:19:57.526] [Worker-Main-1/INFO] [Antique Atlas/]: Found structure piece config: minecraft:atlas/structures/village/snowy/houses/snowy_small_house_2.json
[25Dec2025 17:19:57.526] [Worker-Main-1/INFO] [Antique Atlas/]: Found structure piece config: minecraft:atlas/structures/village/snowy/houses/snowy_small_house_3.json
[25Dec2025 17:19:57.526] [Worker-Main-1/INFO] [Antique Atlas/]: Found structure piece config: minecraft:atlas/structures/village/snowy/houses/snowy_small_house_4.json
[25Dec2025 17:19:57.526] [Worker-Main-1/INFO] [Antique Atlas/]: Found structure piece config: minecraft:atlas/structures/village/snowy/houses/snowy_small_house_5.json
[25Dec2025 17:19:57.526] [Worker-Main-1/INFO] [Antique Atlas/]: Found structure piece config: minecraft:atlas/structures/village/snowy/houses/snowy_small_house_6.json
[25Dec2025 17:19:57.526] [Worker-Main-1/INFO] [Antique Atlas/]: Found structure piece config: minecraft:atlas/structures/village/snowy/houses/snowy_small_house_7.json
[25Dec2025 17:19:57.526] [Worker-Main-1/INFO] [Antique Atlas/]: Found structure piece config: minecraft:atlas/structures/village/snowy/houses/snowy_small_house_8.json
[25Dec2025 17:19:57.526] [Worker-Main-1/INFO] [Antique Atlas/]: Found structure piece config: minecraft:atlas/structures/village/snowy/houses/snowy_tannery_1.json
[25Dec2025 17:19:57.526] [Worker-Main-1/INFO] [Antique Atlas/]: Found structure piece config: minecraft:atlas/structures/village/snowy/houses/snowy_temple_1.json
[25Dec2025 17:19:57.526] [Worker-Main-1/INFO] [Antique Atlas/]: Found structure piece config: minecraft:atlas/structures/village/snowy/houses/snowy_tool_smith_1.json
[25Dec2025 17:19:57.526] [Worker-Main-1/INFO] [Antique Atlas/]: Found structure piece config: minecraft:atlas/structures/village/snowy/houses/snowy_weapon_smith_1.json
[25Dec2025 17:19:57.526] [Worker-Main-1/INFO] [Antique Atlas/]: Found structure piece config: minecraft:atlas/structures/village/snowy/snowy_lamp_post_01.json
[25Dec2025 17:19:57.526] [Worker-Main-1/INFO] [Antique Atlas/]: Found structure piece config: minecraft:atlas/structures/village/snowy/snowy_lamp_post_02.json
[25Dec2025 17:19:57.526] [Worker-Main-1/INFO] [Antique Atlas/]: Found structure piece config: minecraft:atlas/structures/village/snowy/snowy_lamp_post_03.json
[25Dec2025 17:19:57.526] [Worker-Main-1/INFO] [Antique Atlas/]: Found structure piece config: minecraft:atlas/structures/village/snowy/streets/corner_01.json
[25Dec2025 17:19:57.526] [Worker-Main-1/INFO] [Antique Atlas/]: Found structure piece config: minecraft:atlas/structures/village/snowy/streets/corner_02.json
[25Dec2025 17:19:57.526] [Worker-Main-1/INFO] [Antique Atlas/]: Found structure piece config: minecraft:atlas/structures/village/snowy/streets/corner_03.json
[25Dec2025 17:19:57.526] [Worker-Main-1/INFO] [Antique Atlas/]: Found structure piece config: minecraft:atlas/structures/village/snowy/streets/crossroad_01.json
[25Dec2025 17:19:57.526] [Worker-Main-1/INFO] [Antique Atlas/]: Found structure piece config: minecraft:atlas/structures/village/snowy/streets/crossroad_02.json
[25Dec2025 17:19:57.527] [Worker-Main-1/INFO] [Antique Atlas/]: Found structure piece config: minecraft:atlas/structures/village/snowy/streets/crossroad_03.json
[25Dec2025 17:19:57.527] [Worker-Main-1/INFO] [Antique Atlas/]: Found structure piece config: minecraft:atlas/structures/village/snowy/streets/crossroad_04.json
[25Dec2025 17:19:57.527] [Worker-Main-1/INFO] [Antique Atlas/]: Found structure piece config: minecraft:atlas/structures/village/snowy/streets/crossroad_05.json
[25Dec2025 17:19:57.527] [Worker-Main-1/INFO] [Antique Atlas/]: Found structure piece config: minecraft:atlas/structures/village/snowy/streets/crossroad_06.json
[25Dec2025 17:19:57.527] [Worker-Main-1/INFO] [Antique Atlas/]: Found structure piece config: minecraft:atlas/structures/village/snowy/streets/square_01.json
[25Dec2025 17:19:57.527] [Worker-Main-1/INFO] [Antique Atlas/]: Found structure piece config: minecraft:atlas/structures/village/snowy/streets/straight_01.json
[25Dec2025 17:19:57.527] [Worker-Main-1/INFO] [Antique Atlas/]: Found structure piece config: minecraft:atlas/structures/village/snowy/streets/straight_02.json
[25Dec2025 17:19:57.527] [Worker-Main-1/INFO] [Antique Atlas/]: Found structure piece config: minecraft:atlas/structures/village/snowy/streets/straight_03.json
[25Dec2025 17:19:57.527] [Worker-Main-1/INFO] [Antique Atlas/]: Found structure piece config: minecraft:atlas/structures/village/snowy/streets/straight_04.json
[25Dec2025 17:19:57.527] [Worker-Main-1/INFO] [Antique Atlas/]: Found structure piece config: minecraft:atlas/structures/village/snowy/streets/straight_06.json
[25Dec2025 17:19:57.527] [Worker-Main-1/INFO] [Antique Atlas/]: Found structure piece config: minecraft:atlas/structures/village/snowy/streets/straight_08.json
[25Dec2025 17:19:57.527] [Worker-Main-1/INFO] [Antique Atlas/]: Found structure piece config: minecraft:atlas/structures/village/snowy/streets/turn_01.json
[25Dec2025 17:19:57.527] [Worker-Main-1/INFO] [Antique Atlas/]: Found structure piece config: minecraft:atlas/structures/village/snowy/town_centers/snowy_meeting_point_1.json
[25Dec2025 17:19:57.527] [Worker-Main-1/INFO] [Antique Atlas/]: Found structure piece config: minecraft:atlas/structures/village/snowy/town_centers/snowy_meeting_point_2.json
[25Dec2025 17:19:57.527] [Worker-Main-1/INFO] [Antique Atlas/]: Found structure piece config: minecraft:atlas/structures/village/snowy/town_centers/snowy_meeting_point_3.json
[25Dec2025 17:19:57.527] [Worker-Main-1/INFO] [Antique Atlas/]: Found structure piece config: minecraft:atlas/structures/village/snowy/zombie/houses/snowy_medium_house_1.json
[25Dec2025 17:19:57.527] [Worker-Main-1/INFO] [Antique Atlas/]: Found structure piece config: minecraft:atlas/structures/village/snowy/zombie/houses/snowy_medium_house_2.json
[25Dec2025 17:19:57.527] [Worker-Main-1/INFO] [Antique Atlas/]: Found structure piece config: minecraft:atlas/structures/village/snowy/zombie/houses/snowy_medium_house_3.json
[25Dec2025 17:19:57.527] [Worker-Main-1/INFO] [Antique Atlas/]: Found structure piece config: minecraft:atlas/structures/village/snowy/zombie/houses/snowy_small_house_1.json
[25Dec2025 17:19:57.527] [Worker-Main-1/INFO] [Antique Atlas/]: Found structure piece config: minecraft:atlas/structures/village/snowy/zombie/houses/snowy_small_house_2.json
[25Dec2025 17:19:57.527] [Worker-Main-1/INFO] [Antique Atlas/]: Found structure piece config: minecraft:atlas/structures/village/snowy/zombie/houses/snowy_small_house_3.json
[25Dec2025 17:19:57.527] [Worker-Main-1/INFO] [Antique Atlas/]: Found structure piece config: minecraft:atlas/structures/village/snowy/zombie/houses/snowy_small_house_4.json
[25Dec2025 17:19:57.527] [Worker-Main-1/INFO] [Antique Atlas/]: Found structure piece config: minecraft:atlas/structures/village/snowy/zombie/houses/snowy_small_house_5.json
[25Dec2025 17:19:57.527] [Worker-Main-1/INFO] [Antique Atlas/]: Found structure piece config: minecraft:atlas/structures/village/snowy/zombie/houses/snowy_small_house_6.json
[25Dec2025 17:19:57.527] [Worker-Main-1/INFO] [Antique Atlas/]: Found structure piece config: minecraft:atlas/structures/village/snowy/zombie/houses/snowy_small_house_7.json
[25Dec2025 17:19:57.527] [Worker-Main-1/INFO] [Antique Atlas/]: Found structure piece config: minecraft:atlas/structures/village/snowy/zombie/houses/snowy_small_house_8.json
[25Dec2025 17:19:57.527] [Worker-Main-1/INFO] [Antique Atlas/]: Found structure piece config: minecraft:atlas/structures/village/snowy/zombie/streets/corner_01.json
[25Dec2025 17:19:57.527] [Worker-Main-1/INFO] [Antique Atlas/]: Found structure piece config: minecraft:atlas/structures/village/snowy/zombie/streets/corner_02.json
[25Dec2025 17:19:57.527] [Worker-Main-1/INFO] [Antique Atlas/]: Found structure piece config: minecraft:atlas/structures/village/snowy/zombie/streets/corner_03.json
[25Dec2025 17:19:57.527] [Worker-Main-1/INFO] [Antique Atlas/]: Found structure piece config: minecraft:atlas/structures/village/snowy/zombie/streets/crossroad_01.json
[25Dec2025 17:19:57.527] [Worker-Main-1/INFO] [Antique Atlas/]: Found structure piece config: minecraft:atlas/structures/village/snowy/zombie/streets/crossroad_02.json
[25Dec2025 17:19:57.527] [Worker-Main-1/INFO] [Antique Atlas/]: Found structure piece config: minecraft:atlas/structures/village/snowy/zombie/streets/crossroad_03.json
[25Dec2025 17:19:57.527] [Worker-Main-1/INFO] [Antique Atlas/]: Found structure piece config: minecraft:atlas/structures/village/snowy/zombie/streets/crossroad_04.json
[25Dec2025 17:19:57.527] [Worker-Main-1/INFO] [Antique Atlas/]: Found structure piece config: minecraft:atlas/structures/village/snowy/zombie/streets/crossroad_05.json
[25Dec2025 17:19:57.527] [Worker-Main-1/INFO] [Antique Atlas/]: Found structure piece config: minecraft:atlas/structures/village/snowy/zombie/streets/crossroad_06.json
[25Dec2025 17:19:57.527] [Worker-Main-1/INFO] [Antique Atlas/]: Found structure piece config: minecraft:atlas/structures/village/snowy/zombie/streets/square_01.json
[25Dec2025 17:19:57.527] [Worker-Main-1/INFO] [Antique Atlas/]: Found structure piece config: minecraft:atlas/structures/village/snowy/zombie/streets/straight_01.json
[25Dec2025 17:19:57.527] [Worker-Main-1/INFO] [Antique Atlas/]: Found structure piece config: minecraft:atlas/structures/village/snowy/zombie/streets/straight_02.json
[25Dec2025 17:19:57.527] [Worker-Main-1/INFO] [Antique Atlas/]: Found structure piece config: minecraft:atlas/structures/village/snowy/zombie/streets/straight_03.json
[25Dec2025 17:19:57.527] [Worker-Main-1/INFO] [Antique Atlas/]: Found structure piece config: minecraft:atlas/structures/village/snowy/zombie/streets/straight_04.json
[25Dec2025 17:19:57.527] [Worker-Main-1/INFO] [Antique Atlas/]: Found structure piece config: minecraft:atlas/structures/village/snowy/zombie/streets/straight_06.json
[25Dec2025 17:19:57.527] [Worker-Main-1/INFO] [Antique Atlas/]: Found structure piece config: minecraft:atlas/structures/village/snowy/zombie/streets/straight_08.json
[25Dec2025 17:19:57.527] [Worker-Main-1/INFO] [Antique Atlas/]: Found structure piece config: minecraft:atlas/structures/village/snowy/zombie/streets/turn_01.json
[25Dec2025 17:19:57.527] [Worker-Main-1/INFO] [Antique Atlas/]: Found structure piece config: minecraft:atlas/structures/village/snowy/zombie/town_centers/snowy_meeting_point_1.json
[25Dec2025 17:19:57.527] [Worker-Main-1/INFO] [Antique Atlas/]: Found structure piece config: minecraft:atlas/structures/village/snowy/zombie/town_centers/snowy_meeting_point_2.json
[25Dec2025 17:19:57.527] [Worker-Main-1/INFO] [Antique Atlas/]: Found structure piece config: minecraft:atlas/structures/village/snowy/zombie/town_centers/snowy_meeting_point_3.json
[25Dec2025 17:19:57.527] [Worker-Main-1/INFO] [Antique Atlas/]: Found structure piece config: minecraft:atlas/structures/village/taiga/houses/taiga_animal_pen_1.json
[25Dec2025 17:19:57.527] [Worker-Main-1/INFO] [Antique Atlas/]: Found structure piece config: minecraft:atlas/structures/village/taiga/houses/taiga_armorer_2.json
[25Dec2025 17:19:57.527] [Worker-Main-1/INFO] [Antique Atlas/]: Found structure piece config: minecraft:atlas/structures/village/taiga/houses/taiga_armorer_house_1.json
[25Dec2025 17:19:57.527] [Worker-Main-1/INFO] [Antique Atlas/]: Found structure piece config: minecraft:atlas/structures/village/taiga/houses/taiga_butcher_shop_1.json
[25Dec2025 17:19:57.527] [Worker-Main-1/INFO] [Antique Atlas/]: Found structure piece config: minecraft:atlas/structures/village/taiga/houses/taiga_cartographer_house_1.json
[25Dec2025 17:19:57.527] [Worker-Main-1/INFO] [Antique Atlas/]: Found structure piece config: minecraft:atlas/structures/village/taiga/houses/taiga_fisher_cottage_1.json
[25Dec2025 17:19:57.528] [Worker-Main-1/INFO] [Antique Atlas/]: Found structure piece config: minecraft:atlas/structures/village/taiga/houses/taiga_fletcher_house_1.json
[25Dec2025 17:19:57.528] [Worker-Main-1/INFO] [Antique Atlas/]: Found structure piece config: minecraft:atlas/structures/village/taiga/houses/taiga_large_farm_1.json
[25Dec2025 17:19:57.528] [Worker-Main-1/INFO] [Antique Atlas/]: Found structure piece config: minecraft:atlas/structures/village/taiga/houses/taiga_large_farm_2.json
[25Dec2025 17:19:57.528] [Worker-Main-1/INFO] [Antique Atlas/]: Found structure piece config: minecraft:atlas/structures/village/taiga/houses/taiga_library_1.json
[25Dec2025 17:19:57.528] [Worker-Main-1/INFO] [Antique Atlas/]: Found structure piece config: minecraft:atlas/structures/village/taiga/houses/taiga_masons_house_1.json
[25Dec2025 17:19:57.528] [Worker-Main-1/INFO] [Antique Atlas/]: Found structure piece config: minecraft:atlas/structures/village/taiga/houses/taiga_medium_house_1.json
[25Dec2025 17:19:57.528] [Worker-Main-1/INFO] [Antique Atlas/]: Found structure piece config: minecraft:atlas/structures/village/taiga/houses/taiga_medium_house_2.json
[25Dec2025 17:19:57.528] [Worker-Main-1/INFO] [Antique Atlas/]: Found structure piece config: minecraft:atlas/structures/village/taiga/houses/taiga_medium_house_3.json
[25Dec2025 17:19:57.528] [Worker-Main-1/INFO] [Antique Atlas/]: Found structure piece config: minecraft:atlas/structures/village/taiga/houses/taiga_medium_house_4.json
[25Dec2025 17:19:57.528] [Worker-Main-1/INFO] [Antique Atlas/]: Found structure piece config: minecraft:atlas/structures/village/taiga/houses/taiga_shepherds_house_1.json
[25Dec2025 17:19:57.528] [Worker-Main-1/INFO] [Antique Atlas/]: Found structure piece config: minecraft:atlas/structures/village/taiga/houses/taiga_small_farm_1.json
[25Dec2025 17:19:57.528] [Worker-Main-1/INFO] [Antique Atlas/]: Found structure piece config: minecraft:atlas/structures/village/taiga/houses/taiga_small_house_1.json
[25Dec2025 17:19:57.528] [Worker-Main-1/INFO] [Antique Atlas/]: Found structure piece config: minecraft:atlas/structures/village/taiga/houses/taiga_small_house_2.json
[25Dec2025 17:19:57.528] [Worker-Main-1/INFO] [Antique Atlas/]: Found structure piece config: minecraft:atlas/structures/village/taiga/houses/taiga_small_house_3.json
[25Dec2025 17:19:57.528] [Worker-Main-1/INFO] [Antique Atlas/]: Found structure piece config: minecraft:atlas/structures/village/taiga/houses/taiga_small_house_4.json
[25Dec2025 17:19:57.528] [Worker-Main-1/INFO] [Antique Atlas/]: Found structure piece config: minecraft:atlas/structures/village/taiga/houses/taiga_small_house_5.json
[25Dec2025 17:19:57.528] [Worker-Main-1/INFO] [Antique Atlas/]: Found structure piece config: minecraft:atlas/structures/village/taiga/houses/taiga_tannery_1.json
[25Dec2025 17:19:57.528] [Worker-Main-1/INFO] [Antique Atlas/]: Found structure piece config: minecraft:atlas/structures/village/taiga/houses/taiga_temple_1.json
[25Dec2025 17:19:57.528] [Worker-Main-1/INFO] [Antique Atlas/]: Found structure piece config: minecraft:atlas/structures/village/taiga/houses/taiga_tool_smith_1.json
[25Dec2025 17:19:57.528] [Worker-Main-1/INFO] [Antique Atlas/]: Found structure piece config: minecraft:atlas/structures/village/taiga/houses/taiga_weaponsmith_1.json
[25Dec2025 17:19:57.528] [Worker-Main-1/INFO] [Antique Atlas/]: Found structure piece config: minecraft:atlas/structures/village/taiga/houses/taiga_weaponsmith_2.json
[25Dec2025 17:19:57.528] [Worker-Main-1/INFO] [Antique Atlas/]: Found structure piece config: minecraft:atlas/structures/village/taiga/streets/corner_01.json
[25Dec2025 17:19:57.528] [Worker-Main-1/INFO] [Antique Atlas/]: Found structure piece config: minecraft:atlas/structures/village/taiga/streets/corner_02.json
[25Dec2025 17:19:57.528] [Worker-Main-1/INFO] [Antique Atlas/]: Found structure piece config: minecraft:atlas/structures/village/taiga/streets/corner_03.json
[25Dec2025 17:19:57.528] [Worker-Main-1/INFO] [Antique Atlas/]: Found structure piece config: minecraft:atlas/structures/village/taiga/streets/crossroad_01.json
[25Dec2025 17:19:57.528] [Worker-Main-1/INFO] [Antique Atlas/]: Found structure piece config: minecraft:atlas/structures/village/taiga/streets/crossroad_02.json
[25Dec2025 17:19:57.528] [Worker-Main-1/INFO] [Antique Atlas/]: Found structure piece config: minecraft:atlas/structures/village/taiga/streets/crossroad_03.json
[25Dec2025 17:19:57.528] [Worker-Main-1/INFO] [Antique Atlas/]: Found structure piece config: minecraft:atlas/structures/village/taiga/streets/crossroad_04.json
[25Dec2025 17:19:57.528] [Worker-Main-1/INFO] [Antique Atlas/]: Found structure piece config: minecraft:atlas/structures/village/taiga/streets/crossroad_05.json
[25Dec2025 17:19:57.528] [Worker-Main-1/INFO] [Antique Atlas/]: Found structure piece config: minecraft:atlas/structures/village/taiga/streets/crossroad_06.json
[25Dec2025 17:19:57.528] [Worker-Main-1/INFO] [Antique Atlas/]: Found structure piece config: minecraft:atlas/structures/village/taiga/streets/straight_01.json
[25Dec2025 17:19:57.528] [Worker-Main-1/INFO] [Antique Atlas/]: Found structure piece config: minecraft:atlas/structures/village/taiga/streets/straight_02.json
[25Dec2025 17:19:57.528] [Worker-Main-1/INFO] [Antique Atlas/]: Found structure piece config: minecraft:atlas/structures/village/taiga/streets/straight_03.json
[25Dec2025 17:19:57.528] [Worker-Main-1/INFO] [Antique Atlas/]: Found structure piece config: minecraft:atlas/structures/village/taiga/streets/straight_04.json
[25Dec2025 17:19:57.528] [Worker-Main-1/INFO] [Antique Atlas/]: Found structure piece config: minecraft:atlas/structures/village/taiga/streets/straight_05.json
[25Dec2025 17:19:57.528] [Worker-Main-1/INFO] [Antique Atlas/]: Found structure piece config: minecraft:atlas/structures/village/taiga/streets/straight_06.json
[25Dec2025 17:19:57.528] [Worker-Main-1/INFO] [Antique Atlas/]: Found structure piece config: minecraft:atlas/structures/village/taiga/streets/turn_01.json
[25Dec2025 17:19:57.528] [Worker-Main-1/INFO] [Antique Atlas/]: Found structure piece config: minecraft:atlas/structures/village/taiga/taiga_lamp_post_1.json
[25Dec2025 17:19:57.528] [Worker-Main-1/INFO] [Antique Atlas/]: Found structure piece config: minecraft:atlas/structures/village/taiga/town_centers/taiga_meeting_point_1.json
[25Dec2025 17:19:57.528] [Worker-Main-1/INFO] [Antique Atlas/]: Found structure piece config: minecraft:atlas/structures/village/taiga/town_centers/taiga_meeting_point_2.json
[25Dec2025 17:19:57.528] [Worker-Main-1/INFO] [Antique Atlas/]: Found structure piece config: minecraft:atlas/structures/village/taiga/zombie/houses/taiga_cartographer_house_1.json
[25Dec2025 17:19:57.528] [Worker-Main-1/INFO] [Antique Atlas/]: Found structure piece config: minecraft:atlas/structures/village/taiga/zombie/houses/taiga_fisher_cottage_1.json
[25Dec2025 17:19:57.528] [Worker-Main-1/INFO] [Antique Atlas/]: Found structure piece config: minecraft:atlas/structures/village/taiga/zombie/houses/taiga_large_farm_2.json
[25Dec2025 17:19:57.528] [Worker-Main-1/INFO] [Antique Atlas/]: Found structure piece config: minecraft:atlas/structures/village/taiga/zombie/houses/taiga_library_1.json
[25Dec2025 17:19:57.528] [Worker-Main-1/INFO] [Antique Atlas/]: Found structure piece config: minecraft:atlas/structures/village/taiga/zombie/houses/taiga_medium_house_1.json
[25Dec2025 17:19:57.528] [Worker-Main-1/INFO] [Antique Atlas/]: Found structure piece config: minecraft:atlas/structures/village/taiga/zombie/houses/taiga_medium_house_2.json
[25Dec2025 17:19:57.528] [Worker-Main-1/INFO] [Antique Atlas/]: Found structure piece config: minecraft:atlas/structures/village/taiga/zombie/houses/taiga_medium_house_3.json
[25Dec2025 17:19:57.528] [Worker-Main-1/INFO] [Antique Atlas/]: Found structure piece config: minecraft:atlas/structures/village/taiga/zombie/houses/taiga_medium_house_4.json
[25Dec2025 17:19:57.528] [Worker-Main-1/INFO] [Antique Atlas/]: Found structure piece config: minecraft:atlas/structures/village/taiga/zombie/houses/taiga_shepherds_house_1.json
[25Dec2025 17:19:57.528] [Worker-Main-1/INFO] [Antique Atlas/]: Found structure piece config: minecraft:atlas/structures/village/taiga/zombie/houses/taiga_small_house_1.json
[25Dec2025 17:19:57.529] [Worker-Main-1/INFO] [Antique Atlas/]: Found structure piece config: minecraft:atlas/structures/village/taiga/zombie/houses/taiga_small_house_2.json
[25Dec2025 17:19:57.529] [Worker-Main-1/INFO] [Antique Atlas/]: Found structure piece config: minecraft:atlas/structures/village/taiga/zombie/houses/taiga_small_house_3.json
[25Dec2025 17:19:57.529] [Worker-Main-1/INFO] [Antique Atlas/]: Found structure piece config: minecraft:atlas/structures/village/taiga/zombie/houses/taiga_small_house_4.json
[25Dec2025 17:19:57.529] [Worker-Main-1/INFO] [Antique Atlas/]: Found structure piece config: minecraft:atlas/structures/village/taiga/zombie/houses/taiga_small_house_5.json
[25Dec2025 17:19:57.529] [Worker-Main-1/INFO] [Antique Atlas/]: Found structure piece config: minecraft:atlas/structures/village/taiga/zombie/houses/taiga_temple_1.json
[25Dec2025 17:19:57.529] [Worker-Main-1/INFO] [Antique Atlas/]: Found structure piece config: minecraft:atlas/structures/village/taiga/zombie/houses/taiga_tool_smith_1.json
[25Dec2025 17:19:57.529] [Worker-Main-1/INFO] [Antique Atlas/]: Found structure piece config: minecraft:atlas/structures/village/taiga/zombie/houses/taiga_weaponsmith_2.json
[25Dec2025 17:19:57.529] [Worker-Main-1/INFO] [Antique Atlas/]: Found structure piece config: minecraft:atlas/structures/village/taiga/zombie/streets/corner_01.json
[25Dec2025 17:19:57.529] [Worker-Main-1/INFO] [Antique Atlas/]: Found structure piece config: minecraft:atlas/structures/village/taiga/zombie/streets/corner_02.json
[25Dec2025 17:19:57.529] [Worker-Main-1/INFO] [Antique Atlas/]: Found structure piece config: minecraft:atlas/structures/village/taiga/zombie/streets/corner_03.json
[25Dec2025 17:19:57.529] [Worker-Main-1/INFO] [Antique Atlas/]: Found structure piece config: minecraft:atlas/structures/village/taiga/zombie/streets/crossroad_01.json
[25Dec2025 17:19:57.529] [Worker-Main-1/INFO] [Antique Atlas/]: Found structure piece config: minecraft:atlas/structures/village/taiga/zombie/streets/crossroad_02.json
[25Dec2025 17:19:57.529] [Worker-Main-1/INFO] [Antique Atlas/]: Found structure piece config: minecraft:atlas/structures/village/taiga/zombie/streets/crossroad_03.json
[25Dec2025 17:19:57.529] [Worker-Main-1/INFO] [Antique Atlas/]: Found structure piece config: minecraft:atlas/structures/village/taiga/zombie/streets/crossroad_04.json
[25Dec2025 17:19:57.529] [Worker-Main-1/INFO] [Antique Atlas/]: Found structure piece config: minecraft:atlas/structures/village/taiga/zombie/streets/crossroad_05.json
[25Dec2025 17:19:57.529] [Worker-Main-1/INFO] [Antique Atlas/]: Found structure piece config: minecraft:atlas/structures/village/taiga/zombie/streets/crossroad_06.json
[25Dec2025 17:19:57.529] [Worker-Main-1/INFO] [Antique Atlas/]: Found structure piece config: minecraft:atlas/structures/village/taiga/zombie/streets/straight_01.json
[25Dec2025 17:19:57.529] [Worker-Main-1/INFO] [Antique Atlas/]: Found structure piece config: minecraft:atlas/structures/village/taiga/zombie/streets/straight_02.json
[25Dec2025 17:19:57.529] [Worker-Main-1/INFO] [Antique Atlas/]: Found structure piece config: minecraft:atlas/structures/village/taiga/zombie/streets/straight_03.json
[25Dec2025 17:19:57.529] [Worker-Main-1/INFO] [Antique Atlas/]: Found structure piece config: minecraft:atlas/structures/village/taiga/zombie/streets/straight_04.json
[25Dec2025 17:19:57.529] [Worker-Main-1/INFO] [Antique Atlas/]: Found structure piece config: minecraft:atlas/structures/village/taiga/zombie/streets/straight_05.json
[25Dec2025 17:19:57.529] [Worker-Main-1/INFO] [Antique Atlas/]: Found structure piece config: minecraft:atlas/structures/village/taiga/zombie/streets/straight_06.json
[25Dec2025 17:19:57.529] [Worker-Main-1/INFO] [Antique Atlas/]: Found structure piece config: minecraft:atlas/structures/village/taiga/zombie/streets/turn_01.json
[25Dec2025 17:19:57.529] [Worker-Main-1/INFO] [Antique Atlas/]: Found structure piece config: minecraft:atlas/structures/village/taiga/zombie/town_centers/taiga_meeting_point_1.json
[25Dec2025 17:19:57.529] [Worker-Main-1/INFO] [Antique Atlas/]: Found structure piece config: minecraft:atlas/structures/village/taiga/zombie/town_centers/taiga_meeting_point_2.json
[25Dec2025 17:19:57.699] [Render thread/INFO] [net.minecraft.world.item.crafting.RecipeManager/]: Loaded 7901 recipes
[25Dec2025 17:19:57.712] [Render thread/ERROR] [net.minecraft.server.ServerAdvancementManager/]: Parsing error loading custom advancement minecraft:recipes/decorations/chest: No key criteria in MapLike[{}]
[25Dec2025 17:19:57.735] [Render thread/ERROR] [net.minecraft.server.ServerAdvancementManager/]: Parsing error loading custom advancement minecraft:recipes/redstone/trapped_chest: No key criteria in MapLike[{}]
[25Dec2025 17:19:57.753] [Render thread/ERROR] [net.minecraft.advancements.AdvancementTree/]: Couldn't load advancements: [minecraft:give_quest_trader_trade, minecraft:wander_add_map]
[25Dec2025 17:19:57.753] [Render thread/INFO] [net.minecraft.advancements.AdvancementTree/]: Loaded 3273 advancements
[25Dec2025 17:19:57.754] [Render thread/INFO] [Curios API/]: Loaded 12 curio slots
[25Dec2025 17:19:57.755] [Render thread/INFO] [Curios API/]: Loaded 1 curio entities
[25Dec2025 17:19:57.755] [Render thread/INFO] [rechiseled/]: Loaded 46 chiseling recipes
[25Dec2025 17:19:57.785] [Render thread/INFO] [Antique Atlas/]: Apply structure piece config: minecraft:village/snowy/houses/snowy_medium_house_1
[25Dec2025 17:19:57.785] [Render thread/INFO] [Antique Atlas/]: Apply structure piece config: minecraft:village/snowy/houses/snowy_medium_house_2
[25Dec2025 17:19:57.785] [Render thread/INFO] [Antique Atlas/]: Apply structure piece config: minecraft:village/snowy/houses/snowy_medium_house_3
[25Dec2025 17:19:57.785] [Render thread/INFO] [Antique Atlas/]: Apply structure piece config: minecraft:village/taiga/zombie/houses/taiga_shepherds_house_1
[25Dec2025 17:19:57.785] [Render thread/INFO] [Antique Atlas/]: Apply structure piece config: minecraft:village/snowy/houses/snowy_small_house_8
[25Dec2025 17:19:57.785] [Render thread/INFO] [Antique Atlas/]: Apply structure piece config: minecraft:village/snowy/snowy_lamp_post_03
[25Dec2025 17:19:57.785] [Render thread/INFO] [Antique Atlas/]: Apply structure piece config: minecraft:village/snowy/houses/snowy_small_house_7
[25Dec2025 17:19:57.785] [Render thread/INFO] [Antique Atlas/]: Apply structure piece config: minecraft:village/snowy/snowy_lamp_post_02
[25Dec2025 17:19:57.785] [Render thread/INFO] [Antique Atlas/]: Apply structure piece config: minecraft:village/snowy/houses/snowy_small_house_6
[25Dec2025 17:19:57.785] [Render thread/INFO] [Antique Atlas/]: Apply structure piece config: minecraft:village/snowy/snowy_lamp_post_01
[25Dec2025 17:19:57.785] [Render thread/INFO] [Antique Atlas/]: Apply structure piece config: minecraft:village/snowy/houses/snowy_small_house_5
[25Dec2025 17:19:57.785] [Render thread/INFO] [Antique Atlas/]: Apply structure piece config: minecraft:village/snowy/houses/snowy_small_house_4
[25Dec2025 17:19:57.785] [Render thread/INFO] [Antique Atlas/]: Apply structure piece config: minecraft:village/snowy/houses/snowy_small_house_3
[25Dec2025 17:19:57.785] [Render thread/INFO] [Antique Atlas/]: Apply structure piece config: minecraft:village/snowy/houses/snowy_small_house_2
[25Dec2025 17:19:57.785] [Render thread/INFO] [Antique Atlas/]: Apply structure piece config: minecraft:village/snowy/houses/snowy_small_house_1
[25Dec2025 17:19:57.785] [Render thread/INFO] [Antique Atlas/]: Apply structure piece config: minecraft:village/desert/streets/crossroad_02
[25Dec2025 17:19:57.785] [Render thread/INFO] [Antique Atlas/]: Apply structure piece config: minecraft:village/desert/streets/crossroad_03
[25Dec2025 17:19:57.785] [Render thread/INFO] [Antique Atlas/]: Apply structure piece config: minecraft:village/desert/streets/crossroad_01
[25Dec2025 17:19:57.785] [Render thread/INFO] [Antique Atlas/]: Apply structure piece config: minecraft:village/plains/houses/plains_meeting_point_4
[25Dec2025 17:19:57.785] [Render thread/INFO] [Antique Atlas/]: Apply structure piece config: minecraft:village/plains/zombie/streets/straight_01
[25Dec2025 17:19:57.785] [Render thread/INFO] [Antique Atlas/]: Apply structure piece config: minecraft:village/plains/zombie/streets/straight_02
[25Dec2025 17:19:57.786] [Render thread/INFO] [Antique Atlas/]: Apply structure piece config: minecraft:village/plains/zombie/streets/straight_03
[25Dec2025 17:19:57.786] [Render thread/INFO] [Antique Atlas/]: Apply structure piece config: minecraft:village/plains/zombie/streets/straight_04
[25Dec2025 17:19:57.786] [Render thread/INFO] [Antique Atlas/]: Apply structure piece config: minecraft:village/plains/zombie/streets/straight_05
[25Dec2025 17:19:57.786] [Render thread/INFO] [Antique Atlas/]: Apply structure piece config: minecraft:village/plains/zombie/streets/straight_06
[25Dec2025 17:19:57.786] [Render thread/INFO] [Antique Atlas/]: Apply structure piece config: minecraft:village/plains/houses/plains_meeting_point_5
[25Dec2025 17:19:57.786] [Render thread/INFO] [Antique Atlas/]: Apply structure piece config: minecraft:village/plains/streets/straight_01
[25Dec2025 17:19:57.786] [Render thread/INFO] [Antique Atlas/]: Apply structure piece config: minecraft:village/plains/streets/straight_05
[25Dec2025 17:19:57.786] [Render thread/INFO] [Antique Atlas/]: Apply structure piece config: minecraft:village/plains/streets/straight_04
[25Dec2025 17:19:57.786] [Render thread/INFO] [Antique Atlas/]: Apply structure piece config: minecraft:village/plains/streets/straight_03
[25Dec2025 17:19:57.786] [Render thread/INFO] [Antique Atlas/]: Apply structure piece config: minecraft:village/plains/streets/straight_02
[25Dec2025 17:19:57.786] [Render thread/INFO] [Antique Atlas/]: Apply structure piece config: minecraft:village/taiga/houses/taiga_large_farm_1
[25Dec2025 17:19:57.786] [Render thread/INFO] [Antique Atlas/]: Apply structure piece config: minecraft:village/plains/streets/straight_06
[25Dec2025 17:19:57.786] [Render thread/INFO] [Antique Atlas/]: Apply structure piece config: minecraft:village/taiga/houses/taiga_large_farm_2
[25Dec2025 17:19:57.786] [Render thread/INFO] [Antique Atlas/]: Apply structure piece config: minecraft:village/plains/zombie/houses/plains_small_house_5
[25Dec2025 17:19:57.786] [Render thread/INFO] [Antique Atlas/]: Apply structure piece config: minecraft:village/taiga/zombie/houses/taiga_cartographer_house_1
[25Dec2025 17:19:57.786] [Render thread/INFO] [Antique Atlas/]: Apply structure piece config: minecraft:village/plains/zombie/houses/plains_small_house_4
[25Dec2025 17:19:57.786] [Render thread/INFO] [Antique Atlas/]: Apply structure piece config: minecraft:village/plains/zombie/houses/plains_small_house_7
[25Dec2025 17:19:57.786] [Render thread/INFO] [Antique Atlas/]: Apply structure piece config: minecraft:village/desert/zombie/houses/desert_medium_house_1
[25Dec2025 17:19:57.786] [Render thread/INFO] [Antique Atlas/]: Apply structure piece config: minecraft:village/plains/zombie/houses/plains_small_house_6
[25Dec2025 17:19:57.786] [Render thread/INFO] [Antique Atlas/]: Apply structure piece config: minecraft:village/desert/houses/desert_farm_1
[25Dec2025 17:19:57.786] [Render thread/INFO] [Antique Atlas/]: Apply structure piece config: minecraft:village/desert/zombie/houses/desert_medium_house_2
[25Dec2025 17:19:57.786] [Render thread/INFO] [Antique Atlas/]: Apply structure piece config: minecraft:village/desert/houses/desert_farm_2
[25Dec2025 17:19:57.786] [Render thread/INFO] [Antique Atlas/]: Apply structure piece config: minecraft:village/plains/zombie/houses/plains_small_house_8
[25Dec2025 17:19:57.786] [Render thread/INFO] [Antique Atlas/]: Apply structure piece config: minecraft:village/desert/houses/desert_library_1
[25Dec2025 17:19:57.786] [Render thread/INFO] [Antique Atlas/]: Apply structure piece config: minecraft:village/desert/houses/desert_armorer_1
[25Dec2025 17:19:57.786] [Render thread/INFO] [Antique Atlas/]: Apply structure piece config: minecraft:village/savanna/savanna_lamp_post_01
[25Dec2025 17:19:57.786] [Render thread/INFO] [Antique Atlas/]: Apply structure piece config: minecraft:village/desert/zombie/streets/straight_02
[25Dec2025 17:19:57.786] [Render thread/INFO] [Antique Atlas/]: Apply structure piece config: minecraft:village/desert/zombie/streets/straight_01
[25Dec2025 17:19:57.786] [Render thread/INFO] [Antique Atlas/]: Apply structure piece config: minecraft:village/desert/zombie/streets/straight_03
[25Dec2025 17:19:57.786] [Render thread/INFO] [Antique Atlas/]: Apply structure piece config: minecraft:village/plains/zombie/houses/plains_small_house_1
[25Dec2025 17:19:57.786] [Render thread/INFO] [Antique Atlas/]: Apply structure piece config: minecraft:village/plains/zombie/houses/plains_small_house_3
[25Dec2025 17:19:57.786] [Render thread/INFO] [Antique Atlas/]: Apply structure piece config: minecraft:village/plains/zombie/houses/plains_small_house_2
[25Dec2025 17:19:57.786] [Render thread/INFO] [Antique Atlas/]: Apply structure piece config: minecraft:village/savanna/zombie/streets/crossroad_02
[25Dec2025 17:19:57.786] [Render thread/INFO] [Antique Atlas/]: Apply structure piece config: minecraft:village/savanna/zombie/streets/crossroad_03
[25Dec2025 17:19:57.786] [Render thread/INFO] [Antique Atlas/]: Apply structure piece config: minecraft:village/savanna/zombie/streets/crossroad_06
[25Dec2025 17:19:57.786] [Render thread/INFO] [Antique Atlas/]: Apply structure piece config: minecraft:village/savanna/zombie/streets/crossroad_07
[25Dec2025 17:19:57.786] [Render thread/INFO] [Antique Atlas/]: Apply structure piece config: minecraft:village/savanna/zombie/streets/crossroad_04
[25Dec2025 17:19:57.786] [Render thread/INFO] [Antique Atlas/]: Apply structure piece config: minecraft:village/savanna/zombie/streets/crossroad_05
[25Dec2025 17:19:57.786] [Render thread/INFO] [Antique Atlas/]: Apply structure piece config: minecraft:village/plains/houses/plains_stable_2
[25Dec2025 17:19:57.786] [Render thread/INFO] [Antique Atlas/]: Apply structure piece config: minecraft:village/plains/houses/plains_stable_1
[25Dec2025 17:19:57.786] [Render thread/INFO] [Antique Atlas/]: Apply structure piece config: minecraft:village/taiga/zombie/streets/corner_03
[25Dec2025 17:19:57.786] [Render thread/INFO] [Antique Atlas/]: Apply structure piece config: minecraft:village/taiga/houses/taiga_small_house_2
[25Dec2025 17:19:57.786] [Render thread/INFO] [Antique Atlas/]: Apply structure piece config: minecraft:village/taiga/zombie/streets/corner_01
[25Dec2025 17:19:57.786] [Render thread/INFO] [Antique Atlas/]: Apply structure piece config: minecraft:village/taiga/houses/taiga_small_house_1
[25Dec2025 17:19:57.786] [Render thread/INFO] [Antique Atlas/]: Apply structure piece config: minecraft:village/taiga/zombie/streets/corner_02
[25Dec2025 17:19:57.786] [Render thread/INFO] [Antique Atlas/]: Apply structure piece config: minecraft:village/taiga/houses/taiga_small_house_4
[25Dec2025 17:19:57.786] [Render thread/INFO] [Antique Atlas/]: Apply structure piece config: minecraft:village/taiga/houses/taiga_small_house_3
[25Dec2025 17:19:57.786] [Render thread/INFO] [Antique Atlas/]: Apply structure piece config: minecraft:village/taiga/houses/taiga_small_house_5
[25Dec2025 17:19:57.786] [Render thread/INFO] [Antique Atlas/]: Apply structure piece config: minecraft:village/taiga/zombie/streets/turn_01
[25Dec2025 17:19:57.786] [Render thread/INFO] [Antique Atlas/]: Apply structure piece config: minecraft:village/snowy/streets/straight_02
[25Dec2025 17:19:57.786] [Render thread/INFO] [Antique Atlas/]: Apply structure piece config: minecraft:village/snowy/streets/straight_01
[25Dec2025 17:19:57.786] [Render thread/INFO] [Antique Atlas/]: Apply structure piece config: minecraft:village/desert/houses/desert_tannery_1
[25Dec2025 17:19:57.786] [Render thread/INFO] [Antique Atlas/]: Apply structure piece config: minecraft:village/taiga/zombie/houses/taiga_large_farm_2
[25Dec2025 17:19:57.786] [Render thread/INFO] [Antique Atlas/]: Apply structure piece config: minecraft:village/taiga/houses/taiga_animal_pen_1
[25Dec2025 17:19:57.786] [Render thread/INFO] [Antique Atlas/]: Apply structure piece config: minecraft:village/snowy/houses/snowy_fisher_cottage
[25Dec2025 17:19:57.786] [Render thread/INFO] [Antique Atlas/]: Apply structure piece config: minecraft:village/savanna/houses/savanna_weaponsmith_1
[25Dec2025 17:19:57.786] [Render thread/INFO] [Antique Atlas/]: Apply structure piece config: minecraft:village/snowy/zombie/streets/corner_03
[25Dec2025 17:19:57.786] [Render thread/INFO] [Antique Atlas/]: Apply structure piece config: minecraft:village/taiga/streets/corner_01
[25Dec2025 17:19:57.786] [Render thread/INFO] [Antique Atlas/]: Apply structure piece config: minecraft:village/savanna/houses/savanna_weaponsmith_2
[25Dec2025 17:19:57.786] [Render thread/INFO] [Antique Atlas/]: Apply structure piece config: minecraft:village/snowy/zombie/streets/corner_02
[25Dec2025 17:19:57.786] [Render thread/INFO] [Antique Atlas/]: Apply structure piece config: minecraft:village/taiga/streets/corner_02
[25Dec2025 17:19:57.786] [Render thread/INFO] [Antique Atlas/]: Apply structure piece config: minecraft:village/snowy/zombie/streets/corner_01
[25Dec2025 17:19:57.786] [Render thread/INFO] [Antique Atlas/]: Apply structure piece config: minecraft:village/taiga/streets/corner_03
[25Dec2025 17:19:57.786] [Render thread/INFO] [Antique Atlas/]: Apply structure piece config: minecraft:village/plains/zombie/houses/plains_butcher_shop_2
[25Dec2025 17:19:57.786] [Render thread/INFO] [Antique Atlas/]: Apply structure piece config: minecraft:village/savanna/houses/savanna_temple_1
[25Dec2025 17:19:57.786] [Render thread/INFO] [Antique Atlas/]: Apply structure piece config: minecraft:village/savanna/houses/savanna_shepherd_1
[25Dec2025 17:19:57.786] [Render thread/INFO] [Antique Atlas/]: Apply structure piece config: minecraft:village/savanna/houses/savanna_temple_2
[25Dec2025 17:19:57.786] [Render thread/INFO] [Antique Atlas/]: Apply structure piece config: minecraft:village/desert/streets/turn_01
[25Dec2025 17:19:57.786] [Render thread/INFO] [Antique Atlas/]: Apply structure piece config: minecraft:village/desert/zombie/streets/square_02
[25Dec2025 17:19:57.786] [Render thread/INFO] [Antique Atlas/]: Apply structure piece config: minecraft:village/desert/zombie/streets/square_01
[25Dec2025 17:19:57.786] [Render thread/INFO] [Antique Atlas/]: Apply structure piece config: minecraft:village/savanna/town_centers/savanna_meeting_point_2
[25Dec2025 17:19:57.786] [Render thread/INFO] [Antique Atlas/]: Apply structure piece config: minecraft:village/savanna/town_centers/savanna_meeting_point_1
[25Dec2025 17:19:57.786] [Render thread/INFO] [Antique Atlas/]: Apply structure piece config: minecraft:village/plains/zombie/houses/plains_stable_1
[25Dec2025 17:19:57.786] [Render thread/INFO] [Antique Atlas/]: Apply structure piece config: minecraft:village/savanna/town_centers/savanna_meeting_point_4
[25Dec2025 17:19:57.786] [Render thread/INFO] [Antique Atlas/]: Apply structure piece config: minecraft:village/savanna/town_centers/savanna_meeting_point_3
[25Dec2025 17:19:57.786] [Render thread/INFO] [Antique Atlas/]: Apply structure piece config: minecraft:village/snowy/houses/snowy_shepherds_house_1
[25Dec2025 17:19:57.786] [Render thread/INFO] [Antique Atlas/]: Apply structure piece config: minecraft:village/plains/houses/plains_tool_smith_1
[25Dec2025 17:19:57.786] [Render thread/INFO] [Antique Atlas/]: Apply structure piece config: minecraft:village/savanna/zombie/houses/savanna_large_farm_2
[25Dec2025 17:19:57.786] [Render thread/INFO] [Antique Atlas/]: Apply structure piece config: minecraft:village/taiga/zombie/houses/taiga_medium_house_1
[25Dec2025 17:19:57.786] [Render thread/INFO] [Antique Atlas/]: Apply structure piece config: minecraft:village/taiga/zombie/houses/taiga_medium_house_2
[25Dec2025 17:19:57.786] [Render thread/INFO] [Antique Atlas/]: Apply structure piece config: minecraft:village/snowy/houses/snowy_butchers_shop_1
[25Dec2025 17:19:57.786] [Render thread/INFO] [Antique Atlas/]: Apply structure piece config: minecraft:village/taiga/zombie/houses/taiga_medium_house_3
[25Dec2025 17:19:57.786] [Render thread/INFO] [Antique Atlas/]: Apply structure piece config: minecraft:village/snowy/houses/snowy_butchers_shop_2
[25Dec2025 17:19:57.786] [Render thread/INFO] [Antique Atlas/]: Apply structure piece config: minecraft:village/taiga/zombie/houses/taiga_medium_house_4
[25Dec2025 17:19:57.786] [Render thread/INFO] [Antique Atlas/]: Apply structure piece config: minecraft:village/savanna/houses/savanna_fletcher_house_1
[25Dec2025 17:19:57.786] [Render thread/INFO] [Antique Atlas/]: Apply structure piece config: minecraft:village/snowy/streets/straight_08
[25Dec2025 17:19:57.786] [Render thread/INFO] [Antique Atlas/]: Apply structure piece config: minecraft:village/savanna/zombie/streets/corner_01
[25Dec2025 17:19:57.786] [Render thread/INFO] [Antique Atlas/]: Apply structure piece config: minecraft:village/savanna/zombie/streets/corner_03
[25Dec2025 17:19:57.786] [Render thread/INFO] [Antique Atlas/]: Apply structure piece config: minecraft:village/snowy/streets/straight_04
[25Dec2025 17:19:57.787] [Render thread/INFO] [Antique Atlas/]: Apply structure piece config: minecraft:village/snowy/streets/straight_03
[25Dec2025 17:19:57.787] [Render thread/INFO] [Antique Atlas/]: Apply structure piece config: minecraft:village/snowy/streets/straight_06
[25Dec2025 17:19:57.787] [Render thread/INFO] [Antique Atlas/]: Apply structure piece config: minecraft:village/plains/streets/corner_03
[25Dec2025 17:19:57.787] [Render thread/INFO] [Antique Atlas/]: Apply structure piece config: minecraft:village/plains/streets/corner_01
[25Dec2025 17:19:57.787] [Render thread/INFO] [Antique Atlas/]: Apply structure piece config: minecraft:village/taiga/houses/taiga_butcher_shop_1
[25Dec2025 17:19:57.787] [Render thread/INFO] [Antique Atlas/]: Apply structure piece config: minecraft:village/plains/streets/corner_02
[25Dec2025 17:19:57.787] [Render thread/INFO] [Antique Atlas/]: Apply structure piece config: minecraft:village/desert/zombie/town_centers/desert_meeting_point_1
[25Dec2025 17:19:57.787] [Render thread/INFO] [Antique Atlas/]: Apply structure piece config: minecraft:village/desert/zombie/town_centers/desert_meeting_point_3
[25Dec2025 17:19:57.787] [Render thread/INFO] [Antique Atlas/]: Apply structure piece config: minecraft:village/taiga/streets/crossroad_05
[25Dec2025 17:19:57.787] [Render thread/INFO] [Antique Atlas/]: Apply structure piece config: minecraft:village/desert/zombie/town_centers/desert_meeting_point_2
[25Dec2025 17:19:57.787] [Render thread/INFO] [Antique Atlas/]: Apply structure piece config: minecraft:village/taiga/streets/crossroad_06
[25Dec2025 17:19:57.787] [Render thread/INFO] [Antique Atlas/]: Apply structure piece config: minecraft:village/taiga/streets/crossroad_03
[25Dec2025 17:19:57.787] [Render thread/INFO] [Antique Atlas/]: Apply structure piece config: minecraft:village/taiga/streets/crossroad_04
[25Dec2025 17:19:57.787] [Render thread/INFO] [Antique Atlas/]: Apply structure piece config: minecraft:village/snowy/zombie/streets/crossroad_02
[25Dec2025 17:19:57.787] [Render thread/INFO] [Antique Atlas/]: Apply structure piece config: minecraft:village/snowy/zombie/streets/crossroad_03
[25Dec2025 17:19:57.787] [Render thread/INFO] [Antique Atlas/]: Apply structure piece config: minecraft:village/snowy/zombie/streets/crossroad_04
[25Dec2025 17:19:57.787] [Render thread/INFO] [Antique Atlas/]: Apply structure piece config: minecraft:village/plains/houses/plains_cartographer_1
[25Dec2025 17:19:57.787] [Render thread/INFO] [Antique Atlas/]: Apply structure piece config: minecraft:village/snowy/zombie/streets/crossroad_05
[25Dec2025 17:19:57.787] [Render thread/INFO] [Antique Atlas/]: Apply structure piece config: minecraft:village/snowy/zombie/streets/crossroad_06
[25Dec2025 17:19:57.787] [Render thread/INFO] [Antique Atlas/]: Apply structure piece config: minecraft:village/snowy/houses/snowy_masons_house_2
[25Dec2025 17:19:57.787] [Render thread/INFO] [Antique Atlas/]: Apply structure piece config: minecraft:village/snowy/houses/snowy_fletcher_house_1
[25Dec2025 17:19:57.787] [Render thread/INFO] [Antique Atlas/]: Apply structure piece config: minecraft:village/snowy/houses/snowy_masons_house_1
[25Dec2025 17:19:57.787] [Render thread/INFO] [Antique Atlas/]: Apply structure piece config: minecraft:village/snowy/houses/snowy_temple_1
[25Dec2025 17:19:57.787] [Render thread/INFO] [Antique Atlas/]: Apply structure piece config: minecraft:village/taiga/streets/crossroad_01
[25Dec2025 17:19:57.787] [Render thread/INFO] [Antique Atlas/]: Apply structure piece config: minecraft:village/taiga/streets/crossroad_02
[25Dec2025 17:19:57.787] [Render thread/INFO] [Antique Atlas/]: Apply structure piece config: minecraft:village/savanna/streets/straight_02
[25Dec2025 17:19:57.787] [Render thread/INFO] [Antique Atlas/]: Apply structure piece config: minecraft:village/savanna/streets/straight_04
[25Dec2025 17:19:57.787] [Render thread/INFO] [Antique Atlas/]: Apply structure piece config: minecraft:village/taiga/houses/taiga_weaponsmith_2
[25Dec2025 17:19:57.787] [Render thread/INFO] [Antique Atlas/]: Apply structure piece config: minecraft:village/savanna/streets/straight_05
[25Dec2025 17:19:57.787] [Render thread/INFO] [Antique Atlas/]: Apply structure piece config: minecraft:village/taiga/houses/taiga_weaponsmith_1
[25Dec2025 17:19:57.787] [Render thread/INFO] [Antique Atlas/]: Apply structure piece config: minecraft:village/savanna/streets/straight_06
[25Dec2025 17:19:57.787] [Render thread/INFO] [Antique Atlas/]: Apply structure piece config: minecraft:village/savanna/streets/straight_08
[25Dec2025 17:19:57.787] [Render thread/INFO] [Antique Atlas/]: Apply structure piece config: minecraft:village/savanna/streets/straight_09
[25Dec2025 17:19:57.787] [Render thread/INFO] [Antique Atlas/]: Apply structure piece config: minecraft:village/plains/houses/plains_masons_house_1
[25Dec2025 17:19:57.787] [Render thread/INFO] [Antique Atlas/]: Apply structure piece config: minecraft:village/snowy/zombie/streets/turn_01
[25Dec2025 17:19:57.787] [Render thread/INFO] [Antique Atlas/]: Apply structure piece config: minecraft:village/snowy/houses/snowy_animal_pen_2
[25Dec2025 17:19:57.787] [Render thread/INFO] [Antique Atlas/]: Apply structure piece config: minecraft:village/snowy/houses/snowy_animal_pen_1
[25Dec2025 17:19:57.787] [Render thread/INFO] [Antique Atlas/]: Apply structure piece config: minecraft:village/taiga/streets/turn_01
[25Dec2025 17:19:57.787] [Render thread/INFO] [Antique Atlas/]: Apply structure piece config: minecraft:village/desert/zombie/streets/corner_01
[25Dec2025 17:19:57.787] [Render thread/INFO] [Antique Atlas/]: Apply structure piece config: minecraft:village/desert/zombie/streets/corner_02
[25Dec2025 17:19:57.787] [Render thread/INFO] [Antique Atlas/]: Apply structure piece config: minecraft:village/savanna/streets/straight_10
[25Dec2025 17:19:57.787] [Render thread/INFO] [Antique Atlas/]: Apply structure piece config: minecraft:village/savanna/streets/straight_11
[25Dec2025 17:19:57.787] [Render thread/INFO] [Antique Atlas/]: Apply structure piece config: minecraft:village/taiga/houses/taiga_tannery_1
[25Dec2025 17:19:57.787] [Render thread/INFO] [Antique Atlas/]: Apply structure piece config: minecraft:village/savanna/houses/savanna_mason_1
[25Dec2025 17:19:57.787] [Render thread/INFO] [Antique Atlas/]: Apply structure piece config: minecraft:village/desert/houses/desert_mason_1
[25Dec2025 17:19:57.787] [Render thread/INFO] [Antique Atlas/]: Apply structure piece config: minecraft:village/plains/houses/plains_small_house_6
[25Dec2025 17:19:57.787] [Render thread/INFO] [Antique Atlas/]: Apply structure piece config: minecraft:village/plains/houses/plains_small_house_5
[25Dec2025 17:19:57.787] [Render thread/INFO] [Antique Atlas/]: Apply structure piece config: minecraft:village/plains/houses/plains_small_house_8
[25Dec2025 17:19:57.787] [Render thread/INFO] [Antique Atlas/]: Apply structure piece config: minecraft:village/plains/houses/plains_small_house_7
[25Dec2025 17:19:57.787] [Render thread/INFO] [Antique Atlas/]: Apply structure piece config: minecraft:village/plains/houses/plains_small_house_2
[25Dec2025 17:19:57.787] [Render thread/INFO] [Antique Atlas/]: Apply structure piece config: minecraft:village/plains/houses/plains_small_house_1
[25Dec2025 17:19:57.787] [Render thread/INFO] [Antique Atlas/]: Apply structure piece config: minecraft:village/plains/houses/plains_small_house_4
[25Dec2025 17:19:57.787] [Render thread/INFO] [Antique Atlas/]: Apply structure piece config: minecraft:village/plains/houses/plains_small_house_3
[25Dec2025 17:19:57.787] [Render thread/INFO] [Antique Atlas/]: Apply structure piece config: minecraft:village/plains/town_centers/plains_fountain_01
[25Dec2025 17:19:57.787] [Render thread/INFO] [Antique Atlas/]: Apply structure piece config: minecraft:village/snowy/streets/turn_01
[25Dec2025 17:19:57.787] [Render thread/INFO] [Antique Atlas/]: Apply structure piece config: minecraft:village/savanna/houses/savanna_fisher_cottage_1
[25Dec2025 17:19:57.787] [Render thread/INFO] [Antique Atlas/]: Apply structure piece config: minecraft:village/taiga/zombie/houses/taiga_weaponsmith_2
[25Dec2025 17:19:57.787] [Render thread/INFO] [Antique Atlas/]: Apply structure piece config: minecraft:village/snowy/houses/snowy_cartographer_house_1
[25Dec2025 17:19:57.787] [Render thread/INFO] [Antique Atlas/]: Apply structure piece config: minecraft:village/plains/zombie/streets/crossroad_04
[25Dec2025 17:19:57.787] [Render thread/INFO] [Antique Atlas/]: Apply structure piece config: minecraft:village/plains/zombie/streets/crossroad_03
[25Dec2025 17:19:57.787] [Render thread/INFO] [Antique Atlas/]: Apply structure piece config: minecraft:village/plains/zombie/streets/crossroad_02
[25Dec2025 17:19:57.787] [Render thread/INFO] [Antique Atlas/]: Apply structure piece config: minecraft:village/plains/zombie/streets/crossroad_01
[25Dec2025 17:19:57.787] [Render thread/INFO] [Antique Atlas/]: Apply structure piece config: minecraft:village/plains/zombie/streets/crossroad_06
[25Dec2025 17:19:57.787] [Render thread/INFO] [Antique Atlas/]: Apply structure piece config: minecraft:village/plains/zombie/streets/crossroad_05
[25Dec2025 17:19:57.787] [Render thread/INFO] [Antique Atlas/]: Apply structure piece config: minecraft:village/desert/houses/desert_butcher_shop_1
[25Dec2025 17:19:57.787] [Render thread/INFO] [Antique Atlas/]: Apply structure piece config: minecraft:village/plains/zombie/houses/plains_big_house_1
[25Dec2025 17:19:57.787] [Render thread/INFO] [Antique Atlas/]: Apply structure piece config: minecraft:village/snowy/zombie/streets/straight_08
[25Dec2025 17:19:57.787] [Render thread/INFO] [Antique Atlas/]: Apply structure piece config: minecraft:village/snowy/zombie/streets/straight_04
[25Dec2025 17:19:57.787] [Render thread/INFO] [Antique Atlas/]: Apply structure piece config: minecraft:village/snowy/zombie/streets/straight_06
[25Dec2025 17:19:57.787] [Render thread/INFO] [Antique Atlas/]: Apply structure piece config: minecraft:village/snowy/zombie/streets/straight_01
[25Dec2025 17:19:57.787] [Render thread/INFO] [Antique Atlas/]: Apply structure piece config: minecraft:village/snowy/zombie/streets/straight_03
[25Dec2025 17:19:57.787] [Render thread/INFO] [Antique Atlas/]: Apply structure piece config: minecraft:village/snowy/zombie/streets/straight_02
[25Dec2025 17:19:57.787] [Render thread/INFO] [Antique Atlas/]: Apply structure piece config: minecraft:village/desert/desert_lamp_1
[25Dec2025 17:19:57.787] [Render thread/INFO] [Antique Atlas/]: Apply structure piece config: minecraft:village/desert/town_centers/desert_meeting_point_1
[25Dec2025 17:19:57.787] [Render thread/INFO] [Antique Atlas/]: Apply structure piece config: minecraft:village/plains/houses/plains_butcher_shop_1
[25Dec2025 17:19:57.787] [Render thread/INFO] [Antique Atlas/]: Apply structure piece config: minecraft:village/desert/town_centers/desert_meeting_point_2
[25Dec2025 17:19:57.787] [Render thread/INFO] [Antique Atlas/]: Apply structure piece config: minecraft:village/plains/houses/plains_butcher_shop_2
[25Dec2025 17:19:57.787] [Render thread/INFO] [Antique Atlas/]: Apply structure piece config: minecraft:village/savanna/zombie/streets/straight_10
[25Dec2025 17:19:57.787] [Render thread/INFO] [Antique Atlas/]: Apply structure piece config: minecraft:village/savanna/zombie/streets/straight_11
[25Dec2025 17:19:57.787] [Render thread/INFO] [Antique Atlas/]: Apply structure piece config: minecraft:village/savanna/zombie/streets/straight_06
[25Dec2025 17:19:57.787] [Render thread/INFO] [Antique Atlas/]: Apply structure piece config: minecraft:village/savanna/zombie/streets/straight_09
[25Dec2025 17:19:57.787] [Render thread/INFO] [Antique Atlas/]: Apply structure piece config: minecraft:village/taiga/zombie/houses/taiga_small_house_4
[25Dec2025 17:19:57.787] [Render thread/INFO] [Antique Atlas/]: Apply structure piece config: minecraft:village/savanna/zombie/streets/straight_08
[25Dec2025 17:19:57.787] [Render thread/INFO] [Antique Atlas/]: Apply structure piece config: minecraft:village/taiga/zombie/houses/taiga_small_house_5
[25Dec2025 17:19:57.787] [Render thread/INFO] [Antique Atlas/]: Apply structure piece config: minecraft:village/desert/town_centers/desert_meeting_point_3
[25Dec2025 17:19:57.787] [Render thread/INFO] [Antique Atlas/]: Apply structure piece config: minecraft:village/taiga/zombie/houses/taiga_small_house_2
[25Dec2025 17:19:57.787] [Render thread/INFO] [Antique Atlas/]: Apply structure piece config: minecraft:village/taiga/zombie/houses/taiga_small_house_3
[25Dec2025 17:19:57.787] [Render thread/INFO] [Antique Atlas/]: Apply structure piece config: minecraft:village/taiga/zombie/houses/taiga_small_house_1
[25Dec2025 17:19:57.787] [Render thread/INFO] [Antique Atlas/]: Apply structure piece config: minecraft:village/snowy/houses/snowy_tannery_1
[25Dec2025 17:19:57.787] [Render thread/INFO] [Antique Atlas/]: Apply structure piece config: minecraft:village/desert/streets/corner_02
[25Dec2025 17:19:57.787] [Render thread/INFO] [Antique Atlas/]: Apply structure piece config: minecraft:village/desert/zombie/streets/crossroad_01
[25Dec2025 17:19:57.787] [Render thread/INFO] [Antique Atlas/]: Apply structure piece config: minecraft:village/desert/streets/corner_01
[25Dec2025 17:19:57.787] [Render thread/INFO] [Antique Atlas/]: Apply structure piece config: minecraft:village/desert/zombie/streets/crossroad_02
[25Dec2025 17:19:57.787] [Render thread/INFO] [Antique Atlas/]: Apply structure piece config: minecraft:village/desert/streets/straight_02
[25Dec2025 17:19:57.787] [Render thread/INFO] [Antique Atlas/]: Apply structure piece config: minecraft:village/desert/zombie/streets/crossroad_03
[25Dec2025 17:19:57.788] [Render thread/INFO] [Antique Atlas/]: Apply structure piece config: minecraft:village/desert/streets/straight_03
[25Dec2025 17:19:57.788] [Render thread/INFO] [Antique Atlas/]: Apply structure piece config: minecraft:village/desert/streets/straight_01
[25Dec2025 17:19:57.788] [Render thread/INFO] [Antique Atlas/]: Apply structure piece config: minecraft:village/savanna/zombie/streets/straight_02
[25Dec2025 17:19:57.788] [Render thread/INFO] [Antique Atlas/]: Apply structure piece config: minecraft:village/savanna/zombie/streets/straight_05
[25Dec2025 17:19:57.788] [Render thread/INFO] [Antique Atlas/]: Apply structure piece config: minecraft:village/savanna/zombie/streets/straight_04
[25Dec2025 17:19:57.788] [Render thread/INFO] [Antique Atlas/]: Apply structure piece config: minecraft:village/snowy/zombie/streets/crossroad_01
[25Dec2025 17:19:57.788] [Render thread/INFO] [Antique Atlas/]: Apply structure piece config: minecraft:village/plains/zombie/houses/plains_fletcher_house_1
[25Dec2025 17:19:57.788] [Render thread/INFO] [Antique Atlas/]: Apply structure piece config: minecraft:village/plains/houses/plains_library_1
[25Dec2025 17:19:57.788] [Render thread/INFO] [Antique Atlas/]: Apply structure piece config: minecraft:village/plains/houses/plains_library_2
[25Dec2025 17:19:57.788] [Render thread/INFO] [Antique Atlas/]: Apply structure piece config: minecraft:village/desert/houses/desert_temple_2
[25Dec2025 17:19:57.788] [Render thread/INFO] [Antique Atlas/]: Apply structure piece config: minecraft:village/desert/houses/desert_temple_1
[25Dec2025 17:19:57.788] [Render thread/INFO] [Antique Atlas/]: Apply structure piece config: minecraft:village/savanna/houses/savanna_butchers_shop_1
[25Dec2025 17:19:57.788] [Render thread/INFO] [Antique Atlas/]: Apply structure piece config: minecraft:village/snowy/houses/snowy_library_1
[25Dec2025 17:19:57.788] [Render thread/INFO] [Antique Atlas/]: Apply structure piece config: minecraft:village/savanna/houses/savanna_butchers_shop_2
[25Dec2025 17:19:57.788] [Render thread/INFO] [Antique Atlas/]: Apply structure piece config: minecraft:village/plains/houses/plains_weaponsmith_1
[25Dec2025 17:19:57.788] [Render thread/INFO] [Antique Atlas/]: Apply structure piece config: minecraft:village/plains/houses/plains_large_farm_1
[25Dec2025 17:19:57.788] [Render thread/INFO] [Antique Atlas/]: Apply structure piece config: minecraft:village/desert/houses/desert_small_house_5
[25Dec2025 17:19:57.788] [Render thread/INFO] [Antique Atlas/]: Apply structure piece config: minecraft:village/taiga/houses/taiga_medium_house_2
[25Dec2025 17:19:57.788] [Render thread/INFO] [Antique Atlas/]: Apply structure piece config: minecraft:village/desert/houses/desert_small_house_6
[25Dec2025 17:19:57.788] [Render thread/INFO] [Antique Atlas/]: Apply structure piece config: minecraft:village/taiga/houses/taiga_medium_house_1
[25Dec2025 17:19:57.788] [Render thread/INFO] [Antique Atlas/]: Apply structure piece config: minecraft:village/desert/houses/desert_small_house_7
[25Dec2025 17:19:57.788] [Render thread/INFO] [Antique Atlas/]: Apply structure piece config: minecraft:village/taiga/houses/taiga_fletcher_house_1
[25Dec2025 17:19:57.788] [Render thread/INFO] [Antique Atlas/]: Apply structure piece config: minecraft:village/taiga/houses/taiga_medium_house_4
[25Dec2025 17:19:57.788] [Render thread/INFO] [Antique Atlas/]: Apply structure piece config: minecraft:village/desert/houses/desert_small_house_8
[25Dec2025 17:19:57.788] [Render thread/INFO] [Antique Atlas/]: Apply structure piece config: minecraft:village/taiga/houses/taiga_medium_house_3
[25Dec2025 17:19:57.788] [Render thread/INFO] [Antique Atlas/]: Apply structure piece config: minecraft:village/taiga/zombie/houses/taiga_temple_1
[25Dec2025 17:19:57.788] [Render thread/INFO] [Antique Atlas/]: Apply structure piece config: minecraft:village/desert/houses/desert_small_house_1
[25Dec2025 17:19:57.788] [Render thread/INFO] [Antique Atlas/]: Apply structure piece config: minecraft:village/desert/houses/desert_small_house_2
[25Dec2025 17:19:57.788] [Render thread/INFO] [Antique Atlas/]: Apply structure piece config: minecraft:village/desert/houses/desert_small_house_3
[25Dec2025 17:19:57.788] [Render thread/INFO] [Antique Atlas/]: Apply structure piece config: minecraft:village/desert/houses/desert_small_house_4
[25Dec2025 17:19:57.788] [Render thread/INFO] [Antique Atlas/]: Apply structure piece config: minecraft:village/plains/houses/plains_medium_house_2
[25Dec2025 17:19:57.788] [Render thread/INFO] [Antique Atlas/]: Apply structure piece config: minecraft:village/plains/houses/plains_medium_house_1
[25Dec2025 17:19:57.788] [Render thread/INFO] [Antique Atlas/]: Apply structure piece config: minecraft:village/savanna/houses/savanna_small_farm
[25Dec2025 17:19:57.788] [Render thread/INFO] [Antique Atlas/]: Apply structure piece config: minecraft:village/snowy/houses/snowy_farm_2
[25Dec2025 17:19:57.788] [Render thread/INFO] [Antique Atlas/]: Apply structure piece config: minecraft:village/snowy/houses/snowy_farm_1
[25Dec2025 17:19:57.788] [Render thread/INFO] [Antique Atlas/]: Apply structure piece config: minecraft:village/desert/zombie/streets/turn_01
[25Dec2025 17:19:57.788] [Render thread/INFO] [Antique Atlas/]: Apply structure piece config: minecraft:village/snowy/streets/corner_03
[25Dec2025 17:19:57.788] [Render thread/INFO] [Antique Atlas/]: Apply structure piece config: minecraft:village/snowy/streets/corner_02
[25Dec2025 17:19:57.788] [Render thread/INFO] [Antique Atlas/]: Apply structure piece config: minecraft:village/snowy/streets/corner_01
[25Dec2025 17:19:57.788] [Render thread/INFO] [Antique Atlas/]: Apply structure piece config: minecraft:village/savanna/houses/savanna_armorer_1
[25Dec2025 17:19:57.788] [Render thread/INFO] [Antique Atlas/]: Apply structure piece config: minecraft:village/plains/zombie/houses/plains_animal_pen_3
[25Dec2025 17:19:57.788] [Render thread/INFO] [Antique Atlas/]: Apply structure piece config: minecraft:village/snowy/zombie/town_centers/snowy_meeting_point_2
[25Dec2025 17:19:57.788] [Render thread/INFO] [Antique Atlas/]: Apply structure piece config: minecraft:village/snowy/zombie/town_centers/snowy_meeting_point_3
[25Dec2025 17:19:57.788] [Render thread/INFO] [Antique Atlas/]: Apply structure piece config: minecraft:village/plains/houses/plains_big_house_1
[25Dec2025 17:19:57.788] [Render thread/INFO] [Antique Atlas/]: Apply structure piece config: minecraft:village/desert/houses/desert_medium_house_1
[25Dec2025 17:19:57.788] [Render thread/INFO] [Antique Atlas/]: Apply structure piece config: minecraft:village/desert/houses/desert_medium_house_2
[25Dec2025 17:19:57.788] [Render thread/INFO] [Antique Atlas/]: Apply structure piece config: minecraft:village/snowy/zombie/town_centers/snowy_meeting_point_1
[25Dec2025 17:19:57.788] [Render thread/INFO] [Antique Atlas/]: Apply structure piece config: minecraft:village/desert/houses/desert_animal_pen_1
[25Dec2025 17:19:57.788] [Render thread/INFO] [Antique Atlas/]: Apply structure piece config: minecraft:village/desert/houses/desert_animal_pen_2
[25Dec2025 17:19:57.788] [Render thread/INFO] [Antique Atlas/]: Apply structure piece config: minecraft:village/taiga/houses/taiga_armorer_2
[25Dec2025 17:19:57.788] [Render thread/INFO] [Antique Atlas/]: Apply structure piece config: minecraft:village/plains/houses/plains_animal_pen_3
[25Dec2025 17:19:57.788] [Render thread/INFO] [Antique Atlas/]: Apply structure piece config: minecraft:village/plains/houses/plains_animal_pen_2
[25Dec2025 17:19:57.788] [Render thread/INFO] [Antique Atlas/]: Apply structure piece config: minecraft:village/plains/houses/plains_animal_pen_1
[25Dec2025 17:19:57.788] [Render thread/INFO] [Antique Atlas/]: Apply structure piece config: minecraft:village/plains/zombie/houses/plains_medium_house_1
[25Dec2025 17:19:57.788] [Render thread/INFO] [Antique Atlas/]: Apply structure piece config: minecraft:village/savanna/houses/savanna_cartographer_1
[25Dec2025 17:19:57.788] [Render thread/INFO] [Antique Atlas/]: Apply structure piece config: minecraft:village/plains/zombie/houses/plains_medium_house_2
[25Dec2025 17:19:57.788] [Render thread/INFO] [Antique Atlas/]: Apply structure piece config: minecraft:village/savanna/zombie/streets/split_02
[25Dec2025 17:19:57.788] [Render thread/INFO] [Antique Atlas/]: Apply structure piece config: minecraft:village/taiga/zombie/streets/straight_04
[25Dec2025 17:19:57.788] [Render thread/INFO] [Antique Atlas/]: Apply structure piece config: minecraft:village/savanna/zombie/streets/split_01
[25Dec2025 17:19:57.788] [Render thread/INFO] [Antique Atlas/]: Apply structure piece config: minecraft:village/taiga/zombie/streets/straight_05
[25Dec2025 17:19:57.788] [Render thread/INFO] [Antique Atlas/]: Apply structure piece config: minecraft:village/taiga/zombie/streets/straight_06
[25Dec2025 17:19:57.788] [Render thread/INFO] [Antique Atlas/]: Apply structure piece config: minecraft:village/desert/houses/desert_large_farm_1
[25Dec2025 17:19:57.788] [Render thread/INFO] [Antique Atlas/]: Apply structure piece config: minecraft:village/taiga/taiga_lamp_post_1
[25Dec2025 17:19:57.788] [Render thread/INFO] [Antique Atlas/]: Apply structure piece config: minecraft:village/plains/streets/crossroad_05
[25Dec2025 17:19:57.788] [Render thread/INFO] [Antique Atlas/]: Apply structure piece config: minecraft:village/taiga/houses/taiga_library_1
[25Dec2025 17:19:57.788] [Render thread/INFO] [Antique Atlas/]: Apply structure piece config: minecraft:village/plains/streets/crossroad_04
[25Dec2025 17:19:57.788] [Render thread/INFO] [Antique Atlas/]: Apply structure piece config: minecraft:village/plains/streets/crossroad_06
[25Dec2025 17:19:57.788] [Render thread/INFO] [Antique Atlas/]: Apply structure piece config: minecraft:village/taiga/streets/straight_04
[25Dec2025 17:19:57.788] [Render thread/INFO] [Antique Atlas/]: Apply structure piece config: minecraft:village/taiga/streets/straight_03
[25Dec2025 17:19:57.788] [Render thread/INFO] [Antique Atlas/]: Apply structure piece config: minecraft:village/taiga/zombie/streets/straight_01
[25Dec2025 17:19:57.788] [Render thread/INFO] [Antique Atlas/]: Apply structure piece config: minecraft:village/taiga/zombie/town_centers/taiga_meeting_point_2
[25Dec2025 17:19:57.788] [Render thread/INFO] [Antique Atlas/]: Apply structure piece config: minecraft:village/taiga/streets/straight_06
[25Dec2025 17:19:57.788] [Render thread/INFO] [Antique Atlas/]: Apply structure piece config: minecraft:village/taiga/zombie/streets/straight_02
[25Dec2025 17:19:57.788] [Render thread/INFO] [Antique Atlas/]: Apply structure piece config: minecraft:village/taiga/streets/straight_05
[25Dec2025 17:19:57.788] [Render thread/INFO] [Antique Atlas/]: Apply structure piece config: minecraft:village/taiga/zombie/streets/straight_03
[25Dec2025 17:19:57.788] [Render thread/INFO] [Antique Atlas/]: Apply structure piece config: minecraft:village/taiga/zombie/town_centers/taiga_meeting_point_1
[25Dec2025 17:19:57.788] [Render thread/INFO] [Antique Atlas/]: Apply structure piece config: minecraft:village/plains/streets/crossroad_01
[25Dec2025 17:19:57.788] [Render thread/INFO] [Antique Atlas/]: Apply structure piece config: minecraft:village/desert/houses/desert_weaponsmith_1
[25Dec2025 17:19:57.788] [Render thread/INFO] [Antique Atlas/]: Apply structure piece config: minecraft:village/plains/streets/crossroad_03
[25Dec2025 17:19:57.788] [Render thread/INFO] [Antique Atlas/]: Apply structure piece config: minecraft:village/plains/streets/crossroad_02
[25Dec2025 17:19:57.788] [Render thread/INFO] [Antique Atlas/]: Apply structure piece config: minecraft:village/plains/houses/plains_small_farm_1
[25Dec2025 17:19:57.788] [Render thread/INFO] [Antique Atlas/]: Apply structure piece config: minecraft:village/savanna/houses/savanna_animal_pen_1
[25Dec2025 17:19:57.788] [Render thread/INFO] [Antique Atlas/]: Apply structure piece config: minecraft:village/savanna/houses/savanna_animal_pen_2
[25Dec2025 17:19:57.788] [Render thread/INFO] [Antique Atlas/]: Apply structure piece config: minecraft:village/savanna/houses/savanna_animal_pen_3
[25Dec2025 17:19:57.788] [Render thread/INFO] [Antique Atlas/]: Apply structure piece config: minecraft:village/taiga/streets/straight_02
[25Dec2025 17:19:57.788] [Render thread/INFO] [Antique Atlas/]: Apply structure piece config: minecraft:village/taiga/streets/straight_01
[25Dec2025 17:19:57.788] [Render thread/INFO] [Antique Atlas/]: Apply structure piece config: minecraft:village/snowy/zombie/streets/square_01
[25Dec2025 17:19:57.788] [Render thread/INFO] [Antique Atlas/]: Apply structure piece config: minecraft:village/snowy/houses/snowy_weapon_smith_1
[25Dec2025 17:19:57.788] [Render thread/INFO] [Antique Atlas/]: Apply structure piece config: minecraft:village/taiga/houses/taiga_fisher_cottage_1
[25Dec2025 17:19:57.788] [Render thread/INFO] [Antique Atlas/]: Apply structure piece config: minecraft:village/desert/houses/desert_shepherd_house_1
[25Dec2025 17:19:57.788] [Render thread/INFO] [Antique Atlas/]: Apply structure piece config: minecraft:village/taiga/zombie/houses/taiga_library_1
[25Dec2025 17:19:57.788] [Render thread/INFO] [Antique Atlas/]: Apply structure piece config: minecraft:village/plains/houses/plains_accessory_1
[25Dec2025 17:19:57.788] [Render thread/INFO] [Antique Atlas/]: Apply structure piece config: minecraft:village/savanna/streets/turn_01
[25Dec2025 17:19:57.788] [Render thread/INFO] [Antique Atlas/]: Apply structure piece config: minecraft:village/savanna/houses/savanna_large_farm_1
[25Dec2025 17:19:57.788] [Render thread/INFO] [Antique Atlas/]: Apply structure piece config: minecraft:village/savanna/houses/savanna_large_farm_2
[25Dec2025 17:19:57.788] [Render thread/INFO] [Antique Atlas/]: Apply structure piece config: minecraft:village/plains/zombie/houses/plains_shepherds_house_1
[25Dec2025 17:19:57.788] [Render thread/INFO] [Antique Atlas/]: Apply structure piece config: minecraft:village/savanna/houses/savanna_small_house_3
[25Dec2025 17:19:57.788] [Render thread/INFO] [Antique Atlas/]: Apply structure piece config: minecraft:village/savanna/houses/savanna_small_house_4
[25Dec2025 17:19:57.788] [Render thread/INFO] [Antique Atlas/]: Apply structure piece config: minecraft:village/savanna/houses/savanna_small_house_1
[25Dec2025 17:19:57.789] [Render thread/INFO] [Antique Atlas/]: Apply structure piece config: minecraft:village/savanna/houses/savanna_small_house_2
[25Dec2025 17:19:57.789] [Render thread/INFO] [Antique Atlas/]: Apply structure piece config: minecraft:village/savanna/houses/savanna_small_house_7
[25Dec2025 17:19:57.789] [Render thread/INFO] [Antique Atlas/]: Apply structure piece config: minecraft:village/savanna/houses/savanna_small_house_8
[25Dec2025 17:19:57.789] [Render thread/INFO] [Antique Atlas/]: Apply structure piece config: minecraft:village/savanna/zombie/town_centers/savanna_meeting_point_1
[25Dec2025 17:19:57.789] [Render thread/INFO] [Antique Atlas/]: Apply structure piece config: minecraft:village/savanna/houses/savanna_small_house_5
[25Dec2025 17:19:57.789] [Render thread/INFO] [Antique Atlas/]: Apply structure piece config: minecraft:village/savanna/houses/savanna_small_house_6
[25Dec2025 17:19:57.789] [Render thread/INFO] [Antique Atlas/]: Apply structure piece config: minecraft:village/savanna/zombie/town_centers/savanna_meeting_point_4
[25Dec2025 17:19:57.789] [Render thread/INFO] [Antique Atlas/]: Apply structure piece config: minecraft:village/savanna/zombie/town_centers/savanna_meeting_point_2
[25Dec2025 17:19:57.789] [Render thread/INFO] [Antique Atlas/]: Apply structure piece config: minecraft:village/savanna/zombie/town_centers/savanna_meeting_point_3
[25Dec2025 17:19:57.789] [Render thread/INFO] [Antique Atlas/]: Apply structure piece config: minecraft:village/savanna/houses/savanna_tannery_1
[25Dec2025 17:19:57.789] [Render thread/INFO] [Antique Atlas/]: Apply structure piece config: minecraft:village/plains/houses/plains_shepherds_house_1
[25Dec2025 17:19:57.789] [Render thread/INFO] [Antique Atlas/]: Apply structure piece config: minecraft:village/savanna/zombie/houses/savanna_animal_pen_3
[25Dec2025 17:19:57.789] [Render thread/INFO] [Antique Atlas/]: Apply structure piece config: minecraft:village/savanna/zombie/houses/savanna_animal_pen_2
[25Dec2025 17:19:57.789] [Render thread/INFO] [Antique Atlas/]: Apply structure piece config: minecraft:village/plains/town_centers/plains_meeting_point_3
[25Dec2025 17:19:57.789] [Render thread/INFO] [Antique Atlas/]: Apply structure piece config: minecraft:village/taiga/houses/taiga_shepherds_house_1
[25Dec2025 17:19:57.789] [Render thread/INFO] [Antique Atlas/]: Apply structure piece config: minecraft:village/plains/town_centers/plains_meeting_point_2
[25Dec2025 17:19:57.789] [Render thread/INFO] [Antique Atlas/]: Apply structure piece config: minecraft:village/plains/town_centers/plains_meeting_point_1
[25Dec2025 17:19:57.789] [Render thread/INFO] [Antique Atlas/]: Apply structure piece config: minecraft:village/plains/houses/plains_temple_4
[25Dec2025 17:19:57.789] [Render thread/INFO] [Antique Atlas/]: Apply structure piece config: minecraft:village/savanna/streets/crossroad_02
[25Dec2025 17:19:57.789] [Render thread/INFO] [Antique Atlas/]: Apply structure piece config: minecraft:village/snowy/zombie/houses/snowy_medium_house_2
[25Dec2025 17:19:57.789] [Render thread/INFO] [Antique Atlas/]: Apply structure piece config: minecraft:village/snowy/zombie/houses/snowy_medium_house_3
[25Dec2025 17:19:57.789] [Render thread/INFO] [Antique Atlas/]: Apply structure piece config: minecraft:village/savanna/streets/crossroad_04
[25Dec2025 17:19:57.789] [Render thread/INFO] [Antique Atlas/]: Apply structure piece config: minecraft:village/desert/houses/desert_cartographer_house_1
[25Dec2025 17:19:57.789] [Render thread/INFO] [Antique Atlas/]: Apply structure piece config: minecraft:village/plains/houses/plains_temple_3
[25Dec2025 17:19:57.789] [Render thread/INFO] [Antique Atlas/]: Apply structure piece config: minecraft:village/savanna/streets/crossroad_03
[25Dec2025 17:19:57.789] [Render thread/INFO] [Antique Atlas/]: Apply structure piece config: minecraft:village/snowy/zombie/houses/snowy_medium_house_1
[25Dec2025 17:19:57.789] [Render thread/INFO] [Antique Atlas/]: Apply structure piece config: minecraft:village/desert/zombie/houses/desert_small_house_2
[25Dec2025 17:19:57.789] [Render thread/INFO] [Antique Atlas/]: Apply structure piece config: minecraft:village/desert/zombie/houses/desert_small_house_3
[25Dec2025 17:19:57.789] [Render thread/INFO] [Antique Atlas/]: Apply structure piece config: minecraft:village/taiga/zombie/houses/taiga_fisher_cottage_1
[25Dec2025 17:19:57.789] [Render thread/INFO] [Antique Atlas/]: Apply structure piece config: minecraft:village/desert/zombie/houses/desert_small_house_1
[25Dec2025 17:19:57.789] [Render thread/INFO] [Antique Atlas/]: Apply structure piece config: minecraft:village/desert/zombie/houses/desert_small_house_6
[25Dec2025 17:19:57.789] [Render thread/INFO] [Antique Atlas/]: Apply structure piece config: minecraft:village/desert/zombie/houses/desert_small_house_7
[25Dec2025 17:19:57.789] [Render thread/INFO] [Antique Atlas/]: Apply structure piece config: minecraft:village/taiga/houses/taiga_armorer_house_1
[25Dec2025 17:19:57.789] [Render thread/INFO] [Antique Atlas/]: Apply structure piece config: minecraft:village/desert/zombie/houses/desert_small_house_4
[25Dec2025 17:19:57.789] [Render thread/INFO] [Antique Atlas/]: Apply structure piece config: minecraft:village/desert/zombie/houses/desert_small_house_5
[25Dec2025 17:19:57.789] [Render thread/INFO] [Antique Atlas/]: Apply structure piece config: minecraft:village/desert/zombie/houses/desert_small_house_8
[25Dec2025 17:19:57.789] [Render thread/INFO] [Antique Atlas/]: Apply structure piece config: minecraft:village/snowy/streets/square_01
[25Dec2025 17:19:57.789] [Render thread/INFO] [Antique Atlas/]: Apply structure piece config: minecraft:village/taiga/houses/taiga_cartographer_house_1
[25Dec2025 17:19:57.789] [Render thread/INFO] [Antique Atlas/]: Apply structure piece config: minecraft:village/plains/houses/plains_armorer_house_1
[25Dec2025 17:19:57.789] [Render thread/INFO] [Antique Atlas/]: Apply structure piece config: minecraft:village/taiga/houses/taiga_masons_house_1
[25Dec2025 17:19:57.789] [Render thread/INFO] [Antique Atlas/]: Apply structure piece config: minecraft:village/snowy/zombie/houses/snowy_small_house_8
[25Dec2025 17:19:57.789] [Render thread/INFO] [Antique Atlas/]: Apply structure piece config: minecraft:village/snowy/zombie/houses/snowy_small_house_4
[25Dec2025 17:19:57.789] [Render thread/INFO] [Antique Atlas/]: Apply structure piece config: minecraft:village/snowy/zombie/houses/snowy_small_house_5
[25Dec2025 17:19:57.789] [Render thread/INFO] [Antique Atlas/]: Apply structure piece config: minecraft:village/savanna/zombie/houses/savanna_medium_house_2
[25Dec2025 17:19:57.789] [Render thread/INFO] [Antique Atlas/]: Apply structure piece config: minecraft:village/snowy/zombie/houses/snowy_small_house_6
[25Dec2025 17:19:57.789] [Render thread/INFO] [Antique Atlas/]: Apply structure piece config: minecraft:village/snowy/zombie/houses/snowy_small_house_7
[25Dec2025 17:19:57.789] [Render thread/INFO] [Antique Atlas/]: Apply structure piece config: minecraft:village/plains/streets/turn_01
[25Dec2025 17:19:57.789] [Render thread/INFO] [Antique Atlas/]: Apply structure piece config: minecraft:village/snowy/zombie/houses/snowy_small_house_1
[25Dec2025 17:19:57.789] [Render thread/INFO] [Antique Atlas/]: Apply structure piece config: minecraft:village/snowy/zombie/houses/snowy_small_house_2
[25Dec2025 17:19:57.789] [Render thread/INFO] [Antique Atlas/]: Apply structure piece config: minecraft:village/snowy/zombie/houses/snowy_small_house_3
[25Dec2025 17:19:57.789] [Render thread/INFO] [Antique Atlas/]: Apply structure piece config: minecraft:village/plains/houses/plains_fisher_cottage_1
[25Dec2025 17:19:57.789] [Render thread/INFO] [Antique Atlas/]: Apply structure piece config: minecraft:village/savanna/streets/corner_03
[25Dec2025 17:19:57.789] [Render thread/INFO] [Antique Atlas/]: Apply structure piece config: minecraft:village/snowy/houses/snowy_tool_smith_1
[25Dec2025 17:19:57.789] [Render thread/INFO] [Antique Atlas/]: Apply structure piece config: minecraft:village/snowy/town_centers/snowy_meeting_point_2
[25Dec2025 17:19:57.789] [Render thread/INFO] [Antique Atlas/]: Apply structure piece config: minecraft:village/savanna/streets/corner_01
[25Dec2025 17:19:57.789] [Render thread/INFO] [Antique Atlas/]: Apply structure piece config: minecraft:village/snowy/town_centers/snowy_meeting_point_1
[25Dec2025 17:19:57.789] [Render thread/INFO] [Antique Atlas/]: Apply structure piece config: minecraft:village/savanna/zombie/houses/savanna_medium_house_1
[25Dec2025 17:19:57.789] [Render thread/INFO] [Antique Atlas/]: Apply structure piece config: minecraft:village/savanna/streets/crossroad_06
[25Dec2025 17:19:57.789] [Render thread/INFO] [Antique Atlas/]: Apply structure piece config: minecraft:village/savanna/streets/crossroad_05
[25Dec2025 17:19:57.789] [Render thread/INFO] [Antique Atlas/]: Apply structure piece config: minecraft:village/snowy/town_centers/snowy_meeting_point_3
[25Dec2025 17:19:57.789] [Render thread/INFO] [Antique Atlas/]: Apply structure piece config: minecraft:village/savanna/streets/crossroad_07
[25Dec2025 17:19:57.789] [Render thread/INFO] [Antique Atlas/]: Apply structure piece config: minecraft:village/savanna/houses/savanna_library_1
[25Dec2025 17:19:57.789] [Render thread/INFO] [Antique Atlas/]: Apply structure piece config: minecraft:village/desert/streets/square_02
[25Dec2025 17:19:57.789] [Render thread/INFO] [Antique Atlas/]: Apply structure piece config: minecraft:village/desert/streets/square_01
[25Dec2025 17:19:57.789] [Render thread/INFO] [Antique Atlas/]: Apply structure piece config: minecraft:village/savanna/streets/split_01
[25Dec2025 17:19:57.789] [Render thread/INFO] [Antique Atlas/]: Apply structure piece config: minecraft:village/savanna/streets/split_02
[25Dec2025 17:19:57.789] [Render thread/INFO] [Antique Atlas/]: Apply structure piece config: minecraft:village/savanna/houses/savanna_medium_house_1
[25Dec2025 17:19:57.789] [Render thread/INFO] [Antique Atlas/]: Apply structure piece config: minecraft:village/taiga/zombie/streets/crossroad_02
[25Dec2025 17:19:57.789] [Render thread/INFO] [Antique Atlas/]: Apply structure piece config: minecraft:village/savanna/houses/savanna_medium_house_2
[25Dec2025 17:19:57.789] [Render thread/INFO] [Antique Atlas/]: Apply structure piece config: minecraft:village/taiga/zombie/streets/crossroad_03
[25Dec2025 17:19:57.789] [Render thread/INFO] [Antique Atlas/]: Apply structure piece config: minecraft:village/taiga/zombie/streets/crossroad_04
[25Dec2025 17:19:57.789] [Render thread/INFO] [Antique Atlas/]: Apply structure piece config: minecraft:village/taiga/zombie/streets/crossroad_05
[25Dec2025 17:19:57.789] [Render thread/INFO] [Antique Atlas/]: Apply structure piece config: minecraft:village/taiga/zombie/streets/crossroad_06
[25Dec2025 17:19:57.789] [Render thread/INFO] [Antique Atlas/]: Apply structure piece config: minecraft:village/plains/zombie/streets/turn_01
[25Dec2025 17:19:57.789] [Render thread/INFO] [Antique Atlas/]: Apply structure piece config: minecraft:village/savanna/zombie/houses/savanna_small_house_4
[25Dec2025 17:19:57.789] [Render thread/INFO] [Antique Atlas/]: Apply structure piece config: minecraft:village/plains/houses/plains_fletcher_house_1
[25Dec2025 17:19:57.789] [Render thread/INFO] [Antique Atlas/]: Apply structure piece config: minecraft:village/savanna/zombie/houses/savanna_small_house_5
[25Dec2025 17:19:57.789] [Render thread/INFO] [Antique Atlas/]: Apply structure piece config: minecraft:village/savanna/zombie/houses/savanna_small_house_6
[25Dec2025 17:19:57.789] [Render thread/INFO] [Antique Atlas/]: Apply structure piece config: minecraft:village/taiga/town_centers/taiga_meeting_point_1
[25Dec2025 17:19:57.789] [Render thread/INFO] [Antique Atlas/]: Apply structure piece config: minecraft:village/savanna/zombie/houses/savanna_small_house_7
[25Dec2025 17:19:57.789] [Render thread/INFO] [Antique Atlas/]: Apply structure piece config: minecraft:village/taiga/town_centers/taiga_meeting_point_2
[25Dec2025 17:19:57.789] [Render thread/INFO] [Antique Atlas/]: Apply structure piece config: minecraft:village/plains/plains_lamp_1
[25Dec2025 17:19:57.789] [Render thread/INFO] [Antique Atlas/]: Apply structure piece config: minecraft:village/savanna/zombie/houses/savanna_small_house_1
[25Dec2025 17:19:57.789] [Render thread/INFO] [Antique Atlas/]: Apply structure piece config: minecraft:village/savanna/zombie/houses/savanna_small_house_2
[25Dec2025 17:19:57.789] [Render thread/INFO] [Antique Atlas/]: Apply structure piece config: minecraft:village/plains/zombie/town_centers/plains_fountain_01
[25Dec2025 17:19:57.789] [Render thread/INFO] [Antique Atlas/]: Apply structure piece config: minecraft:village/savanna/zombie/houses/savanna_small_house_3
[25Dec2025 17:19:57.789] [Render thread/INFO] [Antique Atlas/]: Apply structure piece config: minecraft:village/plains/houses/plains_tannery_1
[25Dec2025 17:19:57.789] [Render thread/INFO] [Antique Atlas/]: Apply structure piece config: minecraft:village/taiga/zombie/streets/crossroad_01
[25Dec2025 17:19:57.789] [Render thread/INFO] [Antique Atlas/]: Apply structure piece config: minecraft:village/taiga/houses/taiga_tool_smith_1
[25Dec2025 17:19:57.789] [Render thread/INFO] [Antique Atlas/]: Apply structure piece config: minecraft:village/plains/zombie/streets/corner_01
[25Dec2025 17:19:57.789] [Render thread/INFO] [Antique Atlas/]: Apply structure piece config: minecraft:village/desert/houses/desert_fisher_1
[25Dec2025 17:19:57.789] [Render thread/INFO] [Antique Atlas/]: Apply structure piece config: minecraft:village/plains/zombie/streets/corner_02
[25Dec2025 17:19:57.789] [Render thread/INFO] [Antique Atlas/]: Apply structure piece config: minecraft:village/plains/zombie/streets/corner_03
[25Dec2025 17:19:57.789] [Render thread/INFO] [Antique Atlas/]: Apply structure piece config: minecraft:village/taiga/houses/taiga_temple_1
[25Dec2025 17:19:57.789] [Render thread/INFO] [Antique Atlas/]: Apply structure piece config: minecraft:village/desert/houses/desert_tool_smith_1
[25Dec2025 17:19:57.789] [Render thread/INFO] [Antique Atlas/]: Apply structure piece config: minecraft:village/taiga/houses/taiga_small_farm_1
[25Dec2025 17:19:57.790] [Render thread/INFO] [Antique Atlas/]: Apply structure piece config: minecraft:village/plains/zombie/houses/plains_meeting_point_4
[25Dec2025 17:19:57.790] [Render thread/INFO] [Antique Atlas/]: Apply structure piece config: minecraft:village/plains/zombie/houses/plains_meeting_point_5
[25Dec2025 17:19:57.790] [Render thread/INFO] [Antique Atlas/]: Apply structure piece config: minecraft:village/snowy/houses/snowy_armorer_house_2
[25Dec2025 17:19:57.790] [Render thread/INFO] [Antique Atlas/]: Apply structure piece config: minecraft:village/snowy/houses/snowy_armorer_house_1
[25Dec2025 17:19:57.790] [Render thread/INFO] [Antique Atlas/]: Apply structure piece config: minecraft:village/taiga/zombie/houses/taiga_tool_smith_1
[25Dec2025 17:19:57.790] [Render thread/INFO] [Antique Atlas/]: Apply structure piece config: minecraft:village/savanna/zombie/houses/savanna_small_house_8
[25Dec2025 17:19:57.790] [Render thread/INFO] [Antique Atlas/]: Apply structure piece config: minecraft:village/plains/zombie/town_centers/plains_meeting_point_1
[25Dec2025 17:19:57.790] [Render thread/INFO] [Antique Atlas/]: Apply structure piece config: minecraft:village/plains/zombie/town_centers/plains_meeting_point_3
[25Dec2025 17:19:57.790] [Render thread/INFO] [Antique Atlas/]: Apply structure piece config: minecraft:village/plains/zombie/town_centers/plains_meeting_point_2
[25Dec2025 17:19:57.790] [Render thread/INFO] [Antique Atlas/]: Apply structure piece config: minecraft:village/desert/houses/desert_fletcher_house_1
[25Dec2025 17:19:57.790] [Render thread/INFO] [Antique Atlas/]: Apply structure piece config: minecraft:village/snowy/streets/crossroad_04
[25Dec2025 17:19:57.790] [Render thread/INFO] [Antique Atlas/]: Apply structure piece config: minecraft:village/snowy/streets/crossroad_03
[25Dec2025 17:19:57.790] [Render thread/INFO] [Antique Atlas/]: Apply structure piece config: minecraft:village/snowy/streets/crossroad_06
[25Dec2025 17:19:57.790] [Render thread/INFO] [Antique Atlas/]: Apply structure piece config: minecraft:village/snowy/streets/crossroad_05
[25Dec2025 17:19:57.790] [Render thread/INFO] [Antique Atlas/]: Apply structure piece config: minecraft:village/savanna/houses/savanna_tool_smith_1
[25Dec2025 17:19:57.790] [Render thread/INFO] [Antique Atlas/]: Apply structure piece config: minecraft:village/snowy/streets/crossroad_02
[25Dec2025 17:19:57.790] [Render thread/INFO] [Antique Atlas/]: Apply structure piece config: minecraft:village/savanna/zombie/streets/turn_01
[25Dec2025 17:19:57.790] [Render thread/INFO] [Antique Atlas/]: Apply structure piece config: minecraft:village/snowy/streets/crossroad_01
[25Dec2025 17:19:59.343] [Render thread/INFO] [EMI/]: [EMI] Recipes synchronized, waiting for tags to reload EMI...
[25Dec2025 17:19:59.365] [Server thread/INFO] [net.minecraft.client.server.IntegratedServer/]: Starting integrated minecraft server version 1.21.1
[25Dec2025 17:19:59.365] [Server thread/INFO] [net.minecraft.server.MinecraftServer/]: Generating keypair
[25Dec2025 17:19:59.454] [Server thread/INFO] [DistantHorizons-DistantHorizons-com.seibel.distanthorizons.core.world.AbstractDhWorld/]: Started DhWorld of type CLIENT_SERVER
[25Dec2025 17:19:59.454] [Server thread/INFO] [DistantHorizons-DistantHorizons-com.seibel.distanthorizons.core.util.threading.PriorityTaskPicker/]: Shutting down PriorityTaskPicker thread pool...
[25Dec2025 17:19:59.500] [Server thread/INFO] [DistantHorizons-DistantHorizons-com.seibel.distanthorizons.neoforge.NeoforgeClientProxy/]: level load
[25Dec2025 17:19:59.510] [Server thread/INFO] [DistantHorizons-DistantHorizons-com.seibel.distanthorizons.core.sql.DatabaseUpdater/]: Running SQL update script: [sqlScripts/0010-sqlite-createInitialDataTables.sql], for repo: [/home/wasabi/workspace/Games/Crystal-Launcher/instances/u.aiki/.minecraft/saves/TEST/data/DistantHorizons.sqlite]
[25Dec2025 17:19:59.528] [Server thread/INFO] [DistantHorizons-DistantHorizons-com.seibel.distanthorizons.core.sql.DatabaseUpdater/]: Running SQL update script: [sqlScripts/0020-sqlite-createFullDataSourceV2Tables.sql], for repo: [/home/wasabi/workspace/Games/Crystal-Launcher/instances/u.aiki/.minecraft/saves/TEST/data/DistantHorizons.sqlite]
[25Dec2025 17:19:59.544] [Server thread/INFO] [DistantHorizons-DistantHorizons-com.seibel.distanthorizons.core.sql.DatabaseUpdater/]: Running SQL update script: [sqlScripts/0030-sqlite-changeTableJournaling.sql], for repo: [/home/wasabi/workspace/Games/Crystal-Launcher/instances/u.aiki/.minecraft/saves/TEST/data/DistantHorizons.sqlite]
[25Dec2025 17:19:59.554] [Server thread/INFO] [DistantHorizons-DistantHorizons-com.seibel.distanthorizons.core.sql.DatabaseUpdater/]: Running SQL update script: [sqlScripts/0031-sqlite-useSqliteWalJournaling.sql], for repo: [/home/wasabi/workspace/Games/Crystal-Launcher/instances/u.aiki/.minecraft/saves/TEST/data/DistantHorizons.sqlite]
[25Dec2025 17:19:59.567] [Server thread/INFO] [DistantHorizons-DistantHorizons-com.seibel.distanthorizons.core.sql.DatabaseUpdater/]: Running SQL update script: [sqlScripts/0040-sqlite-removeRenderCache.sql], for repo: [/home/wasabi/workspace/Games/Crystal-Launcher/instances/u.aiki/.minecraft/saves/TEST/data/DistantHorizons.sqlite]
[25Dec2025 17:19:59.573] [Server thread/INFO] [DistantHorizons-DistantHorizons-com.seibel.distanthorizons.core.sql.DatabaseUpdater/]: Running SQL update script: [sqlScripts/0050-sqlite-addApplyToParentIndex.sql], for repo: [/home/wasabi/workspace/Games/Crystal-Launcher/instances/u.aiki/.minecraft/saves/TEST/data/DistantHorizons.sqlite]
[25Dec2025 17:19:59.579] [Server thread/INFO] [DistantHorizons-DistantHorizons-com.seibel.distanthorizons.core.sql.DatabaseUpdater/]: Running SQL update script: [sqlScripts/0060-sqlite-createChunkHashTable.sql], for repo: [/home/wasabi/workspace/Games/Crystal-Launcher/instances/u.aiki/.minecraft/saves/TEST/data/DistantHorizons.sqlite]
[25Dec2025 17:19:59.585] [Server thread/INFO] [DistantHorizons-DistantHorizons-com.seibel.distanthorizons.core.sql.DatabaseUpdater/]: Running SQL update script: [sqlScripts/0070-sqlite-createBeaconBeamTable.sql], for repo: [/home/wasabi/workspace/Games/Crystal-Launcher/instances/u.aiki/.minecraft/saves/TEST/data/DistantHorizons.sqlite]
[25Dec2025 17:19:59.590] [Server thread/INFO] [DistantHorizons-DistantHorizons-com.seibel.distanthorizons.core.sql.DatabaseUpdater/]: Running SQL update script: [sqlScripts/0080-sqlite-addApplyToChildrenColumn.sql], for repo: [/home/wasabi/workspace/Games/Crystal-Launcher/instances/u.aiki/.minecraft/saves/TEST/data/DistantHorizons.sqlite]
[25Dec2025 17:19:59.596] [Server thread/INFO] [DistantHorizons-DistantHorizons-com.seibel.distanthorizons.core.sql.DatabaseUpdater/]: Running SQL update script: [sqlScripts/0090-sqlite-addAdjacentFullDataColumns.sql], for repo: [/home/wasabi/workspace/Games/Crystal-Launcher/instances/u.aiki/.minecraft/saves/TEST/data/DistantHorizons.sqlite]
[25Dec2025 17:19:59.604] [DH-Full Data Migration Thread[0]/INFO] [DistantHorizons-DistantHorizons-com.seibel.distanthorizons.core.file.fullDatafile.V2.DataMigratorV1/]: No migration necessary.
[25Dec2025 17:19:59.608] [Server thread/INFO] [DistantHorizons-DistantHorizons-com.seibel.distanthorizons.core.level.AbstractDhServerLevel/]: Started DhClientServerLevel for [Wrapped{ServerLevel[TEST]@minecraft:overworld}] at [[LocalSaveStructure@(/home/wasabi/workspace/Games/Crystal-Launcher/instances/u.aiki/.minecraft/saves/TEST/data)]].
[25Dec2025 17:19:59.614] [Server thread/INFO] [DistantHorizons-DistantHorizons-com.seibel.distanthorizons.neoforge.NeoforgeClientProxy/]: level load
[25Dec2025 17:19:59.623] [Server thread/INFO] [DistantHorizons-DistantHorizons-com.seibel.distanthorizons.core.sql.DatabaseUpdater/]: Running SQL update script: [sqlScripts/0010-sqlite-createInitialDataTables.sql], for repo: [/home/wasabi/workspace/Games/Crystal-Launcher/instances/u.aiki/.minecraft/saves/TEST/DIM-1/data/DistantHorizons.sqlite]
[25Dec2025 17:19:59.639] [Server thread/INFO] [DistantHorizons-DistantHorizons-com.seibel.distanthorizons.core.sql.DatabaseUpdater/]: Running SQL update script: [sqlScripts/0020-sqlite-createFullDataSourceV2Tables.sql], for repo: [/home/wasabi/workspace/Games/Crystal-Launcher/instances/u.aiki/.minecraft/saves/TEST/DIM-1/data/DistantHorizons.sqlite]
[25Dec2025 17:19:59.656] [Server thread/INFO] [DistantHorizons-DistantHorizons-com.seibel.distanthorizons.core.sql.DatabaseUpdater/]: Running SQL update script: [sqlScripts/0030-sqlite-changeTableJournaling.sql], for repo: [/home/wasabi/workspace/Games/Crystal-Launcher/instances/u.aiki/.minecraft/saves/TEST/DIM-1/data/DistantHorizons.sqlite]
[25Dec2025 17:19:59.665] [Server thread/INFO] [DistantHorizons-DistantHorizons-com.seibel.distanthorizons.core.sql.DatabaseUpdater/]: Running SQL update script: [sqlScripts/0031-sqlite-useSqliteWalJournaling.sql], for repo: [/home/wasabi/workspace/Games/Crystal-Launcher/instances/u.aiki/.minecraft/saves/TEST/DIM-1/data/DistantHorizons.sqlite]
[25Dec2025 17:19:59.677] [Server thread/INFO] [DistantHorizons-DistantHorizons-com.seibel.distanthorizons.core.sql.DatabaseUpdater/]: Running SQL update script: [sqlScripts/0040-sqlite-removeRenderCache.sql], for repo: [/home/wasabi/workspace/Games/Crystal-Launcher/instances/u.aiki/.minecraft/saves/TEST/DIM-1/data/DistantHorizons.sqlite]
[25Dec2025 17:19:59.682] [Server thread/INFO] [DistantHorizons-DistantHorizons-com.seibel.distanthorizons.core.sql.DatabaseUpdater/]: Running SQL update script: [sqlScripts/0050-sqlite-addApplyToParentIndex.sql], for repo: [/home/wasabi/workspace/Games/Crystal-Launcher/instances/u.aiki/.minecraft/saves/TEST/DIM-1/data/DistantHorizons.sqlite]
[25Dec2025 17:19:59.688] [Server thread/INFO] [DistantHorizons-DistantHorizons-com.seibel.distanthorizons.core.sql.DatabaseUpdater/]: Running SQL update script: [sqlScripts/0060-sqlite-createChunkHashTable.sql], for repo: [/home/wasabi/workspace/Games/Crystal-Launcher/instances/u.aiki/.minecraft/saves/TEST/DIM-1/data/DistantHorizons.sqlite]
[25Dec2025 17:19:59.694] [Server thread/INFO] [DistantHorizons-DistantHorizons-com.seibel.distanthorizons.core.sql.DatabaseUpdater/]: Running SQL update script: [sqlScripts/0070-sqlite-createBeaconBeamTable.sql], for repo: [/home/wasabi/workspace/Games/Crystal-Launcher/instances/u.aiki/.minecraft/saves/TEST/DIM-1/data/DistantHorizons.sqlite]
[25Dec2025 17:19:59.700] [Server thread/INFO] [DistantHorizons-DistantHorizons-com.seibel.distanthorizons.core.sql.DatabaseUpdater/]: Running SQL update script: [sqlScripts/0080-sqlite-addApplyToChildrenColumn.sql], for repo: [/home/wasabi/workspace/Games/Crystal-Launcher/instances/u.aiki/.minecraft/saves/TEST/DIM-1/data/DistantHorizons.sqlite]
[25Dec2025 17:19:59.705] [Server thread/INFO] [DistantHorizons-DistantHorizons-com.seibel.distanthorizons.core.sql.DatabaseUpdater/]: Running SQL update script: [sqlScripts/0090-sqlite-addAdjacentFullDataColumns.sql], for repo: [/home/wasabi/workspace/Games/Crystal-Launcher/instances/u.aiki/.minecraft/saves/TEST/DIM-1/data/DistantHorizons.sqlite]
[25Dec2025 17:19:59.713] [DH-Full Data Migration Thread[0]/INFO] [DistantHorizons-DistantHorizons-com.seibel.distanthorizons.core.file.fullDatafile.V2.DataMigratorV1/]: No migration necessary.
[25Dec2025 17:19:59.715] [Server thread/INFO] [DistantHorizons-DistantHorizons-com.seibel.distanthorizons.core.level.AbstractDhServerLevel/]: Started DhClientServerLevel for [Wrapped{ServerLevel[TEST]@minecraft:the_nether}] at [[LocalSaveStructure@(/home/wasabi/workspace/Games/Crystal-Launcher/instances/u.aiki/.minecraft/saves/TEST/data;/home/wasabi/workspace/Games/Crystal-Launcher/instances/u.aiki/.minecraft/saves/TEST/DIM-1/data)]].
[25Dec2025 17:19:59.717] [Server thread/INFO] [DistantHorizons-DistantHorizons-com.seibel.distanthorizons.neoforge.NeoforgeClientProxy/]: level load
[25Dec2025 17:19:59.726] [Server thread/INFO] [DistantHorizons-DistantHorizons-com.seibel.distanthorizons.core.sql.DatabaseUpdater/]: Running SQL update script: [sqlScripts/0010-sqlite-createInitialDataTables.sql], for repo: [/home/wasabi/workspace/Games/Crystal-Launcher/instances/u.aiki/.minecraft/saves/TEST/DIM1/data/DistantHorizons.sqlite]
[25Dec2025 17:19:59.743] [Server thread/INFO] [DistantHorizons-DistantHorizons-com.seibel.distanthorizons.core.sql.DatabaseUpdater/]: Running SQL update script: [sqlScripts/0020-sqlite-createFullDataSourceV2Tables.sql], for repo: [/home/wasabi/workspace/Games/Crystal-Launcher/instances/u.aiki/.minecraft/saves/TEST/DIM1/data/DistantHorizons.sqlite]
[25Dec2025 17:19:59.763] [Server thread/INFO] [DistantHorizons-DistantHorizons-com.seibel.distanthorizons.core.sql.DatabaseUpdater/]: Running SQL update script: [sqlScripts/0030-sqlite-changeTableJournaling.sql], for repo: [/home/wasabi/workspace/Games/Crystal-Launcher/instances/u.aiki/.minecraft/saves/TEST/DIM1/data/DistantHorizons.sqlite]
[25Dec2025 17:19:59.773] [Server thread/INFO] [DistantHorizons-DistantHorizons-com.seibel.distanthorizons.core.sql.DatabaseUpdater/]: Running SQL update script: [sqlScripts/0031-sqlite-useSqliteWalJournaling.sql], for repo: [/home/wasabi/workspace/Games/Crystal-Launcher/instances/u.aiki/.minecraft/saves/TEST/DIM1/data/DistantHorizons.sqlite]
[25Dec2025 17:19:59.786] [Server thread/INFO] [DistantHorizons-DistantHorizons-com.seibel.distanthorizons.core.sql.DatabaseUpdater/]: Running SQL update script: [sqlScripts/0040-sqlite-removeRenderCache.sql], for repo: [/home/wasabi/workspace/Games/Crystal-Launcher/instances/u.aiki/.minecraft/saves/TEST/DIM1/data/DistantHorizons.sqlite]
[25Dec2025 17:19:59.792] [Server thread/INFO] [DistantHorizons-DistantHorizons-com.seibel.distanthorizons.core.sql.DatabaseUpdater/]: Running SQL update script: [sqlScripts/0050-sqlite-addApplyToParentIndex.sql], for repo: [/home/wasabi/workspace/Games/Crystal-Launcher/instances/u.aiki/.minecraft/saves/TEST/DIM1/data/DistantHorizons.sqlite]
[25Dec2025 17:19:59.798] [Server thread/INFO] [DistantHorizons-DistantHorizons-com.seibel.distanthorizons.core.sql.DatabaseUpdater/]: Running SQL update script: [sqlScripts/0060-sqlite-createChunkHashTable.sql], for repo: [/home/wasabi/workspace/Games/Crystal-Launcher/instances/u.aiki/.minecraft/saves/TEST/DIM1/data/DistantHorizons.sqlite]
[25Dec2025 17:19:59.803] [Server thread/INFO] [DistantHorizons-DistantHorizons-com.seibel.distanthorizons.core.sql.DatabaseUpdater/]: Running SQL update script: [sqlScripts/0070-sqlite-createBeaconBeamTable.sql], for repo: [/home/wasabi/workspace/Games/Crystal-Launcher/instances/u.aiki/.minecraft/saves/TEST/DIM1/data/DistantHorizons.sqlite]
[25Dec2025 17:19:59.808] [Server thread/INFO] [DistantHorizons-DistantHorizons-com.seibel.distanthorizons.core.sql.DatabaseUpdater/]: Running SQL update script: [sqlScripts/0080-sqlite-addApplyToChildrenColumn.sql], for repo: [/home/wasabi/workspace/Games/Crystal-Launcher/instances/u.aiki/.minecraft/saves/TEST/DIM1/data/DistantHorizons.sqlite]
[25Dec2025 17:19:59.813] [Server thread/INFO] [DistantHorizons-DistantHorizons-com.seibel.distanthorizons.core.sql.DatabaseUpdater/]: Running SQL update script: [sqlScripts/0090-sqlite-addAdjacentFullDataColumns.sql], for repo: [/home/wasabi/workspace/Games/Crystal-Launcher/instances/u.aiki/.minecraft/saves/TEST/DIM1/data/DistantHorizons.sqlite]
[25Dec2025 17:19:59.827] [DH-Full Data Migration Thread[0]/INFO] [DistantHorizons-DistantHorizons-com.seibel.distanthorizons.core.file.fullDatafile.V2.DataMigratorV1/]: No migration necessary.
[25Dec2025 17:19:59.835] [Server thread/INFO] [DistantHorizons-DistantHorizons-com.seibel.distanthorizons.core.level.AbstractDhServerLevel/]: Started DhClientServerLevel for [Wrapped{ServerLevel[TEST]@minecraft:the_end}] at [[LocalSaveStructure@(/home/wasabi/workspace/Games/Crystal-Launcher/instances/u.aiki/.minecraft/saves/TEST/DIM1/data;/home/wasabi/workspace/Games/Crystal-Launcher/instances/u.aiki/.minecraft/saves/TEST/data;/home/wasabi/workspace/Games/Crystal-Launcher/instances/u.aiki/.minecraft/saves/TEST/DIM-1/data)]].
[25Dec2025 17:20:00.083] [Server thread/INFO] [DistantHorizons-DistantHorizons-com.seibel.distanthorizons.neoforge.NeoforgeClientProxy/]: level load
[25Dec2025 17:20:00.092] [Server thread/INFO] [DistantHorizons-DistantHorizons-com.seibel.distanthorizons.core.sql.DatabaseUpdater/]: Running SQL update script: [sqlScripts/0010-sqlite-createInitialDataTables.sql], for repo: [/home/wasabi/workspace/Games/Crystal-Launcher/instances/u.aiki/.minecraft/saves/TEST/dimensions/ae2/spatial_storage/data/DistantHorizons.sqlite]
[25Dec2025 17:20:00.107] [Server thread/INFO] [DistantHorizons-DistantHorizons-com.seibel.distanthorizons.core.sql.DatabaseUpdater/]: Running SQL update script: [sqlScripts/0020-sqlite-createFullDataSourceV2Tables.sql], for repo: [/home/wasabi/workspace/Games/Crystal-Launcher/instances/u.aiki/.minecraft/saves/TEST/dimensions/ae2/spatial_storage/data/DistantHorizons.sqlite]
[25Dec2025 17:20:00.121] [Server thread/INFO] [DistantHorizons-DistantHorizons-com.seibel.distanthorizons.core.sql.DatabaseUpdater/]: Running SQL update script: [sqlScripts/0030-sqlite-changeTableJournaling.sql], for repo: [/home/wasabi/workspace/Games/Crystal-Launcher/instances/u.aiki/.minecraft/saves/TEST/dimensions/ae2/spatial_storage/data/DistantHorizons.sqlite]
[25Dec2025 17:20:00.132] [Server thread/INFO] [DistantHorizons-DistantHorizons-com.seibel.distanthorizons.core.sql.DatabaseUpdater/]: Running SQL update script: [sqlScripts/0031-sqlite-useSqliteWalJournaling.sql], for repo: [/home/wasabi/workspace/Games/Crystal-Launcher/instances/u.aiki/.minecraft/saves/TEST/dimensions/ae2/spatial_storage/data/DistantHorizons.sqlite]
[25Dec2025 17:20:00.146] [Server thread/INFO] [DistantHorizons-DistantHorizons-com.seibel.distanthorizons.core.sql.DatabaseUpdater/]: Running SQL update script: [sqlScripts/0040-sqlite-removeRenderCache.sql], for repo: [/home/wasabi/workspace/Games/Crystal-Launcher/instances/u.aiki/.minecraft/saves/TEST/dimensions/ae2/spatial_storage/data/DistantHorizons.sqlite]
[25Dec2025 17:20:00.151] [Server thread/INFO] [DistantHorizons-DistantHorizons-com.seibel.distanthorizons.core.sql.DatabaseUpdater/]: Running SQL update script: [sqlScripts/0050-sqlite-addApplyToParentIndex.sql], for repo: [/home/wasabi/workspace/Games/Crystal-Launcher/instances/u.aiki/.minecraft/saves/TEST/dimensions/ae2/spatial_storage/data/DistantHorizons.sqlite]
[25Dec2025 17:20:00.157] [Server thread/INFO] [DistantHorizons-DistantHorizons-com.seibel.distanthorizons.core.sql.DatabaseUpdater/]: Running SQL update script: [sqlScripts/0060-sqlite-createChunkHashTable.sql], for repo: [/home/wasabi/workspace/Games/Crystal-Launcher/instances/u.aiki/.minecraft/saves/TEST/dimensions/ae2/spatial_storage/data/DistantHorizons.sqlite]
[25Dec2025 17:20:00.163] [Server thread/INFO] [DistantHorizons-DistantHorizons-com.seibel.distanthorizons.core.sql.DatabaseUpdater/]: Running SQL update script: [sqlScripts/0070-sqlite-createBeaconBeamTable.sql], for repo: [/home/wasabi/workspace/Games/Crystal-Launcher/instances/u.aiki/.minecraft/saves/TEST/dimensions/ae2/spatial_storage/data/DistantHorizons.sqlite]
[25Dec2025 17:20:00.169] [Server thread/INFO] [DistantHorizons-DistantHorizons-com.seibel.distanthorizons.core.sql.DatabaseUpdater/]: Running SQL update script: [sqlScripts/0080-sqlite-addApplyToChildrenColumn.sql], for repo: [/home/wasabi/workspace/Games/Crystal-Launcher/instances/u.aiki/.minecraft/saves/TEST/dimensions/ae2/spatial_storage/data/DistantHorizons.sqlite]
[25Dec2025 17:20:00.175] [Server thread/INFO] [DistantHorizons-DistantHorizons-com.seibel.distanthorizons.core.sql.DatabaseUpdater/]: Running SQL update script: [sqlScripts/0090-sqlite-addAdjacentFullDataColumns.sql], for repo: [/home/wasabi/workspace/Games/Crystal-Launcher/instances/u.aiki/.minecraft/saves/TEST/dimensions/ae2/spatial_storage/data/DistantHorizons.sqlite]
[25Dec2025 17:20:00.182] [DH-Full Data Migration Thread[0]/INFO] [DistantHorizons-DistantHorizons-com.seibel.distanthorizons.core.file.fullDatafile.V2.DataMigratorV1/]: No migration necessary.
[25Dec2025 17:20:00.184] [Server thread/INFO] [DistantHorizons-DistantHorizons-com.seibel.distanthorizons.core.level.AbstractDhServerLevel/]: Started DhClientServerLevel for [Wrapped{ServerLevel[TEST]@ae2:spatial_storage}] at [[LocalSaveStructure@(/home/wasabi/workspace/Games/Crystal-Launcher/instances/u.aiki/.minecraft/saves/TEST/DIM1/data;/home/wasabi/workspace/Games/Crystal-Launcher/instances/u.aiki/.minecraft/saves/TEST/data;/home/wasabi/workspace/Games/Crystal-Launcher/instances/u.aiki/.minecraft/saves/TEST/dimensions/ae2/spatial_storage/data;/home/wasabi/workspace/Games/Crystal-Launcher/instances/u.aiki/.minecraft/saves/TEST/DIM-1/data)]].
[25Dec2025 17:20:00.185] [Server thread/INFO] [net.minecraft.server.MinecraftServer/]: Preparing start region for dimension minecraft:overworld
[25Dec2025 17:20:00.212] [Render thread/INFO] [net.minecraft.server.level.progress.LoggerChunkProgressListener/]: Preparing spawn area: 0%
[25Dec2025 17:20:00.256] [Server thread/INFO] [net.neoforged.neoforge.server.permission.PermissionAPI/]: Successfully initialized permission handler neoforge:default_handler
[25Dec2025 17:20:00.262] [Render thread/INFO] [net.minecraft.server.level.progress.LoggerChunkProgressListener/]: Time elapsed: 67 ms
[25Dec2025 17:20:00.407] [Server thread/INFO] [gripe._90.megacells.misc.CompressionService/]: Initialised bulk compression. 58 compression chains gathered.
[25Dec2025 17:20:00.424] [Server thread/INFO] [immersiveengineering/]: Couldn't fully analyze 1 mekanism:free_runners_armored, missing knowledge for {1 mekanism:free_runners=1.0}
[25Dec2025 17:20:00.424] [Server thread/INFO] [immersiveengineering/]: Finished recipe profiler for Arc Recycling, took 17 milliseconds
[25Dec2025 17:20:00.469] [Server thread/INFO] [net.minecraft.client.server.IntegratedServer/]: Changing view distance to 32, from 10
[25Dec2025 17:20:00.469] [Server thread/INFO] [net.minecraft.client.server.IntegratedServer/]: Changing simulation distance to 5, from 0
[25Dec2025 17:20:00.607] [Render thread/INFO] [EMI/]: [EMI] Recipes synchronized, waiting for tags to reload EMI...
[25Dec2025 17:20:00.623] [Server thread/INFO] [net.minecraft.server.players.PlayerList/]: wasabi[local:E:a09725d1] logged in with entity id 4906 at (20.724103403158047, 178.0, -1.491909479750674)
[25Dec2025 17:20:00.637] [Server thread/INFO] [net.minecraft.server.MinecraftServer/]: wasabi joined the game
[25Dec2025 17:20:00.651] [Server thread/INFO] [antiqueatlas/]: Sent markers data #-1 to player wasabi
[25Dec2025 17:20:00.651] [Server thread/INFO] [antiqueatlas/]: Sent custom biome data to player wasabi
[25Dec2025 17:20:00.651] [Server thread/INFO] [antiqueatlas/]: Sent custom biome data to player wasabi
[25Dec2025 17:20:00.651] [Server thread/INFO] [antiqueatlas/]: Sent custom biome data to player wasabi
[25Dec2025 17:20:00.651] [Server thread/INFO] [antiqueatlas/]: Sent custom biome data to player wasabi
[25Dec2025 17:20:00.658] [Netty Server IO #3/INFO] [immersiveengineering/]: Recipes for potions: minecraft:slowness, minecraft:strong_leaping, minecraft:long_turtle_master, minecraft:long_fire_resistance, minecraft:strong_regeneration, minecraft:infested, minecraft:swiftness, minecraft:healing, minecraft:strong_slowness, minecraft:invisibility, minecraft:long_strength, minecraft:oozing, minecraft:strong_poison, minecraft:long_water_breathing, minecraft:long_slow_falling, minecraft:regeneration, minecraft:slow_falling, minecraft:long_invisibility, minecraft:leaping, minecraft:wind_charged, minecraft:night_vision, minecraft:long_night_vision, minecraft:strong_turtle_master, minecraft:harming, minecraft:strength, minecraft:poison, minecraft:weaving, minecraft:strong_swiftness, minecraft:fire_resistance, minecraft:turtle_master, minecraft:long_weakness, minecraft:water_breathing, minecraft:long_swiftness, minecraft:awkward, minecraft:water, minecraft:long_slowness, minecraft:weakness, minecraft:strong_harming, minecraft:long_poison, minecraft:long_leaping, minecraft:long_regeneration, minecraft:strong_strength, minecraft:strong_healing
[25Dec2025 17:20:00.663] [Server thread/INFO] [DistantHorizons-DistantHorizons-com.seibel.distanthorizons.core.api.internal.ServerApi/]: Player [wasabi] joined.
[25Dec2025 17:20:00.668] [DH-Request Module Ticker [minecraft:overworld] Thread[0]/INFO] [DistantHorizons-DistantHorizons-com.seibel.distanthorizons.core.generation.BatchGenerator/]: Batch Chunk Generator initialized
[25Dec2025 17:20:00.669] [DH-Request Module Ticker [minecraft:overworld] Thread[0]/INFO] [DistantHorizons-DistantHorizons-com.seibel.distanthorizons.core.generation.WorldGenerationQueue/]: Creating world gen queue
[25Dec2025 17:20:00.669] [DH-Request Module Ticker [minecraft:overworld] Thread[0]/INFO] [DistantHorizons-DistantHorizons-com.seibel.distanthorizons.core.generation.WorldGenerationQueue/]: Created world gen queue
[25Dec2025 17:20:00.669] [DH-Request Module Ticker [minecraft:overworld] Thread[0]/INFO] [DistantHorizons-DistantHorizons-com.seibel.distanthorizons.core.file.fullDatafile.GeneratedFullDataSourceProvider/]: Set world gen queue for level [minecraft:overworld].
[25Dec2025 17:20:00.893] [Render thread/INFO] [DistantHorizons-DistantHorizons-com.seibel.distanthorizons.neoforge.NeoforgeClientProxy/]: level load
[25Dec2025 17:20:00.893] [Render thread/INFO] [DistantHorizons-DistantHorizons-com.seibel.distanthorizons.core.api.internal.ClientApi/]: Loading client level [Wrapped{ClientLevel@1jcv1mc2lmmue@minecraft:overworld}]-[1jcv1mc2lmmue@minecraft:overworld].
[25Dec2025 17:20:00.894] [Render thread/INFO] [DistantHorizons-DistantHorizons-com.seibel.distanthorizons.core.api.internal.ClientApi/]: Loaded [0] waiting chunk wrappers.
[25Dec2025 17:20:01.162] [Render thread/INFO] [DistantHorizons-DistantHorizons-com.seibel.distanthorizons.core.api.internal.ClientApi/]: Loading client level [Wrapped{ClientLevel@1jcv1mc2lmmue@minecraft:overworld}]-[1jcv1mc2lmmue@minecraft:overworld].
[25Dec2025 17:20:01.163] [Render thread/INFO] [DistantHorizons-DistantHorizons-com.seibel.distanthorizons.core.api.internal.ClientApi/]: Loaded [0] waiting chunk wrappers.
[25Dec2025 17:20:01.184] [Render thread/INFO] [EMI/]: [EMI] Tags synchronized, reloading EMI
[25Dec2025 17:20:01.184] [Render thread/INFO] [EMI/]: [EMI] Starting Reload
[25Dec2025 17:20:01.184] [Thread-83/INFO] [EMI/]: [EMI] Starting EMI reload...
[25Dec2025 17:20:01.185] [Thread-83/INFO] [EMI/]: [EMI] Clearing data
[25Dec2025 17:20:01.191] [Thread-83/INFO] [EMI/]: [EMI] Initializing plugin from emi
[25Dec2025 17:20:01.191] [Thread-83/INFO] [EMI/]: [EMI] Initialized plugin from emi in 0ms
[25Dec2025 17:20:01.191] [Thread-83/INFO] [EMI/]: [EMI] Initializing plugin from sophisticatedcore
[25Dec2025 17:20:01.191] [Thread-83/INFO] [EMI/]: [EMI] Initialized plugin from sophisticatedcore in 0ms
[25Dec2025 17:20:01.191] [Thread-83/INFO] [EMI/]: [EMI] Initializing plugin from sophisticatedbackpacks
[25Dec2025 17:20:01.191] [Thread-83/INFO] [EMI/]: [EMI] Initialized plugin from sophisticatedbackpacks in 0ms
[25Dec2025 17:20:01.191] [Thread-83/INFO] [EMI/]: [EMI] Initializing plugin from curios
[25Dec2025 17:20:01.191] [Thread-83/INFO] [EMI/]: [EMI] Initialized plugin from curios in 0ms
[25Dec2025 17:20:01.191] [Thread-83/INFO] [EMI/]: [EMI] Initializing plugin from computercraft
[25Dec2025 17:20:01.191] [Thread-83/INFO] [EMI/]: [EMI] Initialized plugin from computercraft in 0ms
[25Dec2025 17:20:01.191] [Thread-83/INFO] [EMI/]: [EMI] Initializing plugin from mekanism
[25Dec2025 17:20:01.191] [Thread-83/INFO] [EMI/]: [EMI] Initialized plugin from mekanism in 0ms
[25Dec2025 17:20:01.191] [Thread-83/INFO] [EMI/]: [EMI] Initializing plugin from mekanismgenerators
[25Dec2025 17:20:01.191] [Thread-83/INFO] [EMI/]: [EMI] Initialized plugin from mekanismgenerators in 0ms
[25Dec2025 17:20:01.191] [Thread-83/INFO] [EMI/]: [EMI] Initializing plugin from jeimultiblocks
[25Dec2025 17:20:01.191] [Thread-83/INFO] [EMI/]: [EMI] Initialized plugin from jeimultiblocks in 0ms
[25Dec2025 17:20:01.191] [Thread-83/INFO] [EMI/]: [EMI] Initializing plugin from ae2
[25Dec2025 17:20:01.191] [Thread-83/INFO] [EMI/]: [EMI] Initialized plugin from ae2 in 0ms
[25Dec2025 17:20:01.191] [Thread-83/INFO] [EMI/]: [EMI] Initializing plugin from ae2wtlib
[25Dec2025 17:20:01.191] [Thread-83/INFO] [EMI/]: [EMI] Initialized plugin from ae2wtlib in 0ms
[25Dec2025 17:20:01.191] [Thread-83/INFO] [EMI/]: [EMI] Initializing plugin from extendedae
[25Dec2025 17:20:01.191] [Thread-83/INFO] [EMI/]: [EMI] Initialized plugin from extendedae in 0ms
[25Dec2025 17:20:01.191] [Thread-83/INFO] [EMI/]: [EMI] Initializing plugin from advanced_ae
[25Dec2025 17:20:01.191] [Thread-83/INFO] [EMI/]: [EMI] Initialized plugin from advanced_ae in 0ms
[25Dec2025 17:20:01.191] [Thread-83/INFO] [EMI/]: [EMI] Initializing plugin from appmek
[25Dec2025 17:20:01.191] [Thread-83/INFO] [EMI/]: [EMI] Initialized plugin from appmek in 0ms
[25Dec2025 17:20:01.191] [Thread-83/INFO] [EMI/]: [EMI] Processing tags
[25Dec2025 17:20:01.194] [Render thread/INFO] [snownee.jade.Jade/]: Received config from the server: 
[25Dec2025 17:20:01.199] [Render thread/INFO] [net.minecraft.advancements.AdvancementTree/]: Loaded 91 advancements
[25Dec2025 17:20:01.210] [Thread-83/INFO] [EMI/]: [EMI] Constructing index
[25Dec2025 17:20:01.215] [Thread-83/INFO] [EMI/]: [EMI] Reloading item groups on client thread...
[25Dec2025 17:20:01.427] [Thread-83/INFO] [EMI/]: [EMI] Reloading item groups on client thread took 212ms
[25Dec2025 17:20:01.441] [Thread-83/INFO] [EMI/]: [EMI] Loading plugin from emi
[25Dec2025 17:20:01.694] [Thread-83/INFO] [EMI/]: [EMI] Reloaded plugin from emi in 253ms
[25Dec2025 17:20:01.694] [Thread-83/INFO] [EMI/]: [EMI] Loading plugin from sophisticatedcore
[25Dec2025 17:20:01.694] [Thread-83/INFO] [EMI/]: [EMI] Reloaded plugin from sophisticatedcore in 0ms
[25Dec2025 17:20:01.694] [Thread-83/INFO] [EMI/]: [EMI] Loading plugin from sophisticatedbackpacks
[25Dec2025 17:20:01.694] [Thread-83/INFO] [EMI/]: [EMI] Reloaded plugin from sophisticatedbackpacks in 0ms
[25Dec2025 17:20:01.694] [Thread-83/INFO] [EMI/]: [EMI] Loading plugin from curios
[25Dec2025 17:20:01.694] [Thread-83/INFO] [EMI/]: [EMI] Reloaded plugin from curios in 0ms
[25Dec2025 17:20:01.694] [Thread-83/INFO] [EMI/]: [EMI] Loading plugin from computercraft
[25Dec2025 17:20:01.694] [Thread-83/INFO] [EMI/]: [EMI] Reloaded plugin from computercraft in 0ms
[25Dec2025 17:20:01.694] [Thread-83/INFO] [EMI/]: [EMI] Loading plugin from mekanism
[25Dec2025 17:20:01.715] [Thread-83/INFO] [EMI/]: [EMI] Reloaded plugin from mekanism in 21ms
[25Dec2025 17:20:01.715] [Thread-83/INFO] [EMI/]: [EMI] Loading plugin from mekanismgenerators
[25Dec2025 17:20:01.715] [Thread-83/INFO] [EMI/]: [EMI] Reloaded plugin from mekanismgenerators in 0ms
[25Dec2025 17:20:01.715] [Thread-83/INFO] [EMI/]: [EMI] Loading plugin from jeimultiblocks
[25Dec2025 17:20:01.716] [Thread-83/INFO] [EMI/]: [EMI] Reloaded plugin from jeimultiblocks in 1ms
[25Dec2025 17:20:01.716] [Thread-83/INFO] [EMI/]: [EMI] Loading plugin from ae2
[25Dec2025 17:20:01.721] [Thread-83/INFO] [EMI/]: [EMI] Reloaded plugin from ae2 in 5ms
[25Dec2025 17:20:01.721] [Thread-83/INFO] [EMI/]: [EMI] Loading plugin from ae2wtlib
[25Dec2025 17:20:01.721] [Thread-83/INFO] [EMI/]: [EMI] Reloaded plugin from ae2wtlib in 0ms
[25Dec2025 17:20:01.721] [Thread-83/INFO] [EMI/]: [EMI] Loading plugin from extendedae
[25Dec2025 17:20:01.722] [Thread-83/INFO] [EMI/]: [EMI] Reloaded plugin from extendedae in 0ms
[25Dec2025 17:20:01.722] [Thread-83/INFO] [EMI/]: [EMI] Loading plugin from advanced_ae
[25Dec2025 17:20:01.722] [Thread-83/INFO] [EMI/]: [EMI] Reloaded plugin from advanced_ae in 0ms
[25Dec2025 17:20:01.722] [Thread-83/INFO] [EMI/]: [EMI] Loading plugin from appmek
[25Dec2025 17:20:01.722] [Thread-83/INFO] [EMI/]: [EMI] Reloaded plugin from appmek in 0ms
[25Dec2025 17:20:01.722] [Thread-83/INFO] [EMI/]: [EMI] Baking index
[25Dec2025 17:20:01.801] [Thread-83/INFO] [EMI/]: [EMI] Registering late recipes
[25Dec2025 17:20:01.809] [Thread-83/INFO] [EMI/]: [EMI] Baking recipes
[25Dec2025 17:20:01.915] [Thread-83/INFO] [EMI/]: [EMI] Baked 13946 recipes in 106ms
[25Dec2025 17:20:01.922] [Thread-83/INFO] [EMI/]: [EMI] Baking search
[25Dec2025 17:20:02.001] [Thread-84/INFO] [EMI/]: [EMI] Baked recipes after reload in 86ms
[25Dec2025 17:20:02.338] [Thread-83/INFO] [EMI/]: [EMI] Finishing up
[25Dec2025 17:20:02.338] [Thread-83/INFO] [EMI/]: [EMI] Reloaded EMI in 1153ms
[25Dec2025 17:20:02.379] [Render thread/INFO] [DistantHorizons-DistantHorizons-com.seibel.distanthorizons.core.render.glObject.shader.Shader/]: Loading shader with type: [35633]
[25Dec2025 17:20:02.379] [Render thread/INFO] [DistantHorizons-DistantHorizons-com.seibel.distanthorizons.core.render.glObject.shader.Shader/]: Shader loaded sucessfully.
[25Dec2025 17:20:02.379] [Render thread/INFO] [DistantHorizons-DistantHorizons-com.seibel.distanthorizons.core.render.glObject.shader.Shader/]: Loading shader with type: [35632]
[25Dec2025 17:20:02.380] [Render thread/INFO] [DistantHorizons-DistantHorizons-com.seibel.distanthorizons.core.render.glObject.shader.Shader/]: Shader loaded sucessfully.
[25Dec2025 17:20:02.380] [Render thread/INFO] [DistantHorizons-DistantHorizons-com.seibel.distanthorizons.core.render.glObject.vertexAttribute.VertexAttributePostGL43/]: Vertex Attribute (GL43+) completed. It contains 1 binding points and a stride size of 12
[25Dec2025 17:20:02.380] [Render thread/INFO] [DistantHorizons-DistantHorizons-com.seibel.distanthorizons.core.render.glObject.shader.Shader/]: Loading shader with type: [35633]
[25Dec2025 17:20:02.380] [Render thread/INFO] [DistantHorizons-DistantHorizons-com.seibel.distanthorizons.core.render.glObject.shader.Shader/]: Shader loaded sucessfully.
[25Dec2025 17:20:02.380] [Render thread/INFO] [DistantHorizons-DistantHorizons-com.seibel.distanthorizons.core.render.glObject.shader.Shader/]: Loading shader with type: [35632]
[25Dec2025 17:20:02.380] [Render thread/INFO] [DistantHorizons-DistantHorizons-com.seibel.distanthorizons.core.render.glObject.shader.Shader/]: Shader loaded sucessfully.
[25Dec2025 17:20:02.380] [Render thread/INFO] [DistantHorizons-DistantHorizons-com.seibel.distanthorizons.core.render.glObject.vertexAttribute.VertexAttributePostGL43/]: Vertex Attribute (GL43+) completed. It contains 1 binding points and a stride size of 12
[25Dec2025 17:20:02.413] [Render thread/INFO] [net.minecraft.advancements.AdvancementTree/]: Loaded 101 advancements
[25Dec2025 17:21:18.843] [Server thread/INFO] [net.minecraft.server.MinecraftServer/]: wasabi has made the advancement [Network Aesthetics]
[25Dec2025 17:21:18.849] [Render thread/INFO] [net.minecraft.client.gui.components.ChatComponent/]: [System] [CHAT] wasabi has made the advancement [Network Aesthetics]
[25Dec2025 17:21:18.883] [Render thread/INFO] [net.minecraft.advancements.AdvancementTree/]: Loaded 107 advancements
[25Dec2025 17:21:38.695] [Render thread/INFO] [net.minecraft.advancements.AdvancementTree/]: Loaded 121 advancements
[25Dec2025 17:22:50.393] [Render thread/INFO] [net.minecraft.advancements.AdvancementTree/]: Loaded 123 advancements
[25Dec2025 17:28:46.082] [Render thread/INFO] [net.minecraft.advancements.AdvancementTree/]: Loaded 128 advancements
[25Dec2025 17:48:07.934] [Render thread/INFO] [net.minecraft.advancements.AdvancementTree/]: Loaded 132 advancements
[25Dec2025 17:48:34.574] [Server thread/INFO] [net.minecraft.client.server.IntegratedServer/]: Saving and pausing game...
[25Dec2025 17:48:34.583] [Server thread/INFO] [net.minecraft.server.MinecraftServer/]: Saving chunks for level 'ServerLevel[TEST]'/minecraft:overworld
[25Dec2025 17:48:34.588] [Server thread/INFO] [net.minecraft.server.MinecraftServer/]: Saving chunks for level 'ServerLevel[TEST]'/minecraft:the_nether
[25Dec2025 17:48:34.588] [Server thread/INFO] [net.minecraft.server.MinecraftServer/]: Saving chunks for level 'ServerLevel[TEST]'/minecraft:the_end
[25Dec2025 17:48:34.588] [Server thread/INFO] [net.minecraft.server.MinecraftServer/]: Saving chunks for level 'ServerLevel[TEST]'/ae2:spatial_storage
[25Dec2025 17:49:26.274] [Server thread/INFO] [net.minecraft.client.server.IntegratedServer/]: Saving and pausing game...
[25Dec2025 17:49:26.284] [Server thread/INFO] [net.minecraft.server.MinecraftServer/]: Saving chunks for level 'ServerLevel[TEST]'/minecraft:overworld
[25Dec2025 17:49:26.288] [Server thread/INFO] [net.minecraft.server.MinecraftServer/]: Saving chunks for level 'ServerLevel[TEST]'/minecraft:the_nether
[25Dec2025 17:49:26.288] [Server thread/INFO] [net.minecraft.server.MinecraftServer/]: Saving chunks for level 'ServerLevel[TEST]'/minecraft:the_end
[25Dec2025 17:49:26.288] [Server thread/INFO] [net.minecraft.server.MinecraftServer/]: Saving chunks for level 'ServerLevel[TEST]'/ae2:spatial_storage
[25Dec2025 17:49:40.124] [Server thread/INFO] [net.minecraft.client.server.IntegratedServer/]: Saving and pausing game...
[25Dec2025 17:49:40.134] [Server thread/INFO] [net.minecraft.server.MinecraftServer/]: Saving chunks for level 'ServerLevel[TEST]'/minecraft:overworld
[25Dec2025 17:49:40.137] [Server thread/INFO] [net.minecraft.server.MinecraftServer/]: Saving chunks for level 'ServerLevel[TEST]'/minecraft:the_nether
[25Dec2025 17:49:40.137] [Server thread/INFO] [net.minecraft.server.MinecraftServer/]: Saving chunks for level 'ServerLevel[TEST]'/minecraft:the_end
[25Dec2025 17:49:40.137] [Server thread/INFO] [net.minecraft.server.MinecraftServer/]: Saving chunks for level 'ServerLevel[TEST]'/ae2:spatial_storage
[25Dec2025 17:50:24.274] [Server thread/INFO] [net.minecraft.client.server.IntegratedServer/]: Saving and pausing game...
[25Dec2025 17:50:24.285] [Server thread/INFO] [net.minecraft.server.MinecraftServer/]: Saving chunks for level 'ServerLevel[TEST]'/minecraft:overworld
[25Dec2025 17:50:24.288] [Server thread/INFO] [net.minecraft.server.MinecraftServer/]: Saving chunks for level 'ServerLevel[TEST]'/minecraft:the_nether
[25Dec2025 17:50:24.288] [Server thread/INFO] [net.minecraft.server.MinecraftServer/]: Saving chunks for level 'ServerLevel[TEST]'/minecraft:the_end
[25Dec2025 17:50:24.288] [Server thread/INFO] [net.minecraft.server.MinecraftServer/]: Saving chunks for level 'ServerLevel[TEST]'/ae2:spatial_storage
[25Dec2025 17:51:24.324] [Server thread/INFO] [net.minecraft.client.server.IntegratedServer/]: Saving and pausing game...
[25Dec2025 17:51:24.334] [Server thread/INFO] [net.minecraft.server.MinecraftServer/]: Saving chunks for level 'ServerLevel[TEST]'/minecraft:overworld
[25Dec2025 17:51:24.336] [Server thread/INFO] [net.minecraft.server.MinecraftServer/]: Saving chunks for level 'ServerLevel[TEST]'/minecraft:the_nether
[25Dec2025 17:51:24.336] [Server thread/INFO] [net.minecraft.server.MinecraftServer/]: Saving chunks for level 'ServerLevel[TEST]'/minecraft:the_end
[25Dec2025 17:51:24.336] [Server thread/INFO] [net.minecraft.server.MinecraftServer/]: Saving chunks for level 'ServerLevel[TEST]'/ae2:spatial_storage
[25Dec2025 18:11:18.839] [Server thread/INFO] [AE2:S/]: Assigning ME player id 1 to Minecraft profile de1f4acd-d41a-3754-b0df-ccd547d37db8 (wasabi)
[25Dec2025 18:17:24.103] [Server thread/INFO] [net.minecraft.server.MinecraftServer/]: [wasabi: Set the weather to clear]
[25Dec2025 18:17:24.104] [Render thread/INFO] [net.minecraft.client.gui.components.ChatComponent/]: [System] [CHAT] Set the weather to clear
[25Dec2025 18:18:24.659] [Server thread/INFO] [net.minecraft.server.MinecraftServer/]: wasabi has made the advancement [Networking Switchboard]
[25Dec2025 18:18:24.666] [Render thread/INFO] [net.minecraft.client.gui.components.ChatComponent/]: [System] [CHAT] wasabi has made the advancement [Networking Switchboard]
[25Dec2025 18:18:24.682] [Render thread/INFO] [net.minecraft.advancements.AdvancementTree/]: Loaded 140 advancements
[25Dec2025 18:31:43.524] [Server thread/INFO] [net.minecraft.client.server.IntegratedServer/]: Saving and pausing game...
[25Dec2025 18:31:43.534] [Server thread/INFO] [net.minecraft.server.MinecraftServer/]: Saving chunks for level 'ServerLevel[TEST]'/minecraft:overworld
[25Dec2025 18:31:43.537] [Server thread/INFO] [net.minecraft.server.MinecraftServer/]: Saving chunks for level 'ServerLevel[TEST]'/minecraft:the_nether
[25Dec2025 18:31:43.537] [Server thread/INFO] [net.minecraft.server.MinecraftServer/]: Saving chunks for level 'ServerLevel[TEST]'/minecraft:the_end
[25Dec2025 18:31:43.537] [Server thread/INFO] [net.minecraft.server.MinecraftServer/]: Saving chunks for level 'ServerLevel[TEST]'/ae2:spatial_storage
[25Dec2025 18:32:36.286] [Render thread/INFO] [net.minecraft.advancements.AdvancementTree/]: Loaded 142 advancements
[25Dec2025 18:32:46.188] [Render thread/INFO] [net.minecraft.advancements.AdvancementTree/]: Loaded 143 advancements
[25Dec2025 18:33:28.285] [Render thread/INFO] [net.minecraft.advancements.AdvancementTree/]: Loaded 144 advancements
[25Dec2025 18:33:50.031] [Render thread/INFO] [net.minecraft.advancements.AdvancementTree/]: Loaded 145 advancements
[25Dec2025 18:33:51.737] [Render thread/INFO] [net.minecraft.advancements.AdvancementTree/]: Loaded 146 advancements
[25Dec2025 18:36:30.790] [Server thread/INFO] [net.minecraft.server.MinecraftServer/]: wasabi has made the advancement [Birds on a Wire]
[25Dec2025 18:36:30.799] [Render thread/INFO] [net.minecraft.client.gui.components.ChatComponent/]: [System] [CHAT] wasabi has made the advancement [Birds on a Wire]
[25Dec2025 18:36:30.832] [Render thread/INFO] [net.minecraft.advancements.AdvancementTree/]: Loaded 152 advancements
[25Dec2025 18:37:17.639] [Render thread/INFO] [net.minecraft.advancements.AdvancementTree/]: Loaded 154 advancements
[25Dec2025 18:50:07.974] [Server thread/INFO] [net.minecraft.client.server.IntegratedServer/]: Saving and pausing game...
[25Dec2025 18:50:07.984] [Server thread/INFO] [net.minecraft.server.MinecraftServer/]: Saving chunks for level 'ServerLevel[TEST]'/minecraft:overworld
[25Dec2025 18:50:07.987] [Server thread/INFO] [net.minecraft.server.MinecraftServer/]: Saving chunks for level 'ServerLevel[TEST]'/minecraft:the_nether
[25Dec2025 18:50:07.987] [Server thread/INFO] [net.minecraft.server.MinecraftServer/]: Saving chunks for level 'ServerLevel[TEST]'/minecraft:the_end
[25Dec2025 18:50:07.987] [Server thread/INFO] [net.minecraft.server.MinecraftServer/]: Saving chunks for level 'ServerLevel[TEST]'/ae2:spatial_storage
[25Dec2025 18:52:29.474] [Server thread/INFO] [net.minecraft.client.server.IntegratedServer/]: Saving and pausing game...
[25Dec2025 18:52:29.483] [Server thread/INFO] [net.minecraft.server.MinecraftServer/]: Saving chunks for level 'ServerLevel[TEST]'/minecraft:overworld
[25Dec2025 18:52:29.486] [Server thread/INFO] [net.minecraft.server.MinecraftServer/]: Saving chunks for level 'ServerLevel[TEST]'/minecraft:the_nether
[25Dec2025 18:52:29.486] [Server thread/INFO] [net.minecraft.server.MinecraftServer/]: Saving chunks for level 'ServerLevel[TEST]'/minecraft:the_end
[25Dec2025 18:52:29.486] [Server thread/INFO] [net.minecraft.server.MinecraftServer/]: Saving chunks for level 'ServerLevel[TEST]'/ae2:spatial_storage
[25Dec2025 18:57:51.927] [Server thread/WARN] [codechicken.multipart.util.MultipartLoadHandler/]: TileNBTContainer at 'BlockPos{x=20, y=171, z=1}' still exists after 600 ticks! Deleting..
[25Dec2025 18:57:51.977] [Server thread/WARN] [codechicken.multipart.util.MultipartLoadHandler/]: TileNBTContainer at 'BlockPos{x=20, y=171, z=2}' still exists after 600 ticks! Deleting..
[25Dec2025 18:57:52.027] [Server thread/WARN] [codechicken.multipart.util.MultipartLoadHandler/]: TileNBTContainer at 'BlockPos{x=20, y=171, z=3}' still exists after 600 ticks! Deleting..
[25Dec2025 18:57:52.528] [Server thread/WARN] [codechicken.multipart.util.MultipartLoadHandler/]: TileNBTContainer at 'BlockPos{x=20, y=170, z=3}' still exists after 600 ticks! Deleting..
[25Dec2025 18:57:52.578] [Server thread/WARN] [codechicken.multipart.util.MultipartLoadHandler/]: TileNBTContainer at 'BlockPos{x=20, y=169, z=3}' still exists after 600 ticks! Deleting..
[25Dec2025 18:57:56.477] [Server thread/WARN] [codechicken.multipart.util.MultipartLoadHandler/]: TileNBTContainer at 'BlockPos{x=20, y=171, z=4}' still exists after 600 ticks! Deleting..
[25Dec2025 18:58:41.924] [Server thread/INFO] [net.minecraft.client.server.IntegratedServer/]: Saving and pausing game...
[25Dec2025 18:58:41.931] [Server thread/INFO] [net.minecraft.server.MinecraftServer/]: Saving chunks for level 'ServerLevel[TEST]'/minecraft:overworld
[25Dec2025 18:58:41.934] [Server thread/INFO] [net.minecraft.server.MinecraftServer/]: Saving chunks for level 'ServerLevel[TEST]'/minecraft:the_nether
[25Dec2025 18:58:41.934] [Server thread/INFO] [net.minecraft.server.MinecraftServer/]: Saving chunks for level 'ServerLevel[TEST]'/minecraft:the_end
[25Dec2025 18:58:41.934] [Server thread/INFO] [net.minecraft.server.MinecraftServer/]: Saving chunks for level 'ServerLevel[TEST]'/ae2:spatial_storage
[25Dec2025 19:02:14.474] [Server thread/INFO] [net.minecraft.client.server.IntegratedServer/]: Saving and pausing game...
[25Dec2025 19:02:14.482] [Server thread/INFO] [net.minecraft.server.MinecraftServer/]: Saving chunks for level 'ServerLevel[TEST]'/minecraft:overworld
[25Dec2025 19:02:14.486] [Server thread/INFO] [net.minecraft.server.MinecraftServer/]: Saving chunks for level 'ServerLevel[TEST]'/minecraft:the_nether
[25Dec2025 19:02:14.486] [Server thread/INFO] [net.minecraft.server.MinecraftServer/]: Saving chunks for level 'ServerLevel[TEST]'/minecraft:the_end
[25Dec2025 19:02:14.486] [Server thread/INFO] [net.minecraft.server.MinecraftServer/]: Saving chunks for level 'ServerLevel[TEST]'/ae2:spatial_storage
[25Dec2025 19:02:15.399] [Render thread/INFO] [EMI/]: [EMI] Disconnecting from server, EMI data cleared
[25Dec2025 19:02:15.399] [Render thread/INFO] [DistantHorizons-DistantHorizons-com.seibel.distanthorizons.core.api.internal.ClientApi/]: Client on ClientOnly mode disconnecting.
[25Dec2025 19:02:15.399] [Thread-167/INFO] [EMI/]: [EMI] Clearing data
[25Dec2025 19:02:15.399] [level shutdown/INFO] [DistantHorizons-DistantHorizons-com.seibel.distanthorizons.core.level.ClientLevelModule$ClientRenderState/]: Shutting down ClientRenderState
[25Dec2025 19:02:15.399] [level shutdown/INFO] [DistantHorizons-DistantHorizons-com.seibel.distanthorizons.core.render.LodQuadTree/]: Shutting down LodQuadTree...
[25Dec2025 19:02:15.399] [level shutdown/INFO] [DistantHorizons-DistantHorizons-com.seibel.distanthorizons.core.level.AbstractDhServerLevel/]: Closed DHLevel for [Wrapped{ServerLevel[TEST]@ae2:spatial_storage}].
[25Dec2025 19:02:15.399] [level shutdown/INFO] [DistantHorizons-DistantHorizons-com.seibel.distanthorizons.core.render.LodQuadTree/]: Finished shutting down LodQuadTree
[25Dec2025 19:02:15.399] [level shutdown/INFO] [DistantHorizons-DistantHorizons-com.seibel.distanthorizons.core.level.AbstractDhServerLevel/]: Closed DhClientServerLevel for Wrapped{ServerLevel[TEST]@ae2:spatial_storage}
[25Dec2025 19:02:15.399] [level shutdown/INFO] [DistantHorizons-DistantHorizons-com.seibel.distanthorizons.core.generation.WorldGenerationQueue/]: Closing world gen queue
[25Dec2025 19:02:15.399] [level shutdown/INFO] [DistantHorizons-DistantHorizons-com.seibel.distanthorizons.core.level.AbstractDhServerLevel/]: Closed DHLevel for [Wrapped{ServerLevel[TEST]@minecraft:the_nether}].
[25Dec2025 19:02:15.399] [level shutdown/INFO] [DistantHorizons-DistantHorizons-com.seibel.distanthorizons.core.generation.WorldGenerationQueue/]: Closing WorldGenerationQueue...
[25Dec2025 19:02:15.399] [level shutdown/INFO] [DistantHorizons-DistantHorizons-com.seibel.distanthorizons.core.generation.WorldGenerationQueue/]: Shutting down world generator thread pool...
[25Dec2025 19:02:15.399] [level shutdown/INFO] [DistantHorizons-DistantHorizons-com.seibel.distanthorizons.core.level.AbstractDhServerLevel/]: Closed DHLevel for [Wrapped{ServerLevel[TEST]@minecraft:the_end}].
[25Dec2025 19:02:15.399] [level shutdown/INFO] [DistantHorizons-DistantHorizons-com.seibel.distanthorizons.core.level.AbstractDhServerLevel/]: Closed DhClientServerLevel for Wrapped{ServerLevel[TEST]@minecraft:the_nether}
[25Dec2025 19:02:15.399] [level shutdown/INFO] [DistantHorizons-DistantHorizons-com.seibel.distanthorizons.core.generation.WorldGenerationQueue/]: World generator thread pool shutdown with [0] incomplete tasks.
[25Dec2025 19:02:15.399] [level shutdown/INFO] [DistantHorizons-DistantHorizons-com.seibel.distanthorizons.core.generation.BatchGenerator/]: [BatchGenerator] shutting down...
[25Dec2025 19:02:15.399] [level shutdown/INFO] [DistantHorizons-LOD World Gen/]: Closing [BatchGenerationEnvironment]
[25Dec2025 19:02:15.399] [level shutdown/INFO] [DistantHorizons-DistantHorizons-com.seibel.distanthorizons.core.level.AbstractDhServerLevel/]: Closed DhClientServerLevel for Wrapped{ServerLevel[TEST]@minecraft:the_end}
[25Dec2025 19:02:15.415] [level shutdown/INFO] [DistantHorizons-DistantHorizons-com.seibel.distanthorizons.core.generation.WorldGenerationQueue/]: Finished closing WorldGenerationQueue
[25Dec2025 19:02:15.415] [level shutdown/INFO] [DistantHorizons-DistantHorizons-com.seibel.distanthorizons.core.level.AbstractDhServerLevel/]: Closed DHLevel for [Wrapped{ServerLevel[TEST]@minecraft:overworld}].
[25Dec2025 19:02:15.415] [level shutdown/INFO] [DistantHorizons-DistantHorizons-com.seibel.distanthorizons.core.level.AbstractDhServerLevel/]: Closed DhClientServerLevel for Wrapped{ServerLevel[TEST]@minecraft:overworld}
[25Dec2025 19:02:15.415] [Render thread/INFO] [DistantHorizons-DistantHorizons-com.seibel.distanthorizons.core.world.AbstractDhWorld/]: Closed DhWorld of type [CLIENT_SERVER].
[25Dec2025 19:02:15.416] [level shutdown/INFO] [DistantHorizons-DistantHorizons-com.seibel.distanthorizons.core.level.AbstractDhServerLevel/]: Closed DHLevel for [Wrapped{ServerLevel[TEST]@minecraft:overworld}].
[25Dec2025 19:02:15.416] [level shutdown/INFO] [DistantHorizons-DistantHorizons-com.seibel.distanthorizons.core.level.AbstractDhServerLevel/]: Closed DHLevel for [Wrapped{ServerLevel[TEST]@ae2:spatial_storage}].
[25Dec2025 19:02:15.416] [level shutdown/INFO] [DistantHorizons-DistantHorizons-com.seibel.distanthorizons.core.level.AbstractDhServerLevel/]: Closed DHLevel for [Wrapped{ServerLevel[TEST]@minecraft:the_nether}].
[25Dec2025 19:02:15.416] [level shutdown/INFO] [DistantHorizons-DistantHorizons-com.seibel.distanthorizons.core.level.AbstractDhServerLevel/]: Closed DhClientServerLevel for Wrapped{ServerLevel[TEST]@minecraft:overworld}
[25Dec2025 19:02:15.416] [level shutdown/INFO] [DistantHorizons-DistantHorizons-com.seibel.distanthorizons.core.level.AbstractDhServerLevel/]: Closed DhClientServerLevel for Wrapped{ServerLevel[TEST]@ae2:spatial_storage}
[25Dec2025 19:02:15.416] [level shutdown/INFO] [DistantHorizons-DistantHorizons-com.seibel.distanthorizons.core.level.AbstractDhServerLevel/]: Closed DhClientServerLevel for Wrapped{ServerLevel[TEST]@minecraft:the_nether}
[25Dec2025 19:02:15.416] [level shutdown/INFO] [DistantHorizons-DistantHorizons-com.seibel.distanthorizons.core.level.AbstractDhServerLevel/]: Closed DHLevel for [Wrapped{ServerLevel[TEST]@minecraft:the_end}].
[25Dec2025 19:02:15.416] [level shutdown/INFO] [DistantHorizons-DistantHorizons-com.seibel.distanthorizons.core.level.AbstractDhServerLevel/]: Closed DhClientServerLevel for Wrapped{ServerLevel[TEST]@minecraft:the_end}
[25Dec2025 19:02:15.416] [Render thread/INFO] [DistantHorizons-DistantHorizons-com.seibel.distanthorizons.core.world.AbstractDhWorld/]: Closed DhWorld of type [CLIENT_SERVER].
[25Dec2025 19:02:15.416] [Render thread/INFO] [DistantHorizons-DistantHorizons-com.seibel.distanthorizons.core.util.threading.PriorityTaskPicker/]: Shutting down PriorityTaskPicker thread pool...
[25Dec2025 19:02:15.417] [Render thread/INFO] [DistantHorizons-DistantHorizons-com.seibel.distanthorizons.core.sql.repo.AbstractDhRepo/]: Closing all [8] database connections...
[25Dec2025 19:02:15.417] [Render thread/INFO] [DistantHorizons-DistantHorizons-com.seibel.distanthorizons.core.sql.repo.AbstractDhRepo/]: Closing database connection: [jdbc:dh_sqlite:/home/wasabi/workspace/Games/Crystal-Launcher/instances/u.aiki/.minecraft/saves/TEST/DIM-1/data/DistantHorizons.sqlite]
[25Dec2025 19:02:15.420] [Render thread/INFO] [DistantHorizons-DistantHorizons-com.seibel.distanthorizons.core.sql.repo.AbstractDhRepo/]: Closing database connection: [jdbc:dh_sqlite:/home/wasabi/workspace/Games/Crystal-Launcher/instances/u.aiki/.minecraft/saves/TEST/dimensions/ae2/spatial_storage/data/DistantHorizons.sqlite]
[25Dec2025 19:02:15.424] [Render thread/INFO] [DistantHorizons-DistantHorizons-com.seibel.distanthorizons.core.sql.repo.AbstractDhRepo/]: Closing database connection: [jdbc:dh_sqlite:/home/wasabi/workspace/Games/Crystal-Launcher/instances/u.aiki/.minecraft/saves/TEST/data/DistantHorizons.sqlite]
[25Dec2025 19:02:15.428] [Render thread/INFO] [DistantHorizons-DistantHorizons-com.seibel.distanthorizons.core.sql.repo.AbstractDhRepo/]: Closing database connection: [jdbc:dh_sqlite:/home/wasabi/workspace/Games/Crystal-Launcher/instances/u.aiki/.minecraft/saves/TEST/DIM1/data/DistantHorizons.sqlite]
[25Dec2025 19:02:15.854] [Render thread/INFO] [DistantHorizons-DistantHorizons-com.seibel.distanthorizons.neoforge.NeoforgeClientProxy/]: level unload
[25Dec2025 19:02:15.854] [Render thread/INFO] [DistantHorizons-DistantHorizons-com.seibel.distanthorizons.core.api.internal.ClientApi/]: Unloading client level [ClientLevelWrapper]-[1jcv1mc2lmmue@minecraft:overworld].
[25Dec2025 19:02:15.878] [Server thread/INFO] [net.minecraft.server.network.ServerGamePacketListenerImpl/]: wasabi lost connection: Disconnected
[25Dec2025 19:02:15.878] [Server thread/INFO] [net.minecraft.server.MinecraftServer/]: wasabi left the game
[25Dec2025 19:02:15.878] [Server thread/INFO] [DistantHorizons-DistantHorizons-com.seibel.distanthorizons.core.api.internal.ServerApi/]: Player [wasabi] disconnected.
[25Dec2025 19:02:15.890] [Server thread/INFO] [net.minecraft.server.network.ServerCommonPacketListenerImpl/]: Stopping singleplayer server as player logged out
[25Dec2025 19:02:15.940] [Server thread/INFO] [net.minecraft.server.MinecraftServer/]: Stopping server
[25Dec2025 19:02:15.940] [Server thread/INFO] [net.minecraft.server.MinecraftServer/]: Saving players
[25Dec2025 19:02:15.940] [Server thread/INFO] [net.minecraft.server.MinecraftServer/]: Saving worlds
[25Dec2025 19:02:16.287] [Server thread/INFO] [net.minecraft.server.MinecraftServer/]: Saving chunks for level 'ServerLevel[TEST]'/minecraft:overworld
[25Dec2025 19:02:16.545] [Server thread/INFO] [net.minecraft.server.MinecraftServer/]: Saving chunks for level 'ServerLevel[TEST]'/minecraft:the_nether
[25Dec2025 19:02:16.550] [Server thread/INFO] [net.minecraft.server.MinecraftServer/]: Saving chunks for level 'ServerLevel[TEST]'/minecraft:the_end
[25Dec2025 19:02:16.555] [Server thread/INFO] [net.minecraft.server.MinecraftServer/]: Saving chunks for level 'ServerLevel[TEST]'/ae2:spatial_storage
[25Dec2025 19:02:16.569] [Server thread/INFO] [net.minecraft.server.MinecraftServer/]: ThreadedAnvilChunkStorage (TEST): All chunks are saved
[25Dec2025 19:02:16.569] [Server thread/INFO] [net.minecraft.server.MinecraftServer/]: ThreadedAnvilChunkStorage (DIM-1): All chunks are saved
[25Dec2025 19:02:16.569] [Server thread/INFO] [net.minecraft.server.MinecraftServer/]: ThreadedAnvilChunkStorage (DIM1): All chunks are saved
[25Dec2025 19:02:16.569] [Server thread/INFO] [net.minecraft.server.MinecraftServer/]: ThreadedAnvilChunkStorage (spatial_storage): All chunks are saved
[25Dec2025 19:02:16.569] [Server thread/INFO] [net.minecraft.server.MinecraftServer/]: ThreadedAnvilChunkStorage: All dimensions are saved
[25Dec2025 19:02:16.569] [Server thread/INFO] [DistantHorizons-DistantHorizons-com.seibel.distanthorizons.neoforge.NeoforgeClientProxy/]: level unload
[25Dec2025 19:02:17.083] [Server thread/INFO] [DistantHorizons-DistantHorizons-com.seibel.distanthorizons.neoforge.NeoforgeClientProxy/]: level unload
[25Dec2025 19:02:17.083] [Server thread/INFO] [DistantHorizons-DistantHorizons-com.seibel.distanthorizons.neoforge.NeoforgeClientProxy/]: level unload
[25Dec2025 19:02:17.083] [Server thread/INFO] [DistantHorizons-DistantHorizons-com.seibel.distanthorizons.neoforge.NeoforgeClientProxy/]: level unload
[25Dec2025 19:02:25.801] [Render thread/INFO] [net.minecraft.client.Minecraft/]: Stopping!
[25Dec2025 19:02:25.823] [Render thread/WARN] [DistantHorizons-DistantHorizons-com.seibel.distanthorizons.core.jar.updater.SelfUpdater/]: Failed to delete old jar using bootstrap method, doing backup 'Files.deleteOnExit()' method
java.io.IOException: Cannot run program ""/home/wasabi/workspace/Games/Crystal-Launcher/runtime/64_linux/jdk-21.0.2+13/bin/java"": error=2, No such file or directory
	at java.base/java.lang.ProcessBuilder.start(ProcessBuilder.java:1170) ~[?:?]
	at java.base/java.lang.ProcessBuilder.start(ProcessBuilder.java:1089) ~[?:?]
	at java.base/java.lang.Runtime.exec(Runtime.java:681) ~[?:?]
	at java.base/java.lang.Runtime.exec(Runtime.java:491) ~[?:?]
	at java.base/java.lang.Runtime.exec(Runtime.java:366) ~[?:?]
	at TRANSFORMER/distanthorizons@2.4.2-b/com.seibel.distanthorizons.core.jar.updater.SelfUpdater.onClose(SelfUpdater.java:488) ~[distand-horizons-2.4.2.jar%23253!/:?]
	at TRANSFORMER/minecraft@1.21.1/net.minecraft.client.Minecraft.handler$bal000$distanthorizons$close(Minecraft.java:7591) ~[client-1.21.1-20240808.144430-srg.jar%23234!/:?]
	at TRANSFORMER/minecraft@1.21.1/net.minecraft.client.Minecraft.close(Minecraft.java) ~[client-1.21.1-20240808.144430-srg.jar%23234!/:?]
	at TRANSFORMER/minecraft@1.21.1/net.minecraft.client.Minecraft.destroy(Minecraft.java:1094) ~[client-1.21.1-20240808.144430-srg.jar%23234!/:?]
	at TRANSFORMER/minecraft@1.21.1/net.minecraft.client.main.Main.main(Main.java:236) ~[client-1.21.1-20240808.144430-srg.jar%23234!/:?]
	at java.base/jdk.internal.reflect.DirectMethodHandleAccessor.invoke(DirectMethodHandleAccessor.java:103) ~[?:?]
	at java.base/java.lang.reflect.Method.invoke(Method.java:580) ~[?:?]
	at MC-BOOTSTRAP/fml_loader@4.0.42/net.neoforged.fml.loading.targets.CommonLaunchHandler.runTarget(CommonLaunchHandler.java:136) ~[loader-4.0.42.jar%2389!/:4.0]
	at MC-BOOTSTRAP/fml_loader@4.0.42/net.neoforged.fml.loading.targets.CommonLaunchHandler.clientService(CommonLaunchHandler.java:124) ~[loader-4.0.42.jar%2389!/:4.0]
	at MC-BOOTSTRAP/fml_loader@4.0.42/net.neoforged.fml.loading.targets.CommonClientLaunchHandler.runService(CommonClientLaunchHandler.java:32) ~[loader-4.0.42.jar%2389!/:4.0]
	at MC-BOOTSTRAP/fml_loader@4.0.42/net.neoforged.fml.loading.targets.CommonLaunchHandler.lambda$launchService$4(CommonLaunchHandler.java:118) ~[loader-4.0.42.jar%2389!/:4.0]
	at MC-BOOTSTRAP/cpw.mods.modlauncher@11.0.5/cpw.mods.modlauncher.LaunchServiceHandlerDecorator.launch(LaunchServiceHandlerDecorator.java:30) [modlauncher-11.0.5.jar%2394!/:?]
	at MC-BOOTSTRAP/cpw.mods.modlauncher@11.0.5/cpw.mods.modlauncher.LaunchServiceHandler.launch(LaunchServiceHandler.java:53) [modlauncher-11.0.5.jar%2394!/:?]
	at MC-BOOTSTRAP/cpw.mods.modlauncher@11.0.5/cpw.mods.modlauncher.LaunchServiceHandler.launch(LaunchServiceHandler.java:71) [modlauncher-11.0.5.jar%2394!/:?]
	at MC-BOOTSTRAP/cpw.mods.modlauncher@11.0.5/cpw.mods.modlauncher.Launcher.run(Launcher.java:103) [modlauncher-11.0.5.jar%2394!/:?]
	at MC-BOOTSTRAP/cpw.mods.modlauncher@11.0.5/cpw.mods.modlauncher.Launcher.main(Launcher.java:74) [modlauncher-11.0.5.jar%2394!/:?]
	at MC-BOOTSTRAP/cpw.mods.modlauncher@11.0.5/cpw.mods.modlauncher.BootstrapLaunchConsumer.accept(BootstrapLaunchConsumer.java:26) [modlauncher-11.0.5.jar%2394!/:?]
	at MC-BOOTSTRAP/cpw.mods.modlauncher@11.0.5/cpw.mods.modlauncher.BootstrapLaunchConsumer.accept(BootstrapLaunchConsumer.java:23) [modlauncher-11.0.5.jar%2394!/:?]
	at cpw.mods.bootstraplauncher@2.0.2/cpw.mods.bootstraplauncher.BootstrapLauncher.run(BootstrapLauncher.java:210) [bootstraplauncher-2.0.2.jar:?]
	at cpw.mods.bootstraplauncher@2.0.2/cpw.mods.bootstraplauncher.BootstrapLauncher.main(BootstrapLauncher.java:69) [bootstraplauncher-2.0.2.jar:?]
	at java.base/jdk.internal.reflect.DirectMethodHandleAccessor.invoke(DirectMethodHandleAccessor.java:103) ~[?:?]
	at java.base/java.lang.reflect.Method.invoke(Method.java:580) ~[?:?]
	at crystallauncher.MinecraftConstructor.run(MinecraftConstructor.java:29) [proxyserver.jar:?]
	at crystallauncher.MineClient.start(MineClient.java:201) [proxyserver.jar:?]
	at crystallauncher.MineClient.main(MineClient.java:42) [proxyserver.jar:?]
Caused by: java.io.IOException: error=2, No such file or directory
	at java.base/java.lang.ProcessImpl.forkAndExec(Native Method) ~[?:?]
	at java.base/java.lang.ProcessImpl.<init>(ProcessImpl.java:295) ~[?:?]
	at java.base/java.lang.ProcessImpl.start(ProcessImpl.java:225) ~[?:?]
	at java.base/java.lang.ProcessBuilder.start(ProcessBuilder.java:1126) ~[?:?]
	... 29 more
[25Dec2025 19:02:25.824] [Render thread/WARN] [DistantHorizons-DistantHorizons-com.seibel.distanthorizons.core.jar.updater.SelfUpdater/]: If the old Distant Horizons file didn't delete, delete it manually at [/home/wasabi/workspace/Games/Crystal-Launcher/instances/u.aiki/.minecraft/mods/distand-horizons-2.4.2.jar]
